USE databaseheaven;

DELETE FROM Oplata;
DELETE FROM Oddokowany;
DELETE FROM Zadokowany;
DELETE FROM Nadanie_Ladunku;
DELETE FROM Odbior_Ladunku;
DELETE FROM Kontrola_Celna;
DELETE FROM Przeladunek;
DELETE FROM Ladunek;
DELETE FROM Statek;
DELETE FROM Towar;
DELETE FROM Magazyn;
DELETE FROM Dok;
DELETE FROM Terminal;
DELETE FROM Typ_Ladunku;
DELETE FROM Port;
DELETE FROM Kontrahent;
DELETE FROM Kraj;
DELETE FROM Bledy_Operacji;
DELETE FROM Kody_Bledow;
DELETE FROM Uzytkownik;



SET IDENTITY_INSERT Kody_Bledow ON;
INSERT INTO Kody_Bledow (id_Kod_Bledu, kod_bledu, opis) VALUES(1, 1, 'blad dokowania - nie wszystkie ladunki przeszly pozytywna kontrole celna');
INSERT INTO Kody_Bledow (id_Kod_Bledu, kod_bledu, opis) VALUES(2, 2, 'blad dokowania - typ ladunkow na statku nie zgodny z typem terminala');
INSERT INTO Kody_Bledow (id_Kod_Bledu, kod_bledu, opis) VALUES(3, 3, 'blad dokowania - statek nie miesci sie w doku');
INSERT INTO Kody_Bledow (id_Kod_Bledu, kod_bledu, opis) VALUES(4, 4, 'blad dokowania - juz oddokowano');
INSERT INTO Kody_Bledow (id_Kod_Bledu, kod_bledu, opis) VALUES(5, 5, 'blad dokowania - nie mozna oddokowac, bo statek nie jest zadokowany');
INSERT INTO Kody_Bledow (id_Kod_Bledu, kod_bledu, opis) VALUES(6, 6, 'blad dokowania - nie mozna zadokowac, bo dok nie jest pusty');
INSERT INTO Kody_Bledow (id_Kod_Bledu, kod_bledu, opis) VALUES(7, 7, 'blad dokowania - juz zadokowano');
INSERT INTO Kody_Bledow (id_Kod_Bledu, kod_bledu, opis) VALUES(8, 8, 'blad przeladowania - ladunek nie przeszedl pozytywnej kontroli celnej');
INSERT INTO Kody_Bledow (id_Kod_Bledu, kod_bledu, opis) VALUES(9, 9, 'blad przeladowania - typ ladunku niezgodny z typem statku');
INSERT INTO Kody_Bledow (id_Kod_Bledu, kod_bledu, opis) VALUES(10, 10, 'blad przeladowania - typ ladunku niezgodny z typem magazynu');
INSERT INTO Kody_Bledow (id_Kod_Bledu, kod_bledu, opis) VALUES(11, 11, 'blad przeladowania - ladunek nie zmiesci sie na statku');
INSERT INTO Kody_Bledow (id_Kod_Bledu, kod_bledu, opis) VALUES(12, 12, 'blad przeladowania - ladunek nie zmiesci sie w magazynie');
INSERT INTO Kody_Bledow (id_Kod_Bledu, kod_bledu, opis) VALUES(13, 13, 'blad przeladowania - zrodlo i cel nie sa rozne lub proba dwukrotnego przeladowania w to samo miejsce');
SET IDENTITY_INSERT Kody_Bledow OFF;

SET IDENTITY_INSERT Uzytkownik ON;
INSERT INTO Uzytkownik (id_Uzytkownik, nazwa, funkcja, haslo) VALUES(1, 'AssA', 1, '4347d0f8ba661234a8eadc005e2e1d1b646c9682');
INSERT INTO Uzytkownik (id_Uzytkownik, nazwa, funkcja, haslo) VALUES(2, 'Port', 2, '062d8a9dec0fa507d19f3b3481b4980ca139455f');
INSERT INTO Uzytkownik (id_Uzytkownik, nazwa, funkcja, haslo) VALUES(3, 'Cargo', 3, 'e0d6ae5cf2a2d0c1075943593a36cc5377382a05');
INSERT INTO Uzytkownik (id_Uzytkownik, nazwa, funkcja, haslo) VALUES(4, 'Duty', 4, 'd1f30ba13f7633d895b69320b94ad2bac77f4b2c');
SET IDENTITY_INSERT Uzytkownik OFF;

SET IDENTITY_INSERT Typ_Ladunku ON;
INSERT INTO Typ_Ladunku (id_Typ_Ladunku, typ_Statku, nazwa_Typu_Ladunku, typ_Terminala, jednostka_Masy, jednostka_Objetosci) VALUES(1, 'Kontenerowiec', 'Kontenery', 'Kontenerowy', 't', 'm^3');
INSERT INTO Typ_Ladunku (id_Typ_Ladunku, typ_Statku, nazwa_Typu_Ladunku, typ_Terminala, jednostka_Masy, jednostka_Objetosci) VALUES(2, 'Tankowiec', 'Przetwory naftowe', 'Naftowy', 't', 'l');
INSERT INTO Typ_Ladunku (id_Typ_Ladunku, typ_Statku, nazwa_Typu_Ladunku, typ_Terminala, jednostka_Masy, jednostka_Objetosci) VALUES(3, 'Masowiec (surowcowy)', 'Surowiec', 'Masowy', 't', 'm^3');
INSERT INTO Typ_Ladunku (id_Typ_Ladunku, typ_Statku, nazwa_Typu_Ladunku, typ_Terminala, jednostka_Masy, jednostka_Objetosci) VALUES(4, 'Masowiec (rolny)', 'Masa rolna', 'Mas rolnych', 't', 'm^3');
INSERT INTO Typ_Ladunku (id_Typ_Ladunku, typ_Statku, nazwa_Typu_Ladunku, typ_Terminala, jednostka_Masy, jednostka_Objetosci) VALUES(5, 'Drobnicowiec', 'Drobnica', 'Drobnicowy', 't', 'm^3');
SET IDENTITY_INSERT Typ_Ladunku OFF;

SET IDENTITY_INSERT Towar ON;
INSERT INTO Towar (id_Towar, nazwa, clo_jednostkowe, wartosc_jednostkowa, masa_jednostkowa, objetosc_jednostkowa, id_Typ_Ladunku) VALUES(1, 'iPad', 100, 2000, 0.5, 10, 1);
INSERT INTO Towar (id_Towar, nazwa, clo_jednostkowe, wartosc_jednostkowa, masa_jednostkowa, objetosc_jednostkowa, id_Typ_Ladunku) VALUES(2, 'Honda Civic', 10000, 200000, 1.5, 10, 1);
INSERT INTO Towar (id_Towar, nazwa, clo_jednostkowe, wartosc_jednostkowa, masa_jednostkowa, objetosc_jednostkowa, id_Typ_Ladunku) VALUES(3, 'Ropa', 10, 100, 0.07, 100, 2);
INSERT INTO Towar (id_Towar, nazwa, clo_jednostkowe, wartosc_jednostkowa, masa_jednostkowa, objetosc_jednostkowa, id_Typ_Ladunku) VALUES(4, 'Benzyna', 40, 400, 0.06, 100, 2);
INSERT INTO Towar (id_Towar, nazwa, clo_jednostkowe, wartosc_jednostkowa, masa_jednostkowa, objetosc_jednostkowa, id_Typ_Ladunku) VALUES(5, 'Ruda żelaza', 20, 200, 5, 1, 3);
INSERT INTO Towar (id_Towar, nazwa, clo_jednostkowe, wartosc_jednostkowa, masa_jednostkowa, objetosc_jednostkowa, id_Typ_Ladunku) VALUES(6, 'Wegiel kamienny', 30, 10, 6, 1, 3);
INSERT INTO Towar (id_Towar, nazwa, clo_jednostkowe, wartosc_jednostkowa, masa_jednostkowa, objetosc_jednostkowa, id_Typ_Ladunku) VALUES(7, 'Miedź', 50, 30000, 8, 1, 3);
INSERT INTO Towar (id_Towar, nazwa, clo_jednostkowe, wartosc_jednostkowa, masa_jednostkowa, objetosc_jednostkowa, id_Typ_Ladunku) VALUES(8, 'iPhone 4S', 100, 2000, 0.25, 10, 1);
INSERT INTO Towar (id_Towar, nazwa, clo_jednostkowe, wartosc_jednostkowa, masa_jednostkowa, objetosc_jednostkowa, id_Typ_Ladunku) VALUES(9, 'Traktor Ursus', 150, 3000, 2, 15, 5);
INSERT INTO Towar (id_Towar, nazwa, clo_jednostkowe, wartosc_jednostkowa, masa_jednostkowa, objetosc_jednostkowa, id_Typ_Ladunku) VALUES(10, 'Honda Civic', 10000, 200000, 1.2, 8.5, 5);
INSERT INTO Towar (id_Towar, nazwa, clo_jednostkowe, wartosc_jednostkowa, masa_jednostkowa, objetosc_jednostkowa, id_Typ_Ladunku) VALUES(11, 'Pszenica', 250, 4000, 1.6, 1, 4);
INSERT INTO Towar (id_Towar, nazwa, clo_jednostkowe, wartosc_jednostkowa, masa_jednostkowa, objetosc_jednostkowa, id_Typ_Ladunku) VALUES(12, 'Cukier', 550, 9000, 2, 1, 4);
INSERT INTO Towar (id_Towar, nazwa, clo_jednostkowe, wartosc_jednostkowa, masa_jednostkowa, objetosc_jednostkowa, id_Typ_Ladunku) VALUES(13, 'iPad 2', 1000, 5000, 0.5, 10, 1);
INSERT INTO Towar (id_Towar, nazwa, clo_jednostkowe, wartosc_jednostkowa, masa_jednostkowa, objetosc_jednostkowa, id_Typ_Ladunku) VALUES(14, 'VW Golf', 15000, 250000, 1.5, 10, 1);
INSERT INTO Towar (id_Towar, nazwa, clo_jednostkowe, wartosc_jednostkowa, masa_jednostkowa, objetosc_jednostkowa, id_Typ_Ladunku) VALUES(15, 'Skroplony gaz ziemny', 100, 1000, 0.1, 100, 2);
INSERT INTO Towar (id_Towar, nazwa, clo_jednostkowe, wartosc_jednostkowa, masa_jednostkowa, objetosc_jednostkowa, id_Typ_Ladunku) VALUES(16, 'Nafta', 500, 4000, 0.05, 100, 2);
INSERT INTO Towar (id_Towar, nazwa, clo_jednostkowe, wartosc_jednostkowa, masa_jednostkowa, objetosc_jednostkowa, id_Typ_Ladunku) VALUES(17, 'Platyna', 2000, 300000, 10, 1, 3);
INSERT INTO Towar (id_Towar, nazwa, clo_jednostkowe, wartosc_jednostkowa, masa_jednostkowa, objetosc_jednostkowa, id_Typ_Ladunku) VALUES(18, 'Wegiel brunatny', 100, 1000, 4, 1, 3);
INSERT INTO Towar (id_Towar, nazwa, clo_jednostkowe, wartosc_jednostkowa, masa_jednostkowa, objetosc_jednostkowa, id_Typ_Ladunku) VALUES(19, 'Ruda cynku', 500, 30000, 8.5, 1, 3);
INSERT INTO Towar (id_Towar, nazwa, clo_jednostkowe, wartosc_jednostkowa, masa_jednostkowa, objetosc_jednostkowa, id_Typ_Ladunku) VALUES(20, 'Samsung Galaxy S2', 150, 2800, 0.4, 10, 1);
INSERT INTO Towar (id_Towar, nazwa, clo_jednostkowe, wartosc_jednostkowa, masa_jednostkowa, objetosc_jednostkowa, id_Typ_Ladunku) VALUES(21, 'Kombajn Bizon', 1460, 80000, 2, 30, 5);
INSERT INTO Towar (id_Towar, nazwa, clo_jednostkowe, wartosc_jednostkowa, masa_jednostkowa, objetosc_jednostkowa, id_Typ_Ladunku) VALUES(22, 'Honda Accord', 18000, 170000, 1.7, 10.5, 5);
INSERT INTO Towar (id_Towar, nazwa, clo_jednostkowe, wartosc_jednostkowa, masa_jednostkowa, objetosc_jednostkowa, id_Typ_Ladunku) VALUES(23, 'Żyto', 280, 4000, 1.9, 1, 4);
INSERT INTO Towar (id_Towar, nazwa, clo_jednostkowe, wartosc_jednostkowa, masa_jednostkowa, objetosc_jednostkowa, id_Typ_Ladunku) VALUES(24, 'Kakao', 890, 9000, 4.6, 1, 4);
SET IDENTITY_INSERT Towar OFF;

SET IDENTITY_INSERT Port ON;
INSERT INTO Port(id_Port, nazwa, adres) VALUES (1,'Port Wschodni','Portowa 10, Szczecin');
INSERT INTO Port(id_Port, nazwa, adres) VALUES (2,'Port Zachodni','Nadbrzeżna 13, Gdynia');
INSERT INTO Port(id_Port, nazwa, adres) VALUES (3,'Port Południowy','Morska 3, Świnoujście');
INSERT INTO Port(id_Port, nazwa, adres) VALUES (4,'Port Północny','Wodna 131, Gdańsk');
SET IDENTITY_INSERT Port OFF;

SET IDENTITY_INSERT Terminal ON;
INSERT INTO Terminal (id_Terminal, nazwa, id_Typ_Ladunku, id_Port) VALUES(1, 'Euromax', 1, 1);
INSERT INTO Terminal (id_Terminal, nazwa, id_Typ_Ladunku, id_Port) VALUES(2, 'Delta', 2, 1);
INSERT INTO Terminal (id_Terminal, nazwa, id_Typ_Ladunku, id_Port) VALUES(3, 'City', 3, 1);
INSERT INTO Terminal (id_Terminal, nazwa, id_Typ_Ladunku, id_Port) VALUES(4, 'APMT', 1, 1);
INSERT INTO Terminal (id_Terminal, nazwa, id_Typ_Ladunku, id_Port) VALUES(5, 'RST', 2, 2);
INSERT INTO Terminal (id_Terminal, nazwa, id_Typ_Ladunku, id_Port) VALUES(6, 'Agro', 4, 2);
INSERT INTO Terminal (id_Terminal, nazwa, id_Typ_Ladunku, id_Port) VALUES(7, 'DRBB', 5, 2);
INSERT INTO Terminal (id_Terminal, nazwa, id_Typ_Ladunku, id_Port) VALUES(8, 'Euromax1', 1, 3);
INSERT INTO Terminal (id_Terminal, nazwa, id_Typ_Ladunku, id_Port) VALUES(9, 'Delta1', 2, 3);
INSERT INTO Terminal (id_Terminal, nazwa, id_Typ_Ladunku, id_Port) VALUES(10, 'City1', 3, 3);
INSERT INTO Terminal (id_Terminal, nazwa, id_Typ_Ladunku, id_Port) VALUES(11, 'APMT1', 1, 4);
INSERT INTO Terminal (id_Terminal, nazwa, id_Typ_Ladunku, id_Port) VALUES(12, 'RST1', 2, 4);
INSERT INTO Terminal (id_Terminal, nazwa, id_Typ_Ladunku, id_Port) VALUES(13, 'Agro1', 4, 4);
INSERT INTO Terminal (id_Terminal, nazwa, id_Typ_Ladunku, id_Port) VALUES(14, 'DRBB1', 5, 4);
SET IDENTITY_INSERT Terminal OFF;

SET IDENTITY_INSERT Dok ON;
INSERT INTO Dok (id_Dok, maks_dlugosc_statku, maks_szerokosc_statku, maks_wysokosc_statku, cena_za_pobyt, id_Terminal) VALUES(1, 100, 100, 100, 1000, 1);
INSERT INTO Dok (id_Dok, maks_dlugosc_statku, maks_szerokosc_statku, maks_wysokosc_statku, cena_za_pobyt, id_Terminal) VALUES(2, 10000, 10000, 10000, 10000, 1);
INSERT INTO Dok (id_Dok, maks_dlugosc_statku, maks_szerokosc_statku, maks_wysokosc_statku, cena_za_pobyt, id_Terminal) VALUES(4, 500, 500, 500, 12000, 3);
INSERT INTO Dok (id_Dok, maks_dlugosc_statku, maks_szerokosc_statku, maks_wysokosc_statku, cena_za_pobyt, id_Terminal) VALUES(5, 500, 200, 100, 1600, 2);
INSERT INTO Dok (id_Dok, maks_dlugosc_statku, maks_szerokosc_statku, maks_wysokosc_statku, cena_za_pobyt, id_Terminal) VALUES(6, 400, 200, 200, 200, 3);
INSERT INTO Dok (id_Dok, maks_dlugosc_statku, maks_szerokosc_statku, maks_wysokosc_statku, cena_za_pobyt, id_Terminal) VALUES(7, 1000, 500, 200, 50000, 4);
INSERT INTO Dok (id_Dok, maks_dlugosc_statku, maks_szerokosc_statku, maks_wysokosc_statku, cena_za_pobyt, id_Terminal) VALUES(9, 200, 200, 200, 2000, 2);
INSERT INTO Dok (id_Dok, maks_dlugosc_statku, maks_szerokosc_statku, maks_wysokosc_statku, cena_za_pobyt, id_Terminal) VALUES(100, 1000, 300, 200, 200, 6);
INSERT INTO Dok (id_Dok, maks_dlugosc_statku, maks_szerokosc_statku, maks_wysokosc_statku, cena_za_pobyt, id_Terminal) VALUES(101, 100, 100, 100, 10, 3);
INSERT INTO Dok (id_Dok, maks_dlugosc_statku, maks_szerokosc_statku, maks_wysokosc_statku, cena_za_pobyt, id_Terminal) VALUES(105, 400, 200, 30, 300, 6);
INSERT INTO Dok (id_Dok, maks_dlugosc_statku, maks_szerokosc_statku, maks_wysokosc_statku, cena_za_pobyt, id_Terminal) VALUES(110, 60, 20, 10, 1000, 6);
INSERT INTO Dok (id_Dok, maks_dlugosc_statku, maks_szerokosc_statku, maks_wysokosc_statku, cena_za_pobyt, id_Terminal) VALUES(200, 200, 80, 40, 500, 7);
INSERT INTO Dok (id_Dok, maks_dlugosc_statku, maks_szerokosc_statku, maks_wysokosc_statku, cena_za_pobyt, id_Terminal) VALUES(205, 400, 70, 50, 100, 7);
INSERT INTO Dok (id_Dok, maks_dlugosc_statku, maks_szerokosc_statku, maks_wysokosc_statku, cena_za_pobyt, id_Terminal) VALUES(56565, 1000, 1000, 1000, 100, 2);
INSERT INTO Dok (id_Dok, maks_dlugosc_statku, maks_szerokosc_statku, maks_wysokosc_statku, cena_za_pobyt, id_Terminal) VALUES(501, 100, 100, 100, 1000, 8);
INSERT INTO Dok (id_Dok, maks_dlugosc_statku, maks_szerokosc_statku, maks_wysokosc_statku, cena_za_pobyt, id_Terminal) VALUES(502, 1000, 1000, 10000, 10000, 8);
INSERT INTO Dok (id_Dok, maks_dlugosc_statku, maks_szerokosc_statku, maks_wysokosc_statku, cena_za_pobyt, id_Terminal) VALUES(504, 500, 5200, 500, 12000, 10);
INSERT INTO Dok (id_Dok, maks_dlugosc_statku, maks_szerokosc_statku, maks_wysokosc_statku, cena_za_pobyt, id_Terminal) VALUES(505, 5600, 2020, 100, 1600, 9);
INSERT INTO Dok (id_Dok, maks_dlugosc_statku, maks_szerokosc_statku, maks_wysokosc_statku, cena_za_pobyt, id_Terminal) VALUES(506, 4200, 2200, 210, 200, 10);
INSERT INTO Dok (id_Dok, maks_dlugosc_statku, maks_szerokosc_statku, maks_wysokosc_statku, cena_za_pobyt, id_Terminal) VALUES(507, 1000, 500, 2000, 500, 11);
INSERT INTO Dok (id_Dok, maks_dlugosc_statku, maks_szerokosc_statku, maks_wysokosc_statku, cena_za_pobyt, id_Terminal) VALUES(509, 2020, 200, 200, 2000, 9);
INSERT INTO Dok (id_Dok, maks_dlugosc_statku, maks_szerokosc_statku, maks_wysokosc_statku, cena_za_pobyt, id_Terminal) VALUES(510, 12000, 300, 200, 200, 13);
INSERT INTO Dok (id_Dok, maks_dlugosc_statku, maks_szerokosc_statku, maks_wysokosc_statku, cena_za_pobyt, id_Terminal) VALUES(511, 1200, 100, 100, 10, 10);
INSERT INTO Dok (id_Dok, maks_dlugosc_statku, maks_szerokosc_statku, maks_wysokosc_statku, cena_za_pobyt, id_Terminal) VALUES(515, 400, 200, 30, 300, 13);
INSERT INTO Dok (id_Dok, maks_dlugosc_statku, maks_szerokosc_statku, maks_wysokosc_statku, cena_za_pobyt, id_Terminal) VALUES(516, 610, 220, 10, 1000, 13);
INSERT INTO Dok (id_Dok, maks_dlugosc_statku, maks_szerokosc_statku, maks_wysokosc_statku, cena_za_pobyt, id_Terminal) VALUES(517, 2100, 820, 402, 50, 14);
INSERT INTO Dok (id_Dok, maks_dlugosc_statku, maks_szerokosc_statku, maks_wysokosc_statku, cena_za_pobyt, id_Terminal) VALUES(518, 4100, 720, 501, 10, 14);
INSERT INTO Dok (id_Dok, maks_dlugosc_statku, maks_szerokosc_statku, maks_wysokosc_statku, cena_za_pobyt, id_Terminal) VALUES(519, 1000, 1000, 1000, 10, 9);
SET IDENTITY_INSERT Dok OFF;

SET IDENTITY_INSERT Magazyn ON;
INSERT INTO Magazyn (id_Magazyn, nazwa, pojemnosc, aktualna_objetosc_ladunkow, cena_Za_Przechowanie, id_Terminal) VALUES(1, 'Magazyn', 1000, 0, 100, 1);
INSERT INTO Magazyn (id_Magazyn, nazwa, pojemnosc, aktualna_objetosc_ladunkow, cena_Za_Przechowanie, id_Terminal) VALUES(2, 'Inny magazyn', 3000, 0, 300, 2);
INSERT INTO Magazyn (id_Magazyn, nazwa, pojemnosc, aktualna_objetosc_ladunkow, cena_Za_Przechowanie, id_Terminal) VALUES(3, 'Duży magazyn', 50000, 0, 5000, 3);
INSERT INTO Magazyn (id_Magazyn, nazwa, pojemnosc, aktualna_objetosc_ladunkow, cena_Za_Przechowanie, id_Terminal) VALUES(4, 'CCCP', 160, 0, 500, 1);
INSERT INTO Magazyn (id_Magazyn, nazwa, pojemnosc, aktualna_objetosc_ladunkow, cena_Za_Przechowanie, id_Terminal) VALUES(5, 'AAA', 1300, 0, 300, 2);
INSERT INTO Magazyn (id_Magazyn, nazwa, pojemnosc, aktualna_objetosc_ladunkow, cena_Za_Przechowanie, id_Terminal) VALUES(6, 'BBB', 1500, 0, 5200, 3);
INSERT INTO Magazyn (id_Magazyn, nazwa, pojemnosc, aktualna_objetosc_ladunkow, cena_Za_Przechowanie, id_Terminal) VALUES(7, 'CCC', 1100, 0, 1100, 1);
INSERT INTO Magazyn (id_Magazyn, nazwa, pojemnosc, aktualna_objetosc_ladunkow, cena_Za_Przechowanie, id_Terminal) VALUES(8, 'DDDE', 1200, 0, 100, 4);
INSERT INTO Magazyn (id_Magazyn, nazwa, pojemnosc, aktualna_objetosc_ladunkow, cena_Za_Przechowanie, id_Terminal) VALUES(9, 'EEE', 1500, 0, 1500, 4);
INSERT INTO Magazyn (id_Magazyn, nazwa, pojemnosc, aktualna_objetosc_ladunkow, cena_Za_Przechowanie, id_Terminal) VALUES(10, 'AgroMag1', 6000, 0, 100, 6);
INSERT INTO Magazyn (id_Magazyn, nazwa, pojemnosc, aktualna_objetosc_ladunkow, cena_Za_Przechowanie, id_Terminal) VALUES(11, 'AgroMag2', 3400, 0, 160, 6);
INSERT INTO Magazyn (id_Magazyn, nazwa, pojemnosc, aktualna_objetosc_ladunkow, cena_Za_Przechowanie, id_Terminal) VALUES(12, 'DrobMag1', 10000, 0, 100, 7);
INSERT INTO Magazyn (id_Magazyn, nazwa, pojemnosc, aktualna_objetosc_ladunkow, cena_Za_Przechowanie, id_Terminal) VALUES(13, 'DrobMag2', 8000, 0, 860, 7);
INSERT INTO Magazyn (id_Magazyn, nazwa, pojemnosc, aktualna_objetosc_ladunkow, cena_Za_Przechowanie, id_Terminal) VALUES(14, 'Magazyn1', 1000, 0, 100, 8);
INSERT INTO Magazyn (id_Magazyn, nazwa, pojemnosc, aktualna_objetosc_ladunkow, cena_Za_Przechowanie, id_Terminal) VALUES(15, 'Inny magazyn1', 3000, 0, 300, 9);
INSERT INTO Magazyn (id_Magazyn, nazwa, pojemnosc, aktualna_objetosc_ladunkow, cena_Za_Przechowanie, id_Terminal) VALUES(16, 'Duży magazyn1', 50000, 0, 5000, 10);
INSERT INTO Magazyn (id_Magazyn, nazwa, pojemnosc, aktualna_objetosc_ladunkow, cena_Za_Przechowanie, id_Terminal) VALUES(17, 'CCCP1', 100, 0, 56, 8);
INSERT INTO Magazyn (id_Magazyn, nazwa, pojemnosc, aktualna_objetosc_ladunkow, cena_Za_Przechowanie, id_Terminal) VALUES(18, 'AAA1', 1300, 0, 300, 9);
INSERT INTO Magazyn (id_Magazyn, nazwa, pojemnosc, aktualna_objetosc_ladunkow, cena_Za_Przechowanie, id_Terminal) VALUES(19, 'BBB1', 1500, 0, 50, 10);
INSERT INTO Magazyn (id_Magazyn, nazwa, pojemnosc, aktualna_objetosc_ladunkow, cena_Za_Przechowanie, id_Terminal) VALUES(20, 'CCC1', 1100, 0, 1100, 8);
INSERT INTO Magazyn (id_Magazyn, nazwa, pojemnosc, aktualna_objetosc_ladunkow, cena_Za_Przechowanie, id_Terminal) VALUES(21, 'DDDE1', 200, 0, 100, 11);
INSERT INTO Magazyn (id_Magazyn, nazwa, pojemnosc, aktualna_objetosc_ladunkow, cena_Za_Przechowanie, id_Terminal) VALUES(22, 'EEE1', 1500, 0, 1500, 11);
INSERT INTO Magazyn (id_Magazyn, nazwa, pojemnosc, aktualna_objetosc_ladunkow, cena_Za_Przechowanie, id_Terminal) VALUES(23, 'AgroMag11', 100000, 0, 1600, 13);
INSERT INTO Magazyn (id_Magazyn, nazwa, pojemnosc, aktualna_objetosc_ladunkow, cena_Za_Przechowanie, id_Terminal) VALUES(24, 'AgroMag21', 30000, 0, 100, 13);
INSERT INTO Magazyn (id_Magazyn, nazwa, pojemnosc, aktualna_objetosc_ladunkow, cena_Za_Przechowanie, id_Terminal) VALUES(25, 'DrobMag11', 12000, 0, 170, 14);
INSERT INTO Magazyn (id_Magazyn, nazwa, pojemnosc, aktualna_objetosc_ladunkow, cena_Za_Przechowanie, id_Terminal) VALUES(26, 'DrobMag21', 7000, 0, 80, 14);
SET IDENTITY_INSERT Magazyn OFF;

SET IDENTITY_INSERT Kraj ON;
INSERT INTO Kraj (id_Kraj, nazwa) VALUES(1, 'Stany Zjednoczone');
INSERT INTO Kraj (id_Kraj, nazwa) VALUES(2, 'Polska');
INSERT INTO Kraj (id_Kraj, nazwa) VALUES(3, 'Wielka Brytania');
INSERT INTO Kraj (id_Kraj, nazwa) VALUES(4, 'Singapur');
INSERT INTO Kraj (id_Kraj, nazwa) VALUES(5, 'Czechy');
INSERT INTO Kraj (id_Kraj, nazwa) VALUES(6, 'Niemcy');
INSERT INTO Kraj (id_Kraj, nazwa) VALUES(7, 'Rosja');
INSERT INTO Kraj (id_Kraj, nazwa) VALUES(8, 'Slowacja');
INSERT INTO Kraj (id_Kraj, nazwa) VALUES(9, 'Holandia');
INSERT INTO Kraj (id_Kraj, nazwa) VALUES(10, 'Grecja');
INSERT INTO Kraj (id_Kraj, nazwa) VALUES(11, 'Dania');
INSERT INTO Kraj (id_Kraj, nazwa) VALUES(12, 'Chiny');
INSERT INTO Kraj (id_Kraj, nazwa) VALUES(13, 'Izreal');
INSERT INTO Kraj (id_Kraj, nazwa) VALUES(14, 'Belgia');
SET IDENTITY_INSERT Kraj OFF;

SET IDENTITY_INSERT Kontrahent ON;
INSERT INTO Kontrahent (id_Kontrahent, nazwa, adres, id_Kraj, typ) VALUES(1, 'FedEx', 'Lincoln Avenue 12, New York', 1, 2);
INSERT INTO Kontrahent (id_Kontrahent, nazwa, adres, id_Kraj, typ) VALUES(2, 'UPS', 'LA', 1, 2);
INSERT INTO Kontrahent (id_Kontrahent, nazwa, adres, id_Kraj, typ) VALUES(3, 'Maersk', 'Copenhagen', 11, 1);
INSERT INTO Kontrahent (id_Kontrahent, nazwa, adres, id_Kraj, typ) VALUES(4, 'Jan Kulczyk', 'Warszawa', 2, 1);
INSERT INTO Kontrahent (id_Kontrahent, nazwa, adres, id_Kraj, typ) VALUES(5, 'Qai Chan', 'Seoul', 12, 1);
INSERT INTO Kontrahent (id_Kontrahent, nazwa, adres, id_Kraj, typ) VALUES(6, 'KGHM', 'Lubin, Miedziana 123', 2, 2);
INSERT INTO Kontrahent (id_Kontrahent, nazwa, adres, id_Kraj, typ) VALUES(7, 'Bogdanka', 'Lublin, Węglowa 16', 2, 2);
INSERT INTO Kontrahent (id_Kontrahent, nazwa, adres, id_Kraj, typ) VALUES(8, 'Compagnie Maritime Belge', 'Haga', 14, 1);
INSERT INTO Kontrahent (id_Kontrahent, nazwa, adres, id_Kraj, typ) VALUES(9, 'Hapag-Lloyd', 'Hamburg', 6, 1);
INSERT INTO Kontrahent (id_Kontrahent, nazwa, adres, id_Kraj, typ) VALUES(10, 'H. Vogemann', 'Berlin, Ludwigsstrasse 122', 6, 1);
SET IDENTITY_INSERT Kontrahent OFF;

SET IDENTITY_INSERT Statek ON;
INSERT INTO Statek (id_Statek, nazwa, wypornosc, ladownosc_masowa, aktualna_masa_ladunkow, ladownosc_objetosciowa, aktualna_objetosc_ladunkow, dlugosc, szerokosc, wysokosc, kapitan, data_produkcji, id_Kontrahent, id_Typ_Ladunku) VALUES(1, 'Pilateus', 100, 100, 0, 100, 0, 100, 100, 100, 'Jack Sparrow', '1998-01-29', 1, 1);
INSERT INTO Statek (id_Statek, nazwa, wypornosc, ladownosc_masowa, aktualna_masa_ladunkow, ladownosc_objetosciowa, aktualna_objetosc_ladunkow, dlugosc, szerokosc, wysokosc, kapitan, data_produkcji, id_Kontrahent, id_Typ_Ladunku) VALUES(2, 'Pilateus2', 1000, 1000, 0, 1000, 0, 1000, 100, 100, 'Micheal Platini', '1498-01-29', 1, 1);
INSERT INTO Statek (id_Statek, nazwa, wypornosc, ladownosc_masowa, aktualna_masa_ladunkow, ladownosc_objetosciowa, aktualna_objetosc_ladunkow, dlugosc, szerokosc, wysokosc, kapitan, data_produkcji, id_Kontrahent, id_Typ_Ladunku) VALUES(3, 'Nautilius', 300, 300, 0, 300, 0, 300, 300, 300, ' Richard Phillips', '1968-01-29', 1, 2);
INSERT INTO Statek (id_Statek, nazwa, wypornosc, ladownosc_masowa, aktualna_masa_ladunkow, ladownosc_objetosciowa, aktualna_objetosc_ladunkow, dlugosc, szerokosc, wysokosc, kapitan, data_produkcji, id_Kontrahent, id_Typ_Ladunku) VALUES(4, 'Alabama', 200, 300, 0, 400, 0, 200, 200, 200, ' John Corn', '1968-01-29', 1, 3);
INSERT INTO Statek (id_Statek, nazwa, wypornosc, ladownosc_masowa, aktualna_masa_ladunkow, ladownosc_objetosciowa, aktualna_objetosc_ladunkow, dlugosc, szerokosc, wysokosc, kapitan, data_produkcji, id_Kontrahent, id_Typ_Ladunku) VALUES(5, 'Tytanik', 200, 1200, 0, 1600, 0, 100, 100, 20, 'Aaaa Bbbbb', '2000-10-10', 4, 1);
INSERT INTO Statek (id_Statek, nazwa, wypornosc, ladownosc_masowa, aktualna_masa_ladunkow, ladownosc_objetosciowa, aktualna_objetosc_ladunkow, dlugosc, szerokosc, wysokosc, kapitan, data_produkcji, id_Kontrahent, id_Typ_Ladunku) VALUES(6, 'Concordia', 3000, 2000, 0, 2500, 0, 300, 67, 40, 'Schettino', '1990-01-01', 9, 2);
INSERT INTO Statek (id_Statek, nazwa, wypornosc, ladownosc_masowa, aktualna_masa_ladunkow, ladownosc_objetosciowa, aktualna_objetosc_ladunkow, dlugosc, szerokosc, wysokosc, kapitan, data_produkcji, id_Kontrahent, id_Typ_Ladunku) VALUES(7, 'Jan Heweliusz', 3000, 1500, 0, 1000, 0, 250, 45, 56, 'Zbigniew Holdys', '1990-01-01', 4, 4);
INSERT INTO Statek (id_Statek, nazwa, wypornosc, ladownosc_masowa, aktualna_masa_ladunkow, ladownosc_objetosciowa, aktualna_objetosc_ladunkow, dlugosc, szerokosc, wysokosc, kapitan, data_produkcji, id_Kontrahent, id_Typ_Ladunku) VALUES(8, 'Atlas', 50000, 20000, 0, 10000, 0, 180, 34, 44, 'Johnny Bravo', '1980-02-01', 8, 5);
INSERT INTO Statek (id_Statek, nazwa, wypornosc, ladownosc_masowa, aktualna_masa_ladunkow, ladownosc_objetosciowa, aktualna_objetosc_ladunkow, dlugosc, szerokosc, wysokosc, kapitan, data_produkcji, id_Kontrahent, id_Typ_Ladunku) VALUES(9, 'Santa Maria', 2500, 2000, 0, 100000, 0, 300, 100, 100, 'Krzysztof Kolumb', '1490-11-06', 5, 2);
INSERT INTO Statek (id_Statek, nazwa, wypornosc, ladownosc_masowa, aktualna_masa_ladunkow, ladownosc_objetosciowa, aktualna_objetosc_ladunkow, dlugosc, szerokosc, wysokosc, kapitan, data_produkcji, id_Kontrahent, id_Typ_Ladunku) VALUES(11, 'Queen Mary', 2000, 1000, 0, 1000, 0, 50, 20, 10, 'Rysio Lubicz', '1890-01-01', 9, 4);
INSERT INTO Statek (id_Statek, nazwa, wypornosc, ladownosc_masowa, aktualna_masa_ladunkow, ladownosc_objetosciowa, aktualna_objetosc_ladunkow, dlugosc, szerokosc, wysokosc, kapitan, data_produkcji, id_Kontrahent, id_Typ_Ladunku) VALUES(12, 'Pilateus3', 100, 100, 0, 100, 0, 100, 100, 100, 'Jack Sparrow', '1998-01-29', 1, 1);
INSERT INTO Statek (id_Statek, nazwa, wypornosc, ladownosc_masowa, aktualna_masa_ladunkow, ladownosc_objetosciowa, aktualna_objetosc_ladunkow, dlugosc, szerokosc, wysokosc, kapitan, data_produkcji, id_Kontrahent, id_Typ_Ladunku) VALUES(13, 'Pilateus4', 1000, 1000, 0, 1000, 0, 1000, 100, 100, 'Micheal Platini', '1498-01-29', 1, 1);
INSERT INTO Statek (id_Statek, nazwa, wypornosc, ladownosc_masowa, aktualna_masa_ladunkow, ladownosc_objetosciowa, aktualna_objetosc_ladunkow, dlugosc, szerokosc, wysokosc, kapitan, data_produkcji, id_Kontrahent, id_Typ_Ladunku) VALUES(14, 'Nautilius2', 3000, 2200, 0, 3000, 0, 300, 300, 300, ' Richard Phillips', '1989-01-29', 1, 2);
INSERT INTO Statek (id_Statek, nazwa, wypornosc, ladownosc_masowa, aktualna_masa_ladunkow, ladownosc_objetosciowa, aktualna_objetosc_ladunkow, dlugosc, szerokosc, wysokosc, kapitan, data_produkcji, id_Kontrahent, id_Typ_Ladunku) VALUES(15, 'Alabama2', 200, 400, 0, 250, 0, 200, 200, 200, ' John Corn', '1998-01-29', 1, 3);
INSERT INTO Statek (id_Statek, nazwa, wypornosc, ladownosc_masowa, aktualna_masa_ladunkow, ladownosc_objetosciowa, aktualna_objetosc_ladunkow, dlugosc, szerokosc, wysokosc, kapitan, data_produkcji, id_Kontrahent, id_Typ_Ladunku) VALUES(16, 'Tytanik2', 200, 1000, 0, 1000, 0, 100, 100, 20, 'Aaaa Bbbbb', '2010-10-10', 4, 1);
INSERT INTO Statek (id_Statek, nazwa, wypornosc, ladownosc_masowa, aktualna_masa_ladunkow, ladownosc_objetosciowa, aktualna_objetosc_ladunkow, dlugosc, szerokosc, wysokosc, kapitan, data_produkcji, id_Kontrahent, id_Typ_Ladunku) VALUES(17, 'Concordia2', 3000, 4000, 0, 2500, 0, 300, 67, 40, 'Schettino', '1996-01-01', 9, 2);
INSERT INTO Statek (id_Statek, nazwa, wypornosc, ladownosc_masowa, aktualna_masa_ladunkow, ladownosc_objetosciowa, aktualna_objetosc_ladunkow, dlugosc, szerokosc, wysokosc, kapitan, data_produkcji, id_Kontrahent, id_Typ_Ladunku) VALUES(18, 'Jan Heweliusz2', 30000, 1500, 0, 1000, 0, 250, 45, 56, 'Zbigniew Holdys', '1980-01-01', 9, 4);
INSERT INTO Statek (id_Statek, nazwa, wypornosc, ladownosc_masowa, aktualna_masa_ladunkow, ladownosc_objetosciowa, aktualna_objetosc_ladunkow, dlugosc, szerokosc, wysokosc, kapitan, data_produkcji, id_Kontrahent, id_Typ_Ladunku) VALUES(19, 'Atlas2', 50000, 2000, 0, 10000, 0, 180, 34, 44, 'Johnny Bravo', '1981-02-01', 9, 5);
INSERT INTO Statek (id_Statek, nazwa, wypornosc, ladownosc_masowa, aktualna_masa_ladunkow, ladownosc_objetosciowa, aktualna_objetosc_ladunkow, dlugosc, szerokosc, wysokosc, kapitan, data_produkcji, id_Kontrahent, id_Typ_Ladunku) VALUES(20, 'Santa Maria2', 2500, 2000, 0, 1000000, 0, 300, 100, 100, 'Krzysztof Kolumb', '1800-11-06', 5, 2);
SET IDENTITY_INSERT Statek OFF;

SET IDENTITY_INSERT Ladunek ON;
INSERT INTO Ladunek (id_Ladunek, ilosc, id_Towar, czy_kontrola_celna) VALUES(1, 2, 17, 1);
INSERT INTO Ladunek (id_Ladunek, ilosc, id_Towar, czy_kontrola_celna) VALUES(2, 7, 17, 0);
INSERT INTO Ladunek (id_Ladunek, ilosc, id_Towar, czy_kontrola_celna) VALUES(3, 10, 6, 1);
INSERT INTO Ladunek (id_Ladunek, ilosc, id_Towar, czy_kontrola_celna) VALUES(4, 6, 3, 0);
INSERT INTO Ladunek (id_Ladunek, ilosc, id_Towar, czy_kontrola_celna) VALUES(5, 8, 13, 1);
INSERT INTO Ladunek (id_Ladunek, ilosc, id_Towar, czy_kontrola_celna) VALUES(6, 7, 24, 0);
INSERT INTO Ladunek (id_Ladunek, ilosc, id_Towar, czy_kontrola_celna) VALUES(7, 2, 9, 0);
INSERT INTO Ladunek (id_Ladunek, ilosc, id_Towar, czy_kontrola_celna) VALUES(8, 6, 6, 1);
INSERT INTO Ladunek (id_Ladunek, ilosc, id_Towar, czy_kontrola_celna) VALUES(9, 3, 22, 1);
INSERT INTO Ladunek (id_Ladunek, ilosc, id_Towar, czy_kontrola_celna) VALUES(10, 5, 24, 1);
INSERT INTO Ladunek (id_Ladunek, ilosc, id_Towar, czy_kontrola_celna) VALUES(11, 5, 17, 1);
INSERT INTO Ladunek (id_Ladunek, ilosc, id_Towar, czy_kontrola_celna) VALUES(12, 10, 10, 1);
INSERT INTO Ladunek (id_Ladunek, ilosc, id_Towar, czy_kontrola_celna) VALUES(13, 10, 21, 1);
INSERT INTO Ladunek (id_Ladunek, ilosc, id_Towar, czy_kontrola_celna) VALUES(14, 8, 16, 0);
INSERT INTO Ladunek (id_Ladunek, ilosc, id_Towar, czy_kontrola_celna) VALUES(15, 1, 22, 1);
INSERT INTO Ladunek (id_Ladunek, ilosc, id_Towar, czy_kontrola_celna) VALUES(16, 5, 24, 0);
INSERT INTO Ladunek (id_Ladunek, ilosc, id_Towar, czy_kontrola_celna) VALUES(17, 2, 20, 0);
INSERT INTO Ladunek (id_Ladunek, ilosc, id_Towar, czy_kontrola_celna) VALUES(18, 3, 22, 1);
INSERT INTO Ladunek (id_Ladunek, ilosc, id_Towar, czy_kontrola_celna) VALUES(19, 8, 2, 0);
INSERT INTO Ladunek (id_Ladunek, ilosc, id_Towar, czy_kontrola_celna) VALUES(20, 3, 20, 1);
INSERT INTO Ladunek (id_Ladunek, ilosc, id_Towar, czy_kontrola_celna) VALUES(21, 10, 5, 1);
INSERT INTO Ladunek (id_Ladunek, ilosc, id_Towar, czy_kontrola_celna) VALUES(22, 4, 21, 1);
INSERT INTO Ladunek (id_Ladunek, ilosc, id_Towar, czy_kontrola_celna) VALUES(23, 6, 15, 0);
INSERT INTO Ladunek (id_Ladunek, ilosc, id_Towar, czy_kontrola_celna) VALUES(24, 3, 6, 1);
INSERT INTO Ladunek (id_Ladunek, ilosc, id_Towar, czy_kontrola_celna) VALUES(25, 6, 7, 1);
INSERT INTO Ladunek (id_Ladunek, ilosc, id_Towar, czy_kontrola_celna) VALUES(26, 6, 4, 1);
INSERT INTO Ladunek (id_Ladunek, ilosc, id_Towar, czy_kontrola_celna) VALUES(27, 7, 4, 0);
INSERT INTO Ladunek (id_Ladunek, ilosc, id_Towar, czy_kontrola_celna) VALUES(28, 1, 5, 1);
INSERT INTO Ladunek (id_Ladunek, ilosc, id_Towar, czy_kontrola_celna) VALUES(29, 1, 8, 1);
INSERT INTO Ladunek (id_Ladunek, ilosc, id_Towar, czy_kontrola_celna) VALUES(30, 2, 11, 0);
INSERT INTO Ladunek (id_Ladunek, ilosc, id_Towar, czy_kontrola_celna) VALUES(31, 10, 5, 0);
INSERT INTO Ladunek (id_Ladunek, ilosc, id_Towar, czy_kontrola_celna) VALUES(32, 10, 22, 0);
INSERT INTO Ladunek (id_Ladunek, ilosc, id_Towar, czy_kontrola_celna) VALUES(33, 5, 21, 1);
INSERT INTO Ladunek (id_Ladunek, ilosc, id_Towar, czy_kontrola_celna) VALUES(34, 5, 10, 1);
INSERT INTO Ladunek (id_Ladunek, ilosc, id_Towar, czy_kontrola_celna) VALUES(35, 7, 9, 1);
INSERT INTO Ladunek (id_Ladunek, ilosc, id_Towar, czy_kontrola_celna) VALUES(36, 2, 22, 1);
INSERT INTO Ladunek (id_Ladunek, ilosc, id_Towar, czy_kontrola_celna) VALUES(37, 2, 23, 0);
INSERT INTO Ladunek (id_Ladunek, ilosc, id_Towar, czy_kontrola_celna) VALUES(38, 3, 21, 1);
INSERT INTO Ladunek (id_Ladunek, ilosc, id_Towar, czy_kontrola_celna) VALUES(39, 2, 4, 1);
INSERT INTO Ladunek (id_Ladunek, ilosc, id_Towar, czy_kontrola_celna) VALUES(40, 7, 8, 1);
INSERT INTO Ladunek (id_Ladunek, ilosc, id_Towar, czy_kontrola_celna) VALUES(41, 8, 12, 1);
INSERT INTO Ladunek (id_Ladunek, ilosc, id_Towar, czy_kontrola_celna) VALUES(42, 9, 17, 0);
INSERT INTO Ladunek (id_Ladunek, ilosc, id_Towar, czy_kontrola_celna) VALUES(43, 8, 23, 1);
INSERT INTO Ladunek (id_Ladunek, ilosc, id_Towar, czy_kontrola_celna) VALUES(44, 7, 15, 1);
INSERT INTO Ladunek (id_Ladunek, ilosc, id_Towar, czy_kontrola_celna) VALUES(45, 10, 22, 1);
INSERT INTO Ladunek (id_Ladunek, ilosc, id_Towar, czy_kontrola_celna) VALUES(46, 10, 7, 1);
INSERT INTO Ladunek (id_Ladunek, ilosc, id_Towar, czy_kontrola_celna) VALUES(47, 10, 1, 1);
INSERT INTO Ladunek (id_Ladunek, ilosc, id_Towar, czy_kontrola_celna) VALUES(48, 3, 17, 0);
INSERT INTO Ladunek (id_Ladunek, ilosc, id_Towar, czy_kontrola_celna) VALUES(49, 10, 20, 0);
INSERT INTO Ladunek (id_Ladunek, ilosc, id_Towar, czy_kontrola_celna) VALUES(50, 8, 10, 1);
INSERT INTO Ladunek (id_Ladunek, ilosc, id_Towar, czy_kontrola_celna) VALUES(51, 3, 20, 1);
INSERT INTO Ladunek (id_Ladunek, ilosc, id_Towar, czy_kontrola_celna) VALUES(52, 8, 20, 1);
INSERT INTO Ladunek (id_Ladunek, ilosc, id_Towar, czy_kontrola_celna) VALUES(53, 2, 16, 1);
INSERT INTO Ladunek (id_Ladunek, ilosc, id_Towar, czy_kontrola_celna) VALUES(54, 5, 2, 1);
INSERT INTO Ladunek (id_Ladunek, ilosc, id_Towar, czy_kontrola_celna) VALUES(55, 8, 24, 0);
INSERT INTO Ladunek (id_Ladunek, ilosc, id_Towar, czy_kontrola_celna) VALUES(56, 3, 12, 0);
INSERT INTO Ladunek (id_Ladunek, ilosc, id_Towar, czy_kontrola_celna) VALUES(57, 5, 5, 1);
INSERT INTO Ladunek (id_Ladunek, ilosc, id_Towar, czy_kontrola_celna) VALUES(58, 8, 1, 1);
INSERT INTO Ladunek (id_Ladunek, ilosc, id_Towar, czy_kontrola_celna) VALUES(59, 5, 17, 1);
INSERT INTO Ladunek (id_Ladunek, ilosc, id_Towar, czy_kontrola_celna) VALUES(60, 4, 1, 0);
INSERT INTO Ladunek (id_Ladunek, ilosc, id_Towar, czy_kontrola_celna) VALUES(61, 3, 20, 1);
INSERT INTO Ladunek (id_Ladunek, ilosc, id_Towar, czy_kontrola_celna) VALUES(62, 7, 6, 1);
INSERT INTO Ladunek (id_Ladunek, ilosc, id_Towar, czy_kontrola_celna) VALUES(63, 10, 11, 1);
INSERT INTO Ladunek (id_Ladunek, ilosc, id_Towar, czy_kontrola_celna) VALUES(64, 2, 8, 0);
INSERT INTO Ladunek (id_Ladunek, ilosc, id_Towar, czy_kontrola_celna) VALUES(65, 2, 20, 1);
INSERT INTO Ladunek (id_Ladunek, ilosc, id_Towar, czy_kontrola_celna) VALUES(66, 10, 10, 1);
INSERT INTO Ladunek (id_Ladunek, ilosc, id_Towar, czy_kontrola_celna) VALUES(67, 9, 16, 1);
INSERT INTO Ladunek (id_Ladunek, ilosc, id_Towar, czy_kontrola_celna) VALUES(68, 7, 14, 1);
INSERT INTO Ladunek (id_Ladunek, ilosc, id_Towar, czy_kontrola_celna) VALUES(69, 7, 7, 1);
INSERT INTO Ladunek (id_Ladunek, ilosc, id_Towar, czy_kontrola_celna) VALUES(70, 9, 16, 1);
INSERT INTO Ladunek (id_Ladunek, ilosc, id_Towar, czy_kontrola_celna) VALUES(71, 5, 7, 0);
INSERT INTO Ladunek (id_Ladunek, ilosc, id_Towar, czy_kontrola_celna) VALUES(72, 10, 10, 0);
INSERT INTO Ladunek (id_Ladunek, ilosc, id_Towar, czy_kontrola_celna) VALUES(73, 2, 15, 0);
INSERT INTO Ladunek (id_Ladunek, ilosc, id_Towar, czy_kontrola_celna) VALUES(74, 10, 6, 0);
INSERT INTO Ladunek (id_Ladunek, ilosc, id_Towar, czy_kontrola_celna) VALUES(75, 6, 5, 0);
INSERT INTO Ladunek (id_Ladunek, ilosc, id_Towar, czy_kontrola_celna) VALUES(76, 4, 13, 0);
INSERT INTO Ladunek (id_Ladunek, ilosc, id_Towar, czy_kontrola_celna) VALUES(77, 3, 24, 0);
INSERT INTO Ladunek (id_Ladunek, ilosc, id_Towar, czy_kontrola_celna) VALUES(78, 6, 6, 1);
INSERT INTO Ladunek (id_Ladunek, ilosc, id_Towar, czy_kontrola_celna) VALUES(79, 5, 14, 1);
INSERT INTO Ladunek (id_Ladunek, ilosc, id_Towar, czy_kontrola_celna) VALUES(80, 6, 14, 1);
INSERT INTO Ladunek (id_Ladunek, ilosc, id_Towar, czy_kontrola_celna) VALUES(81, 8, 11, 0);
INSERT INTO Ladunek (id_Ladunek, ilosc, id_Towar, czy_kontrola_celna) VALUES(82, 1, 19, 1);
INSERT INTO Ladunek (id_Ladunek, ilosc, id_Towar, czy_kontrola_celna) VALUES(83, 8, 8, 0);
INSERT INTO Ladunek (id_Ladunek, ilosc, id_Towar, czy_kontrola_celna) VALUES(84, 10, 22, 0);
INSERT INTO Ladunek (id_Ladunek, ilosc, id_Towar, czy_kontrola_celna) VALUES(85, 6, 23, 0);
INSERT INTO Ladunek (id_Ladunek, ilosc, id_Towar, czy_kontrola_celna) VALUES(86, 8, 10, 1);
INSERT INTO Ladunek (id_Ladunek, ilosc, id_Towar, czy_kontrola_celna) VALUES(87, 1, 8, 0);
INSERT INTO Ladunek (id_Ladunek, ilosc, id_Towar, czy_kontrola_celna) VALUES(88, 10, 21, 0);
INSERT INTO Ladunek (id_Ladunek, ilosc, id_Towar, czy_kontrola_celna) VALUES(89, 4, 19, 0);
INSERT INTO Ladunek (id_Ladunek, ilosc, id_Towar, czy_kontrola_celna) VALUES(90, 10, 8, 0);
INSERT INTO Ladunek (id_Ladunek, ilosc, id_Towar, czy_kontrola_celna) VALUES(91, 7, 12, 1);
INSERT INTO Ladunek (id_Ladunek, ilosc, id_Towar, czy_kontrola_celna) VALUES(92, 8, 7, 1);
INSERT INTO Ladunek (id_Ladunek, ilosc, id_Towar, czy_kontrola_celna) VALUES(93, 1, 7, 1);
INSERT INTO Ladunek (id_Ladunek, ilosc, id_Towar, czy_kontrola_celna) VALUES(94, 6, 17, 1);
INSERT INTO Ladunek (id_Ladunek, ilosc, id_Towar, czy_kontrola_celna) VALUES(95, 6, 7, 1);
INSERT INTO Ladunek (id_Ladunek, ilosc, id_Towar, czy_kontrola_celna) VALUES(96, 7, 1, 1);
INSERT INTO Ladunek (id_Ladunek, ilosc, id_Towar, czy_kontrola_celna) VALUES(97, 1, 2, 1);
INSERT INTO Ladunek (id_Ladunek, ilosc, id_Towar, czy_kontrola_celna) VALUES(98, 1, 17, 0);
INSERT INTO Ladunek (id_Ladunek, ilosc, id_Towar, czy_kontrola_celna) VALUES(99, 4, 22, 1);
INSERT INTO Ladunek (id_Ladunek, ilosc, id_Towar, czy_kontrola_celna) VALUES(100, 10, 22, 0);
INSERT INTO Ladunek (id_Ladunek, ilosc, id_Towar, czy_kontrola_celna) VALUES(101, 7, 11, 1);
INSERT INTO Ladunek (id_Ladunek, ilosc, id_Towar, czy_kontrola_celna) VALUES(102, 3, 22, 1);
INSERT INTO Ladunek (id_Ladunek, ilosc, id_Towar, czy_kontrola_celna) VALUES(103, 3, 19, 0);
INSERT INTO Ladunek (id_Ladunek, ilosc, id_Towar, czy_kontrola_celna) VALUES(104, 5, 18, 1);
INSERT INTO Ladunek (id_Ladunek, ilosc, id_Towar, czy_kontrola_celna) VALUES(105, 5, 1, 0);
INSERT INTO Ladunek (id_Ladunek, ilosc, id_Towar, czy_kontrola_celna) VALUES(106, 1, 20, 1);
INSERT INTO Ladunek (id_Ladunek, ilosc, id_Towar, czy_kontrola_celna) VALUES(107, 10, 16, 1);
INSERT INTO Ladunek (id_Ladunek, ilosc, id_Towar, czy_kontrola_celna) VALUES(108, 5, 8, 1);
INSERT INTO Ladunek (id_Ladunek, ilosc, id_Towar, czy_kontrola_celna) VALUES(109, 7, 5, 0);
INSERT INTO Ladunek (id_Ladunek, ilosc, id_Towar, czy_kontrola_celna) VALUES(110, 2, 15, 1);
INSERT INTO Ladunek (id_Ladunek, ilosc, id_Towar, czy_kontrola_celna) VALUES(111, 10, 18, 1);
INSERT INTO Ladunek (id_Ladunek, ilosc, id_Towar, czy_kontrola_celna) VALUES(112, 2, 8, 1);
INSERT INTO Ladunek (id_Ladunek, ilosc, id_Towar, czy_kontrola_celna) VALUES(113, 5, 24, 0);
INSERT INTO Ladunek (id_Ladunek, ilosc, id_Towar, czy_kontrola_celna) VALUES(114, 4, 5, 1);
INSERT INTO Ladunek (id_Ladunek, ilosc, id_Towar, czy_kontrola_celna) VALUES(115, 9, 24, 0);
INSERT INTO Ladunek (id_Ladunek, ilosc, id_Towar, czy_kontrola_celna) VALUES(116, 5, 16, 0);
INSERT INTO Ladunek (id_Ladunek, ilosc, id_Towar, czy_kontrola_celna) VALUES(117, 5, 22, 0);
INSERT INTO Ladunek (id_Ladunek, ilosc, id_Towar, czy_kontrola_celna) VALUES(118, 2, 20, 1);
INSERT INTO Ladunek (id_Ladunek, ilosc, id_Towar, czy_kontrola_celna) VALUES(119, 6, 2, 1);
INSERT INTO Ladunek (id_Ladunek, ilosc, id_Towar, czy_kontrola_celna) VALUES(120, 1, 20, 1);
INSERT INTO Ladunek (id_Ladunek, ilosc, id_Towar, czy_kontrola_celna) VALUES(121, 1, 9, 0);
INSERT INTO Ladunek (id_Ladunek, ilosc, id_Towar, czy_kontrola_celna) VALUES(122, 9, 11, 0);
INSERT INTO Ladunek (id_Ladunek, ilosc, id_Towar, czy_kontrola_celna) VALUES(123, 5, 1, 0);
INSERT INTO Ladunek (id_Ladunek, ilosc, id_Towar, czy_kontrola_celna) VALUES(124, 1, 13, 1);
INSERT INTO Ladunek (id_Ladunek, ilosc, id_Towar, czy_kontrola_celna) VALUES(125, 6, 6, 1);
INSERT INTO Ladunek (id_Ladunek, ilosc, id_Towar, czy_kontrola_celna) VALUES(126, 6, 3, 1);
INSERT INTO Ladunek (id_Ladunek, ilosc, id_Towar, czy_kontrola_celna) VALUES(127, 1, 4, 1);
INSERT INTO Ladunek (id_Ladunek, ilosc, id_Towar, czy_kontrola_celna) VALUES(128, 5, 10, 0);
INSERT INTO Ladunek (id_Ladunek, ilosc, id_Towar, czy_kontrola_celna) VALUES(129, 10, 9, 0);
INSERT INTO Ladunek (id_Ladunek, ilosc, id_Towar, czy_kontrola_celna) VALUES(130, 1, 5, 1);
INSERT INTO Ladunek (id_Ladunek, ilosc, id_Towar, czy_kontrola_celna) VALUES(131, 1, 21, 1);
INSERT INTO Ladunek (id_Ladunek, ilosc, id_Towar, czy_kontrola_celna) VALUES(132, 2, 18, 0);
INSERT INTO Ladunek (id_Ladunek, ilosc, id_Towar, czy_kontrola_celna) VALUES(133, 9, 10, 1);
INSERT INTO Ladunek (id_Ladunek, ilosc, id_Towar, czy_kontrola_celna) VALUES(134, 9, 14, 0);
INSERT INTO Ladunek (id_Ladunek, ilosc, id_Towar, czy_kontrola_celna) VALUES(135, 6, 11, 1);
INSERT INTO Ladunek (id_Ladunek, ilosc, id_Towar, czy_kontrola_celna) VALUES(136, 7, 23, 1);
INSERT INTO Ladunek (id_Ladunek, ilosc, id_Towar, czy_kontrola_celna) VALUES(137, 1, 5, 1);
INSERT INTO Ladunek (id_Ladunek, ilosc, id_Towar, czy_kontrola_celna) VALUES(138, 1, 6, 1);
INSERT INTO Ladunek (id_Ladunek, ilosc, id_Towar, czy_kontrola_celna) VALUES(139, 5, 16, 0);
INSERT INTO Ladunek (id_Ladunek, ilosc, id_Towar, czy_kontrola_celna) VALUES(140, 9, 13, 1);
INSERT INTO Ladunek (id_Ladunek, ilosc, id_Towar, czy_kontrola_celna) VALUES(141, 1, 11, 1);
INSERT INTO Ladunek (id_Ladunek, ilosc, id_Towar, czy_kontrola_celna) VALUES(142, 7, 4, 1);
INSERT INTO Ladunek (id_Ladunek, ilosc, id_Towar, czy_kontrola_celna) VALUES(143, 2, 23, 1);
INSERT INTO Ladunek (id_Ladunek, ilosc, id_Towar, czy_kontrola_celna) VALUES(144, 1, 17, 1);
INSERT INTO Ladunek (id_Ladunek, ilosc, id_Towar, czy_kontrola_celna) VALUES(145, 5, 14, 0);
INSERT INTO Ladunek (id_Ladunek, ilosc, id_Towar, czy_kontrola_celna) VALUES(146, 2, 13, 0);
INSERT INTO Ladunek (id_Ladunek, ilosc, id_Towar, czy_kontrola_celna) VALUES(147, 1, 4, 1);
INSERT INTO Ladunek (id_Ladunek, ilosc, id_Towar, czy_kontrola_celna) VALUES(148, 3, 14, 0);
INSERT INTO Ladunek (id_Ladunek, ilosc, id_Towar, czy_kontrola_celna) VALUES(149, 6, 20, 0);
INSERT INTO Ladunek (id_Ladunek, ilosc, id_Towar, czy_kontrola_celna) VALUES(150, 8, 14, 1);
INSERT INTO Ladunek (id_Ladunek, ilosc, id_Towar, czy_kontrola_celna) VALUES(151, 1, 13, 0);
INSERT INTO Ladunek (id_Ladunek, ilosc, id_Towar, czy_kontrola_celna) VALUES(152, 10, 21, 1);
INSERT INTO Ladunek (id_Ladunek, ilosc, id_Towar, czy_kontrola_celna) VALUES(153, 3, 15, 1);
INSERT INTO Ladunek (id_Ladunek, ilosc, id_Towar, czy_kontrola_celna) VALUES(154, 4, 17, 0);
INSERT INTO Ladunek (id_Ladunek, ilosc, id_Towar, czy_kontrola_celna) VALUES(155, 10, 19, 1);
INSERT INTO Ladunek (id_Ladunek, ilosc, id_Towar, czy_kontrola_celna) VALUES(156, 3, 6, 0);
INSERT INTO Ladunek (id_Ladunek, ilosc, id_Towar, czy_kontrola_celna) VALUES(157, 1, 12, 1);
INSERT INTO Ladunek (id_Ladunek, ilosc, id_Towar, czy_kontrola_celna) VALUES(158, 2, 10, 0);
INSERT INTO Ladunek (id_Ladunek, ilosc, id_Towar, czy_kontrola_celna) VALUES(159, 8, 5, 0);
INSERT INTO Ladunek (id_Ladunek, ilosc, id_Towar, czy_kontrola_celna) VALUES(160, 6, 21, 0);
INSERT INTO Ladunek (id_Ladunek, ilosc, id_Towar, czy_kontrola_celna) VALUES(161, 8, 9, 0);
INSERT INTO Ladunek (id_Ladunek, ilosc, id_Towar, czy_kontrola_celna) VALUES(162, 2, 5, 1);
INSERT INTO Ladunek (id_Ladunek, ilosc, id_Towar, czy_kontrola_celna) VALUES(163, 4, 13, 0);
INSERT INTO Ladunek (id_Ladunek, ilosc, id_Towar, czy_kontrola_celna) VALUES(164, 5, 20, 1);
INSERT INTO Ladunek (id_Ladunek, ilosc, id_Towar, czy_kontrola_celna) VALUES(165, 2, 2, 1);
INSERT INTO Ladunek (id_Ladunek, ilosc, id_Towar, czy_kontrola_celna) VALUES(166, 10, 11, 1);
INSERT INTO Ladunek (id_Ladunek, ilosc, id_Towar, czy_kontrola_celna) VALUES(167, 1, 6, 0);
INSERT INTO Ladunek (id_Ladunek, ilosc, id_Towar, czy_kontrola_celna) VALUES(168, 8, 20, 0);
INSERT INTO Ladunek (id_Ladunek, ilosc, id_Towar, czy_kontrola_celna) VALUES(169, 2, 4, 0);
INSERT INTO Ladunek (id_Ladunek, ilosc, id_Towar, czy_kontrola_celna) VALUES(170, 1, 1, 0);
INSERT INTO Ladunek (id_Ladunek, ilosc, id_Towar, czy_kontrola_celna) VALUES(171, 1, 7, 0);
INSERT INTO Ladunek (id_Ladunek, ilosc, id_Towar, czy_kontrola_celna) VALUES(172, 4, 19, 0);
INSERT INTO Ladunek (id_Ladunek, ilosc, id_Towar, czy_kontrola_celna) VALUES(173, 1, 19, 1);
INSERT INTO Ladunek (id_Ladunek, ilosc, id_Towar, czy_kontrola_celna) VALUES(174, 10, 12, 1);
INSERT INTO Ladunek (id_Ladunek, ilosc, id_Towar, czy_kontrola_celna) VALUES(175, 1, 11, 0);
INSERT INTO Ladunek (id_Ladunek, ilosc, id_Towar, czy_kontrola_celna) VALUES(176, 7, 16, 1);
INSERT INTO Ladunek (id_Ladunek, ilosc, id_Towar, czy_kontrola_celna) VALUES(177, 8, 13, 1);
INSERT INTO Ladunek (id_Ladunek, ilosc, id_Towar, czy_kontrola_celna) VALUES(178, 6, 5, 1);
INSERT INTO Ladunek (id_Ladunek, ilosc, id_Towar, czy_kontrola_celna) VALUES(179, 3, 9, 1);
INSERT INTO Ladunek (id_Ladunek, ilosc, id_Towar, czy_kontrola_celna) VALUES(180, 6, 11, 1);
INSERT INTO Ladunek (id_Ladunek, ilosc, id_Towar, czy_kontrola_celna) VALUES(181, 6, 17, 1);
INSERT INTO Ladunek (id_Ladunek, ilosc, id_Towar, czy_kontrola_celna) VALUES(182, 1, 17, 1);
INSERT INTO Ladunek (id_Ladunek, ilosc, id_Towar, czy_kontrola_celna) VALUES(183, 2, 20, 1);
INSERT INTO Ladunek (id_Ladunek, ilosc, id_Towar, czy_kontrola_celna) VALUES(184, 9, 2, 0);
INSERT INTO Ladunek (id_Ladunek, ilosc, id_Towar, czy_kontrola_celna) VALUES(185, 3, 14, 1);
INSERT INTO Ladunek (id_Ladunek, ilosc, id_Towar, czy_kontrola_celna) VALUES(186, 5, 14, 1);
INSERT INTO Ladunek (id_Ladunek, ilosc, id_Towar, czy_kontrola_celna) VALUES(187, 2, 16, 1);
INSERT INTO Ladunek (id_Ladunek, ilosc, id_Towar, czy_kontrola_celna) VALUES(188, 3, 2, 0);
INSERT INTO Ladunek (id_Ladunek, ilosc, id_Towar, czy_kontrola_celna) VALUES(189, 8, 24, 0);
INSERT INTO Ladunek (id_Ladunek, ilosc, id_Towar, czy_kontrola_celna) VALUES(190, 1, 13, 0);
INSERT INTO Ladunek (id_Ladunek, ilosc, id_Towar, czy_kontrola_celna) VALUES(191, 7, 9, 1);
INSERT INTO Ladunek (id_Ladunek, ilosc, id_Towar, czy_kontrola_celna) VALUES(192, 6, 23, 1);
INSERT INTO Ladunek (id_Ladunek, ilosc, id_Towar, czy_kontrola_celna) VALUES(193, 4, 22, 1);
INSERT INTO Ladunek (id_Ladunek, ilosc, id_Towar, czy_kontrola_celna) VALUES(194, 1, 20, 0);
INSERT INTO Ladunek (id_Ladunek, ilosc, id_Towar, czy_kontrola_celna) VALUES(195, 1, 3, 1);
INSERT INTO Ladunek (id_Ladunek, ilosc, id_Towar, czy_kontrola_celna) VALUES(196, 4, 7, 0);
INSERT INTO Ladunek (id_Ladunek, ilosc, id_Towar, czy_kontrola_celna) VALUES(197, 9, 10, 1);
INSERT INTO Ladunek (id_Ladunek, ilosc, id_Towar, czy_kontrola_celna) VALUES(198, 10, 17, 1);
INSERT INTO Ladunek (id_Ladunek, ilosc, id_Towar, czy_kontrola_celna) VALUES(199, 9, 22, 1);
INSERT INTO Ladunek (id_Ladunek, ilosc, id_Towar, czy_kontrola_celna) VALUES(200, 3, 21, 0);
INSERT INTO Ladunek (id_Ladunek, ilosc, id_Towar, czy_kontrola_celna) VALUES(201, 4, 6, 1);
INSERT INTO Ladunek (id_Ladunek, ilosc, id_Towar, czy_kontrola_celna) VALUES(202, 2, 8, 1);
INSERT INTO Ladunek (id_Ladunek, ilosc, id_Towar, czy_kontrola_celna) VALUES(203, 4, 9, 1);
INSERT INTO Ladunek (id_Ladunek, ilosc, id_Towar, czy_kontrola_celna) VALUES(204, 7, 5, 1);
INSERT INTO Ladunek (id_Ladunek, ilosc, id_Towar, czy_kontrola_celna) VALUES(205, 7, 10, 1);
INSERT INTO Ladunek (id_Ladunek, ilosc, id_Towar, czy_kontrola_celna) VALUES(206, 7, 21, 1);
INSERT INTO Ladunek (id_Ladunek, ilosc, id_Towar, czy_kontrola_celna) VALUES(207, 1, 23, 0);
INSERT INTO Ladunek (id_Ladunek, ilosc, id_Towar, czy_kontrola_celna) VALUES(208, 8, 22, 1);
INSERT INTO Ladunek (id_Ladunek, ilosc, id_Towar, czy_kontrola_celna) VALUES(209, 2, 10, 0);
SET IDENTITY_INSERT Ladunek OFF;

SET IDENTITY_INSERT Nadanie_Ladunku ON;
INSERT INTO Nadanie_Ladunku (id_Nadanie_Ladunku, data, id_Kontrahent, id_Ladunek) VALUES(1, '1990-01-01 01:00:00', 6, 1);
INSERT INTO Nadanie_Ladunku (id_Nadanie_Ladunku, data, id_Kontrahent, id_Ladunek) VALUES(2, '1990-01-01 05:00:00', 6, 2);
INSERT INTO Nadanie_Ladunku (id_Nadanie_Ladunku, data, id_Kontrahent, id_Ladunek) VALUES(3, '1990-01-01 06:00:00', 7, 3);
INSERT INTO Nadanie_Ladunku (id_Nadanie_Ladunku, data, id_Kontrahent, id_Ladunek) VALUES(4, '1990-01-01 07:00:00', 7, 4);
INSERT INTO Nadanie_Ladunku (id_Nadanie_Ladunku, data, id_Kontrahent, id_Ladunek) VALUES(5, '1990-01-01 09:00:00', 6, 5);
INSERT INTO Nadanie_Ladunku (id_Nadanie_Ladunku, data, id_Kontrahent, id_Ladunek) VALUES(6, '1990-01-01 13:00:00', 2, 6);
INSERT INTO Nadanie_Ladunku (id_Nadanie_Ladunku, data, id_Kontrahent, id_Ladunek) VALUES(7, '1990-01-01 17:00:00', 1, 7);
INSERT INTO Nadanie_Ladunku (id_Nadanie_Ladunku, data, id_Kontrahent, id_Ladunek) VALUES(8, '1990-01-01 18:00:00', 1, 8);
INSERT INTO Nadanie_Ladunku (id_Nadanie_Ladunku, data, id_Kontrahent, id_Ladunek) VALUES(9, '1990-01-01 20:00:00', 1, 9);
INSERT INTO Nadanie_Ladunku (id_Nadanie_Ladunku, data, id_Kontrahent, id_Ladunek) VALUES(10, '1990-01-01 23:00:00', 6, 10);
INSERT INTO Nadanie_Ladunku (id_Nadanie_Ladunku, data, id_Kontrahent, id_Ladunek) VALUES(11, '1990-01-02 01:00:00', 1, 11);
INSERT INTO Nadanie_Ladunku (id_Nadanie_Ladunku, data, id_Kontrahent, id_Ladunek) VALUES(12, '1990-01-02 02:00:00', 2, 12);
INSERT INTO Nadanie_Ladunku (id_Nadanie_Ladunku, data, id_Kontrahent, id_Ladunek) VALUES(13, '1990-01-02 05:00:00', 1, 13);
INSERT INTO Nadanie_Ladunku (id_Nadanie_Ladunku, data, id_Kontrahent, id_Ladunek) VALUES(14, '1990-01-02 08:00:00', 1, 14);
INSERT INTO Nadanie_Ladunku (id_Nadanie_Ladunku, data, id_Kontrahent, id_Ladunek) VALUES(15, '1990-01-02 10:00:00', 7, 15);
INSERT INTO Nadanie_Ladunku (id_Nadanie_Ladunku, data, id_Kontrahent, id_Ladunek) VALUES(16, '1990-01-02 11:00:00', 6, 16);
INSERT INTO Nadanie_Ladunku (id_Nadanie_Ladunku, data, id_Kontrahent, id_Ladunek) VALUES(17, '1990-01-02 12:00:00', 1, 17);
INSERT INTO Nadanie_Ladunku (id_Nadanie_Ladunku, data, id_Kontrahent, id_Ladunek) VALUES(18, '1990-01-02 13:00:00', 2, 18);
INSERT INTO Nadanie_Ladunku (id_Nadanie_Ladunku, data, id_Kontrahent, id_Ladunek) VALUES(19, '1990-01-02 14:00:00', 2, 19);
INSERT INTO Nadanie_Ladunku (id_Nadanie_Ladunku, data, id_Kontrahent, id_Ladunek) VALUES(20, '1990-01-02 15:00:00', 7, 20);
INSERT INTO Nadanie_Ladunku (id_Nadanie_Ladunku, data, id_Kontrahent, id_Ladunek) VALUES(21, '1990-01-02 16:00:00', 7, 21);
INSERT INTO Nadanie_Ladunku (id_Nadanie_Ladunku, data, id_Kontrahent, id_Ladunek) VALUES(22, '1990-01-02 17:00:00', 7, 22);
INSERT INTO Nadanie_Ladunku (id_Nadanie_Ladunku, data, id_Kontrahent, id_Ladunek) VALUES(23, '1990-01-02 18:00:00', 1, 23);
INSERT INTO Nadanie_Ladunku (id_Nadanie_Ladunku, data, id_Kontrahent, id_Ladunek) VALUES(24, '1990-01-02 19:00:00', 2, 24);
INSERT INTO Nadanie_Ladunku (id_Nadanie_Ladunku, data, id_Kontrahent, id_Ladunek) VALUES(25, '1990-01-02 20:00:00', 2, 25);
INSERT INTO Nadanie_Ladunku (id_Nadanie_Ladunku, data, id_Kontrahent, id_Ladunek) VALUES(26, '1990-01-02 21:00:00', 6, 26);
INSERT INTO Nadanie_Ladunku (id_Nadanie_Ladunku, data, id_Kontrahent, id_Ladunek) VALUES(27, '1990-01-02 22:00:00', 1, 27);
INSERT INTO Nadanie_Ladunku (id_Nadanie_Ladunku, data, id_Kontrahent, id_Ladunek) VALUES(28, '1990-01-02 23:00:00', 1, 28);
INSERT INTO Nadanie_Ladunku (id_Nadanie_Ladunku, data, id_Kontrahent, id_Ladunek) VALUES(29, '1990-01-03 00:00:00', 6, 29);
INSERT INTO Nadanie_Ladunku (id_Nadanie_Ladunku, data, id_Kontrahent, id_Ladunek) VALUES(30, '1990-01-03 01:00:00', 6, 30);
INSERT INTO Nadanie_Ladunku (id_Nadanie_Ladunku, data, id_Kontrahent, id_Ladunek) VALUES(31, '1990-01-03 02:00:00', 6, 31);
INSERT INTO Nadanie_Ladunku (id_Nadanie_Ladunku, data, id_Kontrahent, id_Ladunek) VALUES(32, '1990-01-03 03:00:00', 2, 32);
INSERT INTO Nadanie_Ladunku (id_Nadanie_Ladunku, data, id_Kontrahent, id_Ladunek) VALUES(33, '1990-01-03 04:00:00', 7, 33);
INSERT INTO Nadanie_Ladunku (id_Nadanie_Ladunku, data, id_Kontrahent, id_Ladunek) VALUES(34, '1990-01-03 05:00:00', 1, 34);
INSERT INTO Nadanie_Ladunku (id_Nadanie_Ladunku, data, id_Kontrahent, id_Ladunek) VALUES(35, '1990-01-03 06:00:00', 6, 35);
INSERT INTO Nadanie_Ladunku (id_Nadanie_Ladunku, data, id_Kontrahent, id_Ladunek) VALUES(36, '1990-01-03 07:00:00', 7, 36);
INSERT INTO Nadanie_Ladunku (id_Nadanie_Ladunku, data, id_Kontrahent, id_Ladunek) VALUES(37, '1990-01-03 08:00:00', 2, 37);
INSERT INTO Nadanie_Ladunku (id_Nadanie_Ladunku, data, id_Kontrahent, id_Ladunek) VALUES(38, '1990-01-03 09:00:00', 2, 38);
INSERT INTO Nadanie_Ladunku (id_Nadanie_Ladunku, data, id_Kontrahent, id_Ladunek) VALUES(39, '1990-01-03 10:00:00', 2, 39);
INSERT INTO Nadanie_Ladunku (id_Nadanie_Ladunku, data, id_Kontrahent, id_Ladunek) VALUES(40, '1990-01-03 11:00:00', 1, 40);
INSERT INTO Nadanie_Ladunku (id_Nadanie_Ladunku, data, id_Kontrahent, id_Ladunek) VALUES(41, '1990-01-03 12:00:00', 2, 41);
INSERT INTO Nadanie_Ladunku (id_Nadanie_Ladunku, data, id_Kontrahent, id_Ladunek) VALUES(42, '1990-01-03 13:00:00', 2, 42);
INSERT INTO Nadanie_Ladunku (id_Nadanie_Ladunku, data, id_Kontrahent, id_Ladunek) VALUES(43, '1990-01-03 14:00:00', 2, 43);
INSERT INTO Nadanie_Ladunku (id_Nadanie_Ladunku, data, id_Kontrahent, id_Ladunek) VALUES(44, '1990-01-03 16:00:00', 6, 44);
INSERT INTO Nadanie_Ladunku (id_Nadanie_Ladunku, data, id_Kontrahent, id_Ladunek) VALUES(45, '1990-01-03 17:00:00', 6, 45);
INSERT INTO Nadanie_Ladunku (id_Nadanie_Ladunku, data, id_Kontrahent, id_Ladunek) VALUES(46, '1990-01-03 18:00:00', 2, 46);
INSERT INTO Nadanie_Ladunku (id_Nadanie_Ladunku, data, id_Kontrahent, id_Ladunek) VALUES(47, '1990-01-03 19:00:00', 7, 47);
INSERT INTO Nadanie_Ladunku (id_Nadanie_Ladunku, data, id_Kontrahent, id_Ladunek) VALUES(48, '1990-01-03 20:00:00', 7, 48);
INSERT INTO Nadanie_Ladunku (id_Nadanie_Ladunku, data, id_Kontrahent, id_Ladunek) VALUES(49, '1990-01-03 23:00:00', 1, 49);
INSERT INTO Nadanie_Ladunku (id_Nadanie_Ladunku, data, id_Kontrahent, id_Ladunek) VALUES(50, '1990-01-04 00:00:00', 6, 50);
INSERT INTO Nadanie_Ladunku (id_Nadanie_Ladunku, data, id_Kontrahent, id_Ladunek) VALUES(51, '1990-01-04 02:00:00', 1, 51);
INSERT INTO Nadanie_Ladunku (id_Nadanie_Ladunku, data, id_Kontrahent, id_Ladunek) VALUES(52, '1990-01-04 07:00:00', 7, 52);
INSERT INTO Nadanie_Ladunku (id_Nadanie_Ladunku, data, id_Kontrahent, id_Ladunek) VALUES(53, '1990-01-04 08:00:00', 7, 53);
INSERT INTO Nadanie_Ladunku (id_Nadanie_Ladunku, data, id_Kontrahent, id_Ladunek) VALUES(54, '1990-01-04 11:00:00', 6, 54);
INSERT INTO Nadanie_Ladunku (id_Nadanie_Ladunku, data, id_Kontrahent, id_Ladunek) VALUES(56, '1990-01-04 13:00:00', 2, 55);
INSERT INTO Nadanie_Ladunku (id_Nadanie_Ladunku, data, id_Kontrahent, id_Ladunek) VALUES(57, '1990-01-04 15:00:00', 7, 56);
INSERT INTO Nadanie_Ladunku (id_Nadanie_Ladunku, data, id_Kontrahent, id_Ladunek) VALUES(58, '1990-01-04 18:00:00', 7, 57);
INSERT INTO Nadanie_Ladunku (id_Nadanie_Ladunku, data, id_Kontrahent, id_Ladunek) VALUES(59, '1990-01-04 19:00:00', 1, 58);
INSERT INTO Nadanie_Ladunku (id_Nadanie_Ladunku, data, id_Kontrahent, id_Ladunek) VALUES(60, '1990-01-04 20:00:00', 6, 59);
INSERT INTO Nadanie_Ladunku (id_Nadanie_Ladunku, data, id_Kontrahent, id_Ladunek) VALUES(61, '1990-01-04 21:00:00', 2, 60);
INSERT INTO Nadanie_Ladunku (id_Nadanie_Ladunku, data, id_Kontrahent, id_Ladunek) VALUES(63, '1990-01-04 23:00:00', 1, 61);
INSERT INTO Nadanie_Ladunku (id_Nadanie_Ladunku, data, id_Kontrahent, id_Ladunek) VALUES(64, '1990-01-05 00:00:00', 6, 62);
INSERT INTO Nadanie_Ladunku (id_Nadanie_Ladunku, data, id_Kontrahent, id_Ladunek) VALUES(65, '1990-01-05 01:00:00', 2, 63);
INSERT INTO Nadanie_Ladunku (id_Nadanie_Ladunku, data, id_Kontrahent, id_Ladunek) VALUES(68, '1990-01-06 19:00:00', 1, 64);
INSERT INTO Nadanie_Ladunku (id_Nadanie_Ladunku, data, id_Kontrahent, id_Ladunek) VALUES(69, '1990-01-06 20:00:00', 2, 65);
INSERT INTO Nadanie_Ladunku (id_Nadanie_Ladunku, data, id_Kontrahent, id_Ladunek) VALUES(70, '1990-01-07 05:00:00', 2, 66);
INSERT INTO Nadanie_Ladunku (id_Nadanie_Ladunku, data, id_Kontrahent, id_Ladunek) VALUES(71, '1990-01-07 08:00:00', 7, 67);
INSERT INTO Nadanie_Ladunku (id_Nadanie_Ladunku, data, id_Kontrahent, id_Ladunek) VALUES(72, '1990-01-07 10:00:00', 2, 68);
INSERT INTO Nadanie_Ladunku (id_Nadanie_Ladunku, data, id_Kontrahent, id_Ladunek) VALUES(73, '1990-01-08 05:00:00', 7, 69);
INSERT INTO Nadanie_Ladunku (id_Nadanie_Ladunku, data, id_Kontrahent, id_Ladunek) VALUES(74, '1990-01-08 07:00:00', 7, 70);
INSERT INTO Nadanie_Ladunku (id_Nadanie_Ladunku, data, id_Kontrahent, id_Ladunek) VALUES(75, '1990-01-08 11:00:00', 6, 71);
INSERT INTO Nadanie_Ladunku (id_Nadanie_Ladunku, data, id_Kontrahent, id_Ladunek) VALUES(76, '1990-01-08 20:00:00', 7, 72);
INSERT INTO Nadanie_Ladunku (id_Nadanie_Ladunku, data, id_Kontrahent, id_Ladunek) VALUES(77, '1990-01-09 09:00:00', 6, 73);
INSERT INTO Nadanie_Ladunku (id_Nadanie_Ladunku, data, id_Kontrahent, id_Ladunek) VALUES(78, '1990-01-10 00:00:00', 7, 74);
INSERT INTO Nadanie_Ladunku (id_Nadanie_Ladunku, data, id_Kontrahent, id_Ladunek) VALUES(79, '1990-01-10 02:00:00', 1, 75);
INSERT INTO Nadanie_Ladunku (id_Nadanie_Ladunku, data, id_Kontrahent, id_Ladunek) VALUES(80, '1990-01-10 06:00:00', 6, 76);
INSERT INTO Nadanie_Ladunku (id_Nadanie_Ladunku, data, id_Kontrahent, id_Ladunek) VALUES(81, '1990-01-10 12:00:00', 7, 77);
INSERT INTO Nadanie_Ladunku (id_Nadanie_Ladunku, data, id_Kontrahent, id_Ladunek) VALUES(82, '1990-01-10 14:00:00', 7, 78);
INSERT INTO Nadanie_Ladunku (id_Nadanie_Ladunku, data, id_Kontrahent, id_Ladunek) VALUES(83, '1990-01-10 17:00:00', 1, 79);
INSERT INTO Nadanie_Ladunku (id_Nadanie_Ladunku, data, id_Kontrahent, id_Ladunek) VALUES(84, '1990-01-10 22:00:00', 2, 80);
INSERT INTO Nadanie_Ladunku (id_Nadanie_Ladunku, data, id_Kontrahent, id_Ladunek) VALUES(85, '1990-01-11 01:00:00', 7, 81);
INSERT INTO Nadanie_Ladunku (id_Nadanie_Ladunku, data, id_Kontrahent, id_Ladunek) VALUES(86, '1990-01-11 03:00:00', 1, 82);
INSERT INTO Nadanie_Ladunku (id_Nadanie_Ladunku, data, id_Kontrahent, id_Ladunek) VALUES(87, '1990-01-11 13:00:00', 2, 83);
INSERT INTO Nadanie_Ladunku (id_Nadanie_Ladunku, data, id_Kontrahent, id_Ladunek) VALUES(88, '1990-01-11 15:00:00', 7, 84);
INSERT INTO Nadanie_Ladunku (id_Nadanie_Ladunku, data, id_Kontrahent, id_Ladunek) VALUES(89, '1990-01-11 23:00:00', 7, 85);
INSERT INTO Nadanie_Ladunku (id_Nadanie_Ladunku, data, id_Kontrahent, id_Ladunek) VALUES(90, '1990-01-12 08:00:00', 1, 86);
INSERT INTO Nadanie_Ladunku (id_Nadanie_Ladunku, data, id_Kontrahent, id_Ladunek) VALUES(91, '1990-01-12 21:00:00', 2, 87);
INSERT INTO Nadanie_Ladunku (id_Nadanie_Ladunku, data, id_Kontrahent, id_Ladunek) VALUES(92, '1990-01-13 01:00:00', 2, 88);
INSERT INTO Nadanie_Ladunku (id_Nadanie_Ladunku, data, id_Kontrahent, id_Ladunek) VALUES(93, '1990-01-13 05:00:00', 1, 89);
INSERT INTO Nadanie_Ladunku (id_Nadanie_Ladunku, data, id_Kontrahent, id_Ladunek) VALUES(94, '1990-01-13 17:00:00', 6, 90);
INSERT INTO Nadanie_Ladunku (id_Nadanie_Ladunku, data, id_Kontrahent, id_Ladunek) VALUES(95, '1990-01-14 08:00:00', 2, 91);
INSERT INTO Nadanie_Ladunku (id_Nadanie_Ladunku, data, id_Kontrahent, id_Ladunek) VALUES(96, '1990-01-14 13:00:00', 2, 92);
INSERT INTO Nadanie_Ladunku (id_Nadanie_Ladunku, data, id_Kontrahent, id_Ladunek) VALUES(97, '1990-01-14 14:00:00', 2, 93);
INSERT INTO Nadanie_Ladunku (id_Nadanie_Ladunku, data, id_Kontrahent, id_Ladunek) VALUES(98, '1990-01-14 17:00:00', 2, 94);
INSERT INTO Nadanie_Ladunku (id_Nadanie_Ladunku, data, id_Kontrahent, id_Ladunek) VALUES(99, '1990-01-14 19:00:00', 7, 95);
INSERT INTO Nadanie_Ladunku (id_Nadanie_Ladunku, data, id_Kontrahent, id_Ladunek) VALUES(100, '1990-01-14 22:00:00', 2, 96);
INSERT INTO Nadanie_Ladunku (id_Nadanie_Ladunku, data, id_Kontrahent, id_Ladunek) VALUES(101, '1990-01-15 04:00:00', 7, 97);
INSERT INTO Nadanie_Ladunku (id_Nadanie_Ladunku, data, id_Kontrahent, id_Ladunek) VALUES(102, '1990-01-15 06:00:00', 6, 98);
INSERT INTO Nadanie_Ladunku (id_Nadanie_Ladunku, data, id_Kontrahent, id_Ladunek) VALUES(103, '1990-01-15 11:00:00', 6, 99);
INSERT INTO Nadanie_Ladunku (id_Nadanie_Ladunku, data, id_Kontrahent, id_Ladunek) VALUES(104, '1990-01-15 19:00:00', 7, 100);
INSERT INTO Nadanie_Ladunku (id_Nadanie_Ladunku, data, id_Kontrahent, id_Ladunek) VALUES(105, '1990-01-15 22:00:00', 2, 101);
INSERT INTO Nadanie_Ladunku (id_Nadanie_Ladunku, data, id_Kontrahent, id_Ladunek) VALUES(106, '1990-01-16 05:00:00', 7, 102);
INSERT INTO Nadanie_Ladunku (id_Nadanie_Ladunku, data, id_Kontrahent, id_Ladunek) VALUES(107, '1990-01-16 06:00:00', 1, 103);
INSERT INTO Nadanie_Ladunku (id_Nadanie_Ladunku, data, id_Kontrahent, id_Ladunek) VALUES(108, '1990-01-16 10:00:00', 1, 104);
INSERT INTO Nadanie_Ladunku (id_Nadanie_Ladunku, data, id_Kontrahent, id_Ladunek) VALUES(109, '1990-01-16 11:00:00', 2, 105);
INSERT INTO Nadanie_Ladunku (id_Nadanie_Ladunku, data, id_Kontrahent, id_Ladunek) VALUES(110, '1990-01-16 13:00:00', 6, 106);
INSERT INTO Nadanie_Ladunku (id_Nadanie_Ladunku, data, id_Kontrahent, id_Ladunek) VALUES(111, '1990-01-17 03:00:00', 1, 107);
INSERT INTO Nadanie_Ladunku (id_Nadanie_Ladunku, data, id_Kontrahent, id_Ladunek) VALUES(113, '1990-01-17 20:00:00', 2, 108);
INSERT INTO Nadanie_Ladunku (id_Nadanie_Ladunku, data, id_Kontrahent, id_Ladunek) VALUES(115, '1990-01-18 02:00:00', 6, 109);
INSERT INTO Nadanie_Ladunku (id_Nadanie_Ladunku, data, id_Kontrahent, id_Ladunek) VALUES(116, '1990-01-18 10:00:00', 7, 110);
INSERT INTO Nadanie_Ladunku (id_Nadanie_Ladunku, data, id_Kontrahent, id_Ladunek) VALUES(117, '1990-01-18 14:00:00', 6, 111);
INSERT INTO Nadanie_Ladunku (id_Nadanie_Ladunku, data, id_Kontrahent, id_Ladunek) VALUES(118, '1990-01-18 21:00:00', 1, 112);
INSERT INTO Nadanie_Ladunku (id_Nadanie_Ladunku, data, id_Kontrahent, id_Ladunek) VALUES(119, '1990-01-19 01:00:00', 1, 113);
INSERT INTO Nadanie_Ladunku (id_Nadanie_Ladunku, data, id_Kontrahent, id_Ladunek) VALUES(120, '1990-01-19 06:00:00', 1, 114);
INSERT INTO Nadanie_Ladunku (id_Nadanie_Ladunku, data, id_Kontrahent, id_Ladunek) VALUES(121, '1990-01-19 08:00:00', 2, 115);
INSERT INTO Nadanie_Ladunku (id_Nadanie_Ladunku, data, id_Kontrahent, id_Ladunek) VALUES(123, '1990-01-19 15:00:00', 1, 116);
INSERT INTO Nadanie_Ladunku (id_Nadanie_Ladunku, data, id_Kontrahent, id_Ladunek) VALUES(124, '1990-01-19 22:00:00', 7, 117);
INSERT INTO Nadanie_Ladunku (id_Nadanie_Ladunku, data, id_Kontrahent, id_Ladunek) VALUES(125, '1990-01-19 23:00:00', 7, 118);
INSERT INTO Nadanie_Ladunku (id_Nadanie_Ladunku, data, id_Kontrahent, id_Ladunek) VALUES(126, '1990-01-20 04:00:00', 7, 119);
INSERT INTO Nadanie_Ladunku (id_Nadanie_Ladunku, data, id_Kontrahent, id_Ladunek) VALUES(127, '1990-01-20 16:00:00', 2, 120);
INSERT INTO Nadanie_Ladunku (id_Nadanie_Ladunku, data, id_Kontrahent, id_Ladunek) VALUES(128, '1990-01-20 17:00:00', 7, 121);
INSERT INTO Nadanie_Ladunku (id_Nadanie_Ladunku, data, id_Kontrahent, id_Ladunek) VALUES(129, '1990-01-20 19:00:00', 6, 122);
INSERT INTO Nadanie_Ladunku (id_Nadanie_Ladunku, data, id_Kontrahent, id_Ladunek) VALUES(130, '1990-01-21 04:00:00', 6, 123);
INSERT INTO Nadanie_Ladunku (id_Nadanie_Ladunku, data, id_Kontrahent, id_Ladunek) VALUES(131, '1990-01-21 06:00:00', 1, 124);
INSERT INTO Nadanie_Ladunku (id_Nadanie_Ladunku, data, id_Kontrahent, id_Ladunek) VALUES(132, '1990-01-21 20:00:00', 7, 125);
INSERT INTO Nadanie_Ladunku (id_Nadanie_Ladunku, data, id_Kontrahent, id_Ladunek) VALUES(133, '1990-01-21 21:00:00', 1, 126);
INSERT INTO Nadanie_Ladunku (id_Nadanie_Ladunku, data, id_Kontrahent, id_Ladunek) VALUES(134, '1990-01-22 01:00:00', 7, 127);
INSERT INTO Nadanie_Ladunku (id_Nadanie_Ladunku, data, id_Kontrahent, id_Ladunek) VALUES(136, '1990-01-22 08:00:00', 6, 128);
INSERT INTO Nadanie_Ladunku (id_Nadanie_Ladunku, data, id_Kontrahent, id_Ladunek) VALUES(137, '1990-01-22 16:00:00', 1, 129);
INSERT INTO Nadanie_Ladunku (id_Nadanie_Ladunku, data, id_Kontrahent, id_Ladunek) VALUES(138, '1990-01-22 19:00:00', 7, 130);
INSERT INTO Nadanie_Ladunku (id_Nadanie_Ladunku, data, id_Kontrahent, id_Ladunek) VALUES(139, '1990-01-23 09:00:00', 6, 131);
INSERT INTO Nadanie_Ladunku (id_Nadanie_Ladunku, data, id_Kontrahent, id_Ladunek) VALUES(140, '1990-01-23 11:00:00', 2, 132);
INSERT INTO Nadanie_Ladunku (id_Nadanie_Ladunku, data, id_Kontrahent, id_Ladunek) VALUES(141, '1990-01-23 13:00:00', 2, 133);
INSERT INTO Nadanie_Ladunku (id_Nadanie_Ladunku, data, id_Kontrahent, id_Ladunek) VALUES(142, '1990-01-23 14:00:00', 6, 134);
INSERT INTO Nadanie_Ladunku (id_Nadanie_Ladunku, data, id_Kontrahent, id_Ladunek) VALUES(143, '1990-01-23 22:00:00', 6, 135);
INSERT INTO Nadanie_Ladunku (id_Nadanie_Ladunku, data, id_Kontrahent, id_Ladunek) VALUES(145, '1990-01-24 12:00:00', 2, 136);
INSERT INTO Nadanie_Ladunku (id_Nadanie_Ladunku, data, id_Kontrahent, id_Ladunek) VALUES(146, '1990-01-24 13:00:00', 2, 137);
INSERT INTO Nadanie_Ladunku (id_Nadanie_Ladunku, data, id_Kontrahent, id_Ladunek) VALUES(147, '1990-01-24 15:00:00', 1, 138);
INSERT INTO Nadanie_Ladunku (id_Nadanie_Ladunku, data, id_Kontrahent, id_Ladunek) VALUES(150, '1990-01-25 09:00:00', 6, 139);
INSERT INTO Nadanie_Ladunku (id_Nadanie_Ladunku, data, id_Kontrahent, id_Ladunek) VALUES(151, '1990-01-25 14:00:00', 1, 140);
INSERT INTO Nadanie_Ladunku (id_Nadanie_Ladunku, data, id_Kontrahent, id_Ladunek) VALUES(152, '1990-01-25 16:00:00', 6, 141);
INSERT INTO Nadanie_Ladunku (id_Nadanie_Ladunku, data, id_Kontrahent, id_Ladunek) VALUES(153, '1990-01-26 06:00:00', 7, 142);
INSERT INTO Nadanie_Ladunku (id_Nadanie_Ladunku, data, id_Kontrahent, id_Ladunek) VALUES(154, '1990-01-27 02:00:00', 6, 143);
INSERT INTO Nadanie_Ladunku (id_Nadanie_Ladunku, data, id_Kontrahent, id_Ladunek) VALUES(155, '1990-01-27 04:00:00', 6, 144);
INSERT INTO Nadanie_Ladunku (id_Nadanie_Ladunku, data, id_Kontrahent, id_Ladunek) VALUES(156, '1990-01-27 09:00:00', 1, 145);
INSERT INTO Nadanie_Ladunku (id_Nadanie_Ladunku, data, id_Kontrahent, id_Ladunek) VALUES(157, '1990-01-27 11:00:00', 2, 146);
INSERT INTO Nadanie_Ladunku (id_Nadanie_Ladunku, data, id_Kontrahent, id_Ladunek) VALUES(158, '1990-01-27 19:00:00', 1, 147);
INSERT INTO Nadanie_Ladunku (id_Nadanie_Ladunku, data, id_Kontrahent, id_Ladunek) VALUES(159, '1990-01-28 04:00:00', 7, 148);
INSERT INTO Nadanie_Ladunku (id_Nadanie_Ladunku, data, id_Kontrahent, id_Ladunek) VALUES(160, '1990-01-28 10:00:00', 6, 149);
INSERT INTO Nadanie_Ladunku (id_Nadanie_Ladunku, data, id_Kontrahent, id_Ladunek) VALUES(161, '1990-01-28 11:00:00', 2, 150);
INSERT INTO Nadanie_Ladunku (id_Nadanie_Ladunku, data, id_Kontrahent, id_Ladunek) VALUES(162, '1990-01-28 12:00:00', 7, 151);
INSERT INTO Nadanie_Ladunku (id_Nadanie_Ladunku, data, id_Kontrahent, id_Ladunek) VALUES(163, '1990-01-28 14:00:00', 7, 152);
INSERT INTO Nadanie_Ladunku (id_Nadanie_Ladunku, data, id_Kontrahent, id_Ladunek) VALUES(164, '1990-01-28 19:00:00', 7, 153);
INSERT INTO Nadanie_Ladunku (id_Nadanie_Ladunku, data, id_Kontrahent, id_Ladunek) VALUES(165, '1990-01-29 13:00:00', 7, 154);
INSERT INTO Nadanie_Ladunku (id_Nadanie_Ladunku, data, id_Kontrahent, id_Ladunek) VALUES(166, '1990-01-29 17:00:00', 2, 155);
INSERT INTO Nadanie_Ladunku (id_Nadanie_Ladunku, data, id_Kontrahent, id_Ladunek) VALUES(167, '1990-01-29 18:00:00', 1, 156);
INSERT INTO Nadanie_Ladunku (id_Nadanie_Ladunku, data, id_Kontrahent, id_Ladunek) VALUES(168, '1990-01-29 20:00:00', 2, 157);
INSERT INTO Nadanie_Ladunku (id_Nadanie_Ladunku, data, id_Kontrahent, id_Ladunek) VALUES(169, '1990-01-30 06:00:00', 6, 158);
INSERT INTO Nadanie_Ladunku (id_Nadanie_Ladunku, data, id_Kontrahent, id_Ladunek) VALUES(170, '1990-01-30 23:00:00', 6, 159);
INSERT INTO Nadanie_Ladunku (id_Nadanie_Ladunku, data, id_Kontrahent, id_Ladunek) VALUES(171, '1990-01-31 13:00:00', 7, 160);
INSERT INTO Nadanie_Ladunku (id_Nadanie_Ladunku, data, id_Kontrahent, id_Ladunek) VALUES(172, '1990-01-31 14:00:00', 1, 161);
INSERT INTO Nadanie_Ladunku (id_Nadanie_Ladunku, data, id_Kontrahent, id_Ladunek) VALUES(173, '1990-01-31 20:00:00', 6, 162);
INSERT INTO Nadanie_Ladunku (id_Nadanie_Ladunku, data, id_Kontrahent, id_Ladunek) VALUES(174, '1990-02-01 00:00:00', 1, 163);
INSERT INTO Nadanie_Ladunku (id_Nadanie_Ladunku, data, id_Kontrahent, id_Ladunek) VALUES(175, '1990-02-01 05:00:00', 6, 164);
INSERT INTO Nadanie_Ladunku (id_Nadanie_Ladunku, data, id_Kontrahent, id_Ladunek) VALUES(176, '1990-02-01 22:00:00', 6, 165);
INSERT INTO Nadanie_Ladunku (id_Nadanie_Ladunku, data, id_Kontrahent, id_Ladunek) VALUES(177, '1990-02-02 06:00:00', 2, 166);
INSERT INTO Nadanie_Ladunku (id_Nadanie_Ladunku, data, id_Kontrahent, id_Ladunek) VALUES(178, '1990-02-02 08:00:00', 7, 167);
INSERT INTO Nadanie_Ladunku (id_Nadanie_Ladunku, data, id_Kontrahent, id_Ladunek) VALUES(179, '1990-02-02 12:00:00', 2, 168);
INSERT INTO Nadanie_Ladunku (id_Nadanie_Ladunku, data, id_Kontrahent, id_Ladunek) VALUES(180, '1990-02-02 20:00:00', 1, 169);
INSERT INTO Nadanie_Ladunku (id_Nadanie_Ladunku, data, id_Kontrahent, id_Ladunek) VALUES(181, '1990-02-03 00:00:00', 2, 170);
INSERT INTO Nadanie_Ladunku (id_Nadanie_Ladunku, data, id_Kontrahent, id_Ladunek) VALUES(182, '1990-02-03 03:00:00', 1, 171);
INSERT INTO Nadanie_Ladunku (id_Nadanie_Ladunku, data, id_Kontrahent, id_Ladunek) VALUES(183, '1990-02-03 08:00:00', 7, 172);
INSERT INTO Nadanie_Ladunku (id_Nadanie_Ladunku, data, id_Kontrahent, id_Ladunek) VALUES(184, '1990-02-03 10:00:00', 6, 173);
INSERT INTO Nadanie_Ladunku (id_Nadanie_Ladunku, data, id_Kontrahent, id_Ladunek) VALUES(185, '1990-02-03 18:00:00', 2, 174);
INSERT INTO Nadanie_Ladunku (id_Nadanie_Ladunku, data, id_Kontrahent, id_Ladunek) VALUES(186, '1990-02-04 19:00:00', 6, 175);
INSERT INTO Nadanie_Ladunku (id_Nadanie_Ladunku, data, id_Kontrahent, id_Ladunek) VALUES(187, '1990-02-05 04:00:00', 1, 176);
INSERT INTO Nadanie_Ladunku (id_Nadanie_Ladunku, data, id_Kontrahent, id_Ladunek) VALUES(189, '1990-02-05 11:00:00', 2, 177);
INSERT INTO Nadanie_Ladunku (id_Nadanie_Ladunku, data, id_Kontrahent, id_Ladunek) VALUES(190, '1990-02-05 13:00:00', 1, 178);
INSERT INTO Nadanie_Ladunku (id_Nadanie_Ladunku, data, id_Kontrahent, id_Ladunek) VALUES(191, '1990-02-05 19:00:00', 6, 179);
INSERT INTO Nadanie_Ladunku (id_Nadanie_Ladunku, data, id_Kontrahent, id_Ladunek) VALUES(192, '1990-02-06 16:00:00', 1, 180);
INSERT INTO Nadanie_Ladunku (id_Nadanie_Ladunku, data, id_Kontrahent, id_Ladunek) VALUES(193, '1990-02-06 17:00:00', 6, 181);
INSERT INTO Nadanie_Ladunku (id_Nadanie_Ladunku, data, id_Kontrahent, id_Ladunek) VALUES(194, '1990-02-06 20:00:00', 7, 182);
INSERT INTO Nadanie_Ladunku (id_Nadanie_Ladunku, data, id_Kontrahent, id_Ladunek) VALUES(195, '1990-02-07 03:00:00', 7, 183);
INSERT INTO Nadanie_Ladunku (id_Nadanie_Ladunku, data, id_Kontrahent, id_Ladunek) VALUES(196, '1990-02-07 07:00:00', 7, 184);
INSERT INTO Nadanie_Ladunku (id_Nadanie_Ladunku, data, id_Kontrahent, id_Ladunek) VALUES(197, '1990-02-07 13:00:00', 1, 185);
INSERT INTO Nadanie_Ladunku (id_Nadanie_Ladunku, data, id_Kontrahent, id_Ladunek) VALUES(198, '1990-02-07 20:00:00', 1, 186);
INSERT INTO Nadanie_Ladunku (id_Nadanie_Ladunku, data, id_Kontrahent, id_Ladunek) VALUES(199, '1990-02-07 22:00:00', 2, 187);
INSERT INTO Nadanie_Ladunku (id_Nadanie_Ladunku, data, id_Kontrahent, id_Ladunek) VALUES(200, '1990-02-08 05:00:00', 2, 188);
INSERT INTO Nadanie_Ladunku (id_Nadanie_Ladunku, data, id_Kontrahent, id_Ladunek) VALUES(201, '1990-02-08 11:00:00', 1, 189);
INSERT INTO Nadanie_Ladunku (id_Nadanie_Ladunku, data, id_Kontrahent, id_Ladunek) VALUES(202, '1990-02-08 14:00:00', 7, 190);
INSERT INTO Nadanie_Ladunku (id_Nadanie_Ladunku, data, id_Kontrahent, id_Ladunek) VALUES(203, '1990-02-08 17:00:00', 6, 191);
INSERT INTO Nadanie_Ladunku (id_Nadanie_Ladunku, data, id_Kontrahent, id_Ladunek) VALUES(204, '1990-02-08 21:00:00', 2, 192);
INSERT INTO Nadanie_Ladunku (id_Nadanie_Ladunku, data, id_Kontrahent, id_Ladunek) VALUES(206, '1990-02-09 04:00:00', 2, 193);
INSERT INTO Nadanie_Ladunku (id_Nadanie_Ladunku, data, id_Kontrahent, id_Ladunek) VALUES(207, '1990-02-10 23:00:00', 2, 194);
INSERT INTO Nadanie_Ladunku (id_Nadanie_Ladunku, data, id_Kontrahent, id_Ladunek) VALUES(208, '1990-02-11 09:00:00', 2, 195);
INSERT INTO Nadanie_Ladunku (id_Nadanie_Ladunku, data, id_Kontrahent, id_Ladunek) VALUES(209, '1990-02-11 16:00:00', 2, 196);
INSERT INTO Nadanie_Ladunku (id_Nadanie_Ladunku, data, id_Kontrahent, id_Ladunek) VALUES(211, '1990-02-12 21:00:00', 7, 197);
INSERT INTO Nadanie_Ladunku (id_Nadanie_Ladunku, data, id_Kontrahent, id_Ladunek) VALUES(212, '1990-02-13 02:00:00', 1, 198);
INSERT INTO Nadanie_Ladunku (id_Nadanie_Ladunku, data, id_Kontrahent, id_Ladunek) VALUES(213, '1990-02-13 08:00:00', 1, 199);
INSERT INTO Nadanie_Ladunku (id_Nadanie_Ladunku, data, id_Kontrahent, id_Ladunek) VALUES(215, '1990-02-13 22:00:00', 6, 200);
INSERT INTO Nadanie_Ladunku (id_Nadanie_Ladunku, data, id_Kontrahent, id_Ladunek) VALUES(216, '1990-02-14 02:00:00', 6, 201);
INSERT INTO Nadanie_Ladunku (id_Nadanie_Ladunku, data, id_Kontrahent, id_Ladunek) VALUES(217, '1990-02-14 10:00:00', 2, 202);
INSERT INTO Nadanie_Ladunku (id_Nadanie_Ladunku, data, id_Kontrahent, id_Ladunek) VALUES(218, '1990-02-14 12:00:00', 7, 203);
INSERT INTO Nadanie_Ladunku (id_Nadanie_Ladunku, data, id_Kontrahent, id_Ladunek) VALUES(219, '1990-02-14 13:00:00', 1, 204);
INSERT INTO Nadanie_Ladunku (id_Nadanie_Ladunku, data, id_Kontrahent, id_Ladunek) VALUES(220, '1990-02-14 18:00:00', 6, 205);
INSERT INTO Nadanie_Ladunku (id_Nadanie_Ladunku, data, id_Kontrahent, id_Ladunek) VALUES(221, '1990-02-14 23:00:00', 6, 206);
INSERT INTO Nadanie_Ladunku (id_Nadanie_Ladunku, data, id_Kontrahent, id_Ladunek) VALUES(223, '1990-02-15 06:00:00', 7, 207);
INSERT INTO Nadanie_Ladunku (id_Nadanie_Ladunku, data, id_Kontrahent, id_Ladunek) VALUES(225, '1990-02-15 11:00:00', 2, 208);
INSERT INTO Nadanie_Ladunku (id_Nadanie_Ladunku, data, id_Kontrahent, id_Ladunek) VALUES(227, '1990-02-15 18:00:00', 6, 209);
SET IDENTITY_INSERT Nadanie_Ladunku OFF;

SET IDENTITY_INSERT Odbior_Ladunku ON;
INSERT INTO Odbior_Ladunku (id_Odbior_Ladunku, data, id_Kontrahent, id_Ladunek) VALUES(1, '1990-01-05 10:00:00', 2, 2);
INSERT INTO Odbior_Ladunku (id_Odbior_Ladunku, data, id_Kontrahent, id_Ladunek) VALUES(2, '1990-01-05 14:00:00', 2, 4);
INSERT INTO Odbior_Ladunku (id_Odbior_Ladunku, data, id_Kontrahent, id_Ladunek) VALUES(3, '1990-01-05 20:00:00', 6, 6);
INSERT INTO Odbior_Ladunku (id_Odbior_Ladunku, data, id_Kontrahent, id_Ladunek) VALUES(4, '1990-01-05 22:00:00', 2, 7);
INSERT INTO Odbior_Ladunku (id_Odbior_Ladunku, data, id_Kontrahent, id_Ladunek) VALUES(5, '1990-01-06 01:00:00', 2, 14);
INSERT INTO Odbior_Ladunku (id_Odbior_Ladunku, data, id_Kontrahent, id_Ladunek) VALUES(6, '1990-01-06 04:00:00', 6, 15);
INSERT INTO Odbior_Ladunku (id_Odbior_Ladunku, data, id_Kontrahent, id_Ladunek) VALUES(7, '1990-01-06 05:00:00', 1, 16);
INSERT INTO Odbior_Ladunku (id_Odbior_Ladunku, data, id_Kontrahent, id_Ladunek) VALUES(8, '1990-01-06 09:00:00', 7, 17);
INSERT INTO Odbior_Ladunku (id_Odbior_Ladunku, data, id_Kontrahent, id_Ladunek) VALUES(9, '1990-01-06 11:00:00', 7, 19);
INSERT INTO Odbior_Ladunku (id_Odbior_Ladunku, data, id_Kontrahent, id_Ladunek) VALUES(10, '1990-01-06 13:00:00', 2, 23);
INSERT INTO Odbior_Ladunku (id_Odbior_Ladunku, data, id_Kontrahent, id_Ladunek) VALUES(11, '1990-01-06 18:00:00', 2, 27);
INSERT INTO Odbior_Ladunku (id_Odbior_Ladunku, data, id_Kontrahent, id_Ladunek) VALUES(12, '1990-01-06 23:00:00', 6, 29);
INSERT INTO Odbior_Ladunku (id_Odbior_Ladunku, data, id_Kontrahent, id_Ladunek) VALUES(13, '1990-01-07 00:00:00', 1, 30);
INSERT INTO Odbior_Ladunku (id_Odbior_Ladunku, data, id_Kontrahent, id_Ladunek) VALUES(14, '1990-01-07 02:00:00', 1, 31);
INSERT INTO Odbior_Ladunku (id_Odbior_Ladunku, data, id_Kontrahent, id_Ladunek) VALUES(15, '1990-01-07 06:00:00', 6, 32);
INSERT INTO Odbior_Ladunku (id_Odbior_Ladunku, data, id_Kontrahent, id_Ladunek) VALUES(16, '1990-01-07 13:00:00', 6, 34);
INSERT INTO Odbior_Ladunku (id_Odbior_Ladunku, data, id_Kontrahent, id_Ladunek) VALUES(17, '1990-01-07 16:00:00', 2, 37);
INSERT INTO Odbior_Ladunku (id_Odbior_Ladunku, data, id_Kontrahent, id_Ladunek) VALUES(18, '1990-01-07 20:00:00', 2, 39);
INSERT INTO Odbior_Ladunku (id_Odbior_Ladunku, data, id_Kontrahent, id_Ladunek) VALUES(19, '1990-01-07 21:00:00', 7, 40);
INSERT INTO Odbior_Ladunku (id_Odbior_Ladunku, data, id_Kontrahent, id_Ladunek) VALUES(20, '1990-01-07 23:00:00', 1, 41);
INSERT INTO Odbior_Ladunku (id_Odbior_Ladunku, data, id_Kontrahent, id_Ladunek) VALUES(21, '1990-01-08 00:00:00', 1, 42);
INSERT INTO Odbior_Ladunku (id_Odbior_Ladunku, data, id_Kontrahent, id_Ladunek) VALUES(22, '1990-01-08 04:00:00', 1, 44);
INSERT INTO Odbior_Ladunku (id_Odbior_Ladunku, data, id_Kontrahent, id_Ladunek) VALUES(23, '1990-01-08 09:00:00', 6, 48);
INSERT INTO Odbior_Ladunku (id_Odbior_Ladunku, data, id_Kontrahent, id_Ladunek) VALUES(24, '1990-01-08 10:00:00', 1, 49);
INSERT INTO Odbior_Ladunku (id_Odbior_Ladunku, data, id_Kontrahent, id_Ladunek) VALUES(25, '1990-01-08 17:00:00', 6, 53);
INSERT INTO Odbior_Ladunku (id_Odbior_Ladunku, data, id_Kontrahent, id_Ladunek) VALUES(26, '1990-01-08 22:00:00', 7, 55);
INSERT INTO Odbior_Ladunku (id_Odbior_Ladunku, data, id_Kontrahent, id_Ladunek) VALUES(27, '1990-01-09 00:00:00', 6, 56);
INSERT INTO Odbior_Ladunku (id_Odbior_Ladunku, data, id_Kontrahent, id_Ladunek) VALUES(28, '1990-01-09 06:00:00', 1, 60);
INSERT INTO Odbior_Ladunku (id_Odbior_Ladunku, data, id_Kontrahent, id_Ladunek) VALUES(29, '1990-01-09 07:00:00', 6, 61);
INSERT INTO Odbior_Ladunku (id_Odbior_Ladunku, data, id_Kontrahent, id_Ladunek) VALUES(30, '1990-01-09 12:00:00', 7, 64);
INSERT INTO Odbior_Ladunku (id_Odbior_Ladunku, data, id_Kontrahent, id_Ladunek) VALUES(31, '1990-01-09 15:00:00', 6, 68);
INSERT INTO Odbior_Ladunku (id_Odbior_Ladunku, data, id_Kontrahent, id_Ladunek) VALUES(32, '1990-01-09 16:00:00', 2, 69);
INSERT INTO Odbior_Ladunku (id_Odbior_Ladunku, data, id_Kontrahent, id_Ladunek) VALUES(33, '1990-01-09 20:00:00', 2, 71);
INSERT INTO Odbior_Ladunku (id_Odbior_Ladunku, data, id_Kontrahent, id_Ladunek) VALUES(34, '1990-01-09 22:00:00', 2, 72);
INSERT INTO Odbior_Ladunku (id_Odbior_Ladunku, data, id_Kontrahent, id_Ladunek) VALUES(35, '1990-01-09 23:00:00', 2, 73);
INSERT INTO Odbior_Ladunku (id_Odbior_Ladunku, data, id_Kontrahent, id_Ladunek) VALUES(36, '1990-01-10 04:00:00', 1, 74);
INSERT INTO Odbior_Ladunku (id_Odbior_Ladunku, data, id_Kontrahent, id_Ladunek) VALUES(37, '1990-01-10 05:00:00', 7, 75);
INSERT INTO Odbior_Ladunku (id_Odbior_Ladunku, data, id_Kontrahent, id_Ladunek) VALUES(38, '1990-01-10 09:00:00', 7, 76);
INSERT INTO Odbior_Ladunku (id_Odbior_Ladunku, data, id_Kontrahent, id_Ladunek) VALUES(39, '1990-01-10 15:00:00', 7, 77);
INSERT INTO Odbior_Ladunku (id_Odbior_Ladunku, data, id_Kontrahent, id_Ladunek) VALUES(40, '1990-01-11 07:00:00', 6, 81);
INSERT INTO Odbior_Ladunku (id_Odbior_Ladunku, data, id_Kontrahent, id_Ladunek) VALUES(41, '1990-01-11 14:00:00', 1, 83);
INSERT INTO Odbior_Ladunku (id_Odbior_Ladunku, data, id_Kontrahent, id_Ladunek) VALUES(42, '1990-01-11 17:00:00', 2, 84);
INSERT INTO Odbior_Ladunku (id_Odbior_Ladunku, data, id_Kontrahent, id_Ladunek) VALUES(43, '1990-01-12 00:00:00', 6, 85);
INSERT INTO Odbior_Ladunku (id_Odbior_Ladunku, data, id_Kontrahent, id_Ladunek) VALUES(44, '1990-01-12 22:00:00', 7, 87);
INSERT INTO Odbior_Ladunku (id_Odbior_Ladunku, data, id_Kontrahent, id_Ladunek) VALUES(45, '1990-01-13 02:00:00', 2, 88);
INSERT INTO Odbior_Ladunku (id_Odbior_Ladunku, data, id_Kontrahent, id_Ladunek) VALUES(46, '1990-01-13 08:00:00', 6, 89);
INSERT INTO Odbior_Ladunku (id_Odbior_Ladunku, data, id_Kontrahent, id_Ladunek) VALUES(47, '1990-01-13 20:00:00', 7, 90);
INSERT INTO Odbior_Ladunku (id_Odbior_Ladunku, data, id_Kontrahent, id_Ladunek) VALUES(48, '1990-01-14 16:00:00', 6, 93);
INSERT INTO Odbior_Ladunku (id_Odbior_Ladunku, data, id_Kontrahent, id_Ladunek) VALUES(49, '1990-01-15 00:00:00', 6, 94);
INSERT INTO Odbior_Ladunku (id_Odbior_Ladunku, data, id_Kontrahent, id_Ladunek) VALUES(50, '1990-01-15 07:00:00', 2, 98);
INSERT INTO Odbior_Ladunku (id_Odbior_Ladunku, data, id_Kontrahent, id_Ladunek) VALUES(51, '1990-01-15 15:00:00', 6, 99);
INSERT INTO Odbior_Ladunku (id_Odbior_Ladunku, data, id_Kontrahent, id_Ladunek) VALUES(52, '1990-01-15 20:00:00', 1, 100);
INSERT INTO Odbior_Ladunku (id_Odbior_Ladunku, data, id_Kontrahent, id_Ladunek) VALUES(53, '1990-01-16 08:00:00', 1, 103);
INSERT INTO Odbior_Ladunku (id_Odbior_Ladunku, data, id_Kontrahent, id_Ladunek) VALUES(54, '1990-01-16 12:00:00', 2, 102);
INSERT INTO Odbior_Ladunku (id_Odbior_Ladunku, data, id_Kontrahent, id_Ladunek) VALUES(55, '1990-01-16 14:00:00', 2, 105);
INSERT INTO Odbior_Ladunku (id_Odbior_Ladunku, data, id_Kontrahent, id_Ladunek) VALUES(56, '1990-01-16 16:00:00', 2, 106);
INSERT INTO Odbior_Ladunku (id_Odbior_Ladunku, data, id_Kontrahent, id_Ladunek) VALUES(57, '1990-01-17 06:00:00', 2, 107);
INSERT INTO Odbior_Ladunku (id_Odbior_Ladunku, data, id_Kontrahent, id_Ladunek) VALUES(58, '1990-01-18 06:00:00', 1, 109);
INSERT INTO Odbior_Ladunku (id_Odbior_Ladunku, data, id_Kontrahent, id_Ladunek) VALUES(59, '1990-01-18 13:00:00', 1, 110);
INSERT INTO Odbior_Ladunku (id_Odbior_Ladunku, data, id_Kontrahent, id_Ladunek) VALUES(60, '1990-01-19 00:00:00', 6, 112);
INSERT INTO Odbior_Ladunku (id_Odbior_Ladunku, data, id_Kontrahent, id_Ladunek) VALUES(61, '1990-01-19 11:00:00', 6, 113);
INSERT INTO Odbior_Ladunku (id_Odbior_Ladunku, data, id_Kontrahent, id_Ladunek) VALUES(62, '1990-01-19 13:00:00', 2, 115);
INSERT INTO Odbior_Ladunku (id_Odbior_Ladunku, data, id_Kontrahent, id_Ladunek) VALUES(63, '1990-01-19 20:00:00', 2, 116);
INSERT INTO Odbior_Ladunku (id_Odbior_Ladunku, data, id_Kontrahent, id_Ladunek) VALUES(64, '1990-01-20 02:00:00', 7, 117);
INSERT INTO Odbior_Ladunku (id_Odbior_Ladunku, data, id_Kontrahent, id_Ladunek) VALUES(65, '1990-01-20 09:00:00', 2, 118);
INSERT INTO Odbior_Ladunku (id_Odbior_Ladunku, data, id_Kontrahent, id_Ladunek) VALUES(66, '1990-01-20 10:00:00', 2, 119);
INSERT INTO Odbior_Ladunku (id_Odbior_Ladunku, data, id_Kontrahent, id_Ladunek) VALUES(67, '1990-01-20 20:00:00', 2, 121);
INSERT INTO Odbior_Ladunku (id_Odbior_Ladunku, data, id_Kontrahent, id_Ladunek) VALUES(68, '1990-01-20 23:00:00', 1, 122);
INSERT INTO Odbior_Ladunku (id_Odbior_Ladunku, data, id_Kontrahent, id_Ladunek) VALUES(69, '1990-01-21 13:00:00', 2, 123);
INSERT INTO Odbior_Ladunku (id_Odbior_Ladunku, data, id_Kontrahent, id_Ladunek) VALUES(70, '1990-01-21 15:00:00', 7, 124);
INSERT INTO Odbior_Ladunku (id_Odbior_Ladunku, data, id_Kontrahent, id_Ladunek) VALUES(71, '1990-01-22 09:00:00', 6, 127);
INSERT INTO Odbior_Ladunku (id_Odbior_Ladunku, data, id_Kontrahent, id_Ladunek) VALUES(72, '1990-01-22 11:00:00', 1, 128);
INSERT INTO Odbior_Ladunku (id_Odbior_Ladunku, data, id_Kontrahent, id_Ladunek) VALUES(73, '1990-01-22 20:00:00', 6, 129);
INSERT INTO Odbior_Ladunku (id_Odbior_Ladunku, data, id_Kontrahent, id_Ladunek) VALUES(74, '1990-01-23 16:00:00', 1, 132);
INSERT INTO Odbior_Ladunku (id_Odbior_Ladunku, data, id_Kontrahent, id_Ladunek) VALUES(75, '1990-01-23 17:00:00', 1, 134);
INSERT INTO Odbior_Ladunku (id_Odbior_Ladunku, data, id_Kontrahent, id_Ladunek) VALUES(76, '1990-01-24 01:00:00', 1, 135);
INSERT INTO Odbior_Ladunku (id_Odbior_Ladunku, data, id_Kontrahent, id_Ladunek) VALUES(77, '1990-01-25 11:00:00', 7, 139);
INSERT INTO Odbior_Ladunku (id_Odbior_Ladunku, data, id_Kontrahent, id_Ladunek) VALUES(78, '1990-01-26 13:00:00', 1, 142);
INSERT INTO Odbior_Ladunku (id_Odbior_Ladunku, data, id_Kontrahent, id_Ladunek) VALUES(79, '1990-01-27 08:00:00', 6, 143);
INSERT INTO Odbior_Ladunku (id_Odbior_Ladunku, data, id_Kontrahent, id_Ladunek) VALUES(80, '1990-01-27 13:00:00', 2, 145);
INSERT INTO Odbior_Ladunku (id_Odbior_Ladunku, data, id_Kontrahent, id_Ladunek) VALUES(81, '1990-01-27 16:00:00', 1, 146);
INSERT INTO Odbior_Ladunku (id_Odbior_Ladunku, data, id_Kontrahent, id_Ladunek) VALUES(82, '1990-01-28 05:00:00', 6, 147);
INSERT INTO Odbior_Ladunku (id_Odbior_Ladunku, data, id_Kontrahent, id_Ladunek) VALUES(83, '1990-01-28 15:00:00', 6, 148);
INSERT INTO Odbior_Ladunku (id_Odbior_Ladunku, data, id_Kontrahent, id_Ladunek) VALUES(84, '1990-01-28 18:00:00', 1, 149);
INSERT INTO Odbior_Ladunku (id_Odbior_Ladunku, data, id_Kontrahent, id_Ladunek) VALUES(85, '1990-01-28 22:00:00', 2, 151);
INSERT INTO Odbior_Ladunku (id_Odbior_Ladunku, data, id_Kontrahent, id_Ladunek) VALUES(86, '1990-01-29 04:00:00', 6, 153);
INSERT INTO Odbior_Ladunku (id_Odbior_Ladunku, data, id_Kontrahent, id_Ladunek) VALUES(87, '1990-01-29 14:00:00', 1, 154);
INSERT INTO Odbior_Ladunku (id_Odbior_Ladunku, data, id_Kontrahent, id_Ladunek) VALUES(88, '1990-01-29 19:00:00', 2, 156);
INSERT INTO Odbior_Ladunku (id_Odbior_Ladunku, data, id_Kontrahent, id_Ladunek) VALUES(89, '1990-01-30 00:00:00', 7, 155);
INSERT INTO Odbior_Ladunku (id_Odbior_Ladunku, data, id_Kontrahent, id_Ladunek) VALUES(90, '1990-01-30 14:00:00', 7, 158);
INSERT INTO Odbior_Ladunku (id_Odbior_Ladunku, data, id_Kontrahent, id_Ladunek) VALUES(91, '1990-01-31 01:00:00', 1, 159);
INSERT INTO Odbior_Ladunku (id_Odbior_Ladunku, data, id_Kontrahent, id_Ladunek) VALUES(92, '1990-01-31 16:00:00', 6, 160);
INSERT INTO Odbior_Ladunku (id_Odbior_Ladunku, data, id_Kontrahent, id_Ladunek) VALUES(93, '1990-01-31 22:00:00', 7, 161);
INSERT INTO Odbior_Ladunku (id_Odbior_Ladunku, data, id_Kontrahent, id_Ladunek) VALUES(94, '1990-02-01 02:00:00', 2, 163);
INSERT INTO Odbior_Ladunku (id_Odbior_Ladunku, data, id_Kontrahent, id_Ladunek) VALUES(95, '1990-02-01 08:00:00', 1, 162);
INSERT INTO Odbior_Ladunku (id_Odbior_Ladunku, data, id_Kontrahent, id_Ladunek) VALUES(96, '1990-02-01 09:00:00', 1, 164);
INSERT INTO Odbior_Ladunku (id_Odbior_Ladunku, data, id_Kontrahent, id_Ladunek) VALUES(97, '1990-02-02 10:00:00', 1, 167);
INSERT INTO Odbior_Ladunku (id_Odbior_Ladunku, data, id_Kontrahent, id_Ladunek) VALUES(98, '1990-02-02 13:00:00', 1, 168);
INSERT INTO Odbior_Ladunku (id_Odbior_Ladunku, data, id_Kontrahent, id_Ladunek) VALUES(99, '1990-02-02 22:00:00', 7, 169);
INSERT INTO Odbior_Ladunku (id_Odbior_Ladunku, data, id_Kontrahent, id_Ladunek) VALUES(100, '1990-02-03 02:00:00', 6, 170);
INSERT INTO Odbior_Ladunku (id_Odbior_Ladunku, data, id_Kontrahent, id_Ladunek) VALUES(101, '1990-02-03 06:00:00', 6, 171);
INSERT INTO Odbior_Ladunku (id_Odbior_Ladunku, data, id_Kontrahent, id_Ladunek) VALUES(102, '1990-02-03 13:00:00', 1, 172);
INSERT INTO Odbior_Ladunku (id_Odbior_Ladunku, data, id_Kontrahent, id_Ladunek) VALUES(103, '1990-02-03 17:00:00', 1, 173);
INSERT INTO Odbior_Ladunku (id_Odbior_Ladunku, data, id_Kontrahent, id_Ladunek) VALUES(104, '1990-02-04 01:00:00', 7, 174);
INSERT INTO Odbior_Ladunku (id_Odbior_Ladunku, data, id_Kontrahent, id_Ladunek) VALUES(105, '1990-02-04 20:00:00', 2, 175);
INSERT INTO Odbior_Ladunku (id_Odbior_Ladunku, data, id_Kontrahent, id_Ladunek) VALUES(106, '1990-02-05 12:00:00', 2, 176);
INSERT INTO Odbior_Ladunku (id_Odbior_Ladunku, data, id_Kontrahent, id_Ladunek) VALUES(107, '1990-02-05 21:00:00', 7, 179);
INSERT INTO Odbior_Ladunku (id_Odbior_Ladunku, data, id_Kontrahent, id_Ladunek) VALUES(108, '1990-02-07 02:00:00', 1, 180);
INSERT INTO Odbior_Ladunku (id_Odbior_Ladunku, data, id_Kontrahent, id_Ladunek) VALUES(109, '1990-02-07 11:00:00', 6, 184);
INSERT INTO Odbior_Ladunku (id_Odbior_Ladunku, data, id_Kontrahent, id_Ladunek) VALUES(110, '1990-02-08 12:00:00', 6, 186);
INSERT INTO Odbior_Ladunku (id_Odbior_Ladunku, data, id_Kontrahent, id_Ladunek) VALUES(111, '1990-02-08 13:00:00', 7, 187);
INSERT INTO Odbior_Ladunku (id_Odbior_Ladunku, data, id_Kontrahent, id_Ladunek) VALUES(112, '1990-02-08 15:00:00', 2, 188);
INSERT INTO Odbior_Ladunku (id_Odbior_Ladunku, data, id_Kontrahent, id_Ladunek) VALUES(113, '1990-02-08 19:00:00', 7, 189);
INSERT INTO Odbior_Ladunku (id_Odbior_Ladunku, data, id_Kontrahent, id_Ladunek) VALUES(114, '1990-02-08 20:00:00', 6, 190);
INSERT INTO Odbior_Ladunku (id_Odbior_Ladunku, data, id_Kontrahent, id_Ladunek) VALUES(115, '1990-02-09 02:00:00', 6, 192);
INSERT INTO Odbior_Ladunku (id_Odbior_Ladunku, data, id_Kontrahent, id_Ladunek) VALUES(116, '1990-02-09 06:00:00', 6, 193);
INSERT INTO Odbior_Ladunku (id_Odbior_Ladunku, data, id_Kontrahent, id_Ladunek) VALUES(117, '1990-02-11 00:00:00', 1, 194);
INSERT INTO Odbior_Ladunku (id_Odbior_Ladunku, data, id_Kontrahent, id_Ladunek) VALUES(118, '1990-02-11 17:00:00', 2, 196);
INSERT INTO Odbior_Ladunku (id_Odbior_Ladunku, data, id_Kontrahent, id_Ladunek) VALUES(119, '1990-02-13 23:00:00', 2, 200);
INSERT INTO Odbior_Ladunku (id_Odbior_Ladunku, data, id_Kontrahent, id_Ladunek) VALUES(120, '1990-02-14 20:00:00', 2, 205);
INSERT INTO Odbior_Ladunku (id_Odbior_Ladunku, data, id_Kontrahent, id_Ladunek) VALUES(121, '1990-02-15 08:00:00', 2, 207);
SET IDENTITY_INSERT Odbior_Ladunku OFF;

SET IDENTITY_INSERT Kontrola_Celna ON;
INSERT INTO Kontrola_Celna (id_Kontrola_Celna, uwagi, czy_pozytywna, data, id_Uzytkownik, id_Ladunek, id_Terminal) VALUES(1, NULL, 1, '1990-01-05 06:00:00', 1, 15, 3);
INSERT INTO Kontrola_Celna (id_Kontrola_Celna, uwagi, czy_pozytywna, data, id_Uzytkownik, id_Ladunek, id_Terminal) VALUES(2, NULL, 1, '1990-01-05 11:00:00', 1, 29, 2);
INSERT INTO Kontrola_Celna (id_Kontrola_Celna, uwagi, czy_pozytywna, data, id_Uzytkownik, id_Ladunek, id_Terminal) VALUES(3, NULL, 0, '1990-01-05 12:00:00', 1, 34, 10);
INSERT INTO Kontrola_Celna (id_Kontrola_Celna, uwagi, czy_pozytywna, data, id_Uzytkownik, id_Ladunek, id_Terminal) VALUES(4, NULL, 1, '1990-01-05 13:00:00', 1, 39, 9);
INSERT INTO Kontrola_Celna (id_Kontrola_Celna, uwagi, czy_pozytywna, data, id_Uzytkownik, id_Ladunek, id_Terminal) VALUES(5, NULL, 0, '1990-01-05 18:00:00', 1, 40, 2);
INSERT INTO Kontrola_Celna (id_Kontrola_Celna, uwagi, czy_pozytywna, data, id_Uzytkownik, id_Ladunek, id_Terminal) VALUES(6, NULL, 1, '1990-01-05 21:00:00', 1, 41, 3);
INSERT INTO Kontrola_Celna (id_Kontrola_Celna, uwagi, czy_pozytywna, data, id_Uzytkownik, id_Ladunek, id_Terminal) VALUES(7, NULL, 1, '1990-01-05 23:00:00', 1, 44, 10);
INSERT INTO Kontrola_Celna (id_Kontrola_Celna, uwagi, czy_pozytywna, data, id_Uzytkownik, id_Ladunek, id_Terminal) VALUES(8, NULL, 0, '1990-01-06 07:00:00', 1, 47, 8);
INSERT INTO Kontrola_Celna (id_Kontrola_Celna, uwagi, czy_pozytywna, data, id_Uzytkownik, id_Ladunek, id_Terminal) VALUES(9, NULL, 1, '1990-01-06 12:00:00', 1, 53, 8);
INSERT INTO Kontrola_Celna (id_Kontrola_Celna, uwagi, czy_pozytywna, data, id_Uzytkownik, id_Ladunek, id_Terminal) VALUES(10, NULL, 0, '1990-01-06 14:00:00', 1, 61, 9);
INSERT INTO Kontrola_Celna (id_Kontrola_Celna, uwagi, czy_pozytywna, data, id_Uzytkownik, id_Ladunek, id_Terminal) VALUES(11, NULL, 1, '1990-01-06 15:00:00', 1, 34, 2);
INSERT INTO Kontrola_Celna (id_Kontrola_Celna, uwagi, czy_pozytywna, data, id_Uzytkownik, id_Ladunek, id_Terminal) VALUES(12, NULL, 1, '1990-01-06 16:00:00', 1, 40, 13);
INSERT INTO Kontrola_Celna (id_Kontrola_Celna, uwagi, czy_pozytywna, data, id_Uzytkownik, id_Ladunek, id_Terminal) VALUES(13, NULL, 1, '1990-01-06 22:00:00', 1, 61, 7);
INSERT INTO Kontrola_Celna (id_Kontrola_Celna, uwagi, czy_pozytywna, data, id_Uzytkownik, id_Ladunek, id_Terminal) VALUES(14, NULL, 1, '1990-01-07 14:00:00', 1, 68, 6);
INSERT INTO Kontrola_Celna (id_Kontrola_Celna, uwagi, czy_pozytywna, data, id_Uzytkownik, id_Ladunek, id_Terminal) VALUES(15, NULL, 1, '1990-01-08 08:00:00', 1, 69, 7);
INSERT INTO Kontrola_Celna (id_Kontrola_Celna, uwagi, czy_pozytywna, data, id_Uzytkownik, id_Ladunek, id_Terminal) VALUES(16, NULL, 1, '1990-01-14 15:00:00', 1, 93, 6);
INSERT INTO Kontrola_Celna (id_Kontrola_Celna, uwagi, czy_pozytywna, data, id_Uzytkownik, id_Ladunek, id_Terminal) VALUES(17, NULL, 1, '1990-01-14 18:00:00', 1, 94, 13);
INSERT INTO Kontrola_Celna (id_Kontrola_Celna, uwagi, czy_pozytywna, data, id_Uzytkownik, id_Ladunek, id_Terminal) VALUES(18, NULL, 1, '1990-01-15 14:00:00', 1, 99, 11);
INSERT INTO Kontrola_Celna (id_Kontrola_Celna, uwagi, czy_pozytywna, data, id_Uzytkownik, id_Ladunek, id_Terminal) VALUES(19, NULL, 1, '1990-01-16 09:00:00', 1, 102, 14);
INSERT INTO Kontrola_Celna (id_Kontrola_Celna, uwagi, czy_pozytywna, data, id_Uzytkownik, id_Ladunek, id_Terminal) VALUES(20, NULL, 1, '1990-01-16 15:00:00', 1, 106, 9);
INSERT INTO Kontrola_Celna (id_Kontrola_Celna, uwagi, czy_pozytywna, data, id_Uzytkownik, id_Ladunek, id_Terminal) VALUES(21, NULL, 1, '1990-01-17 04:00:00', 1, 107, 9);
INSERT INTO Kontrola_Celna (id_Kontrola_Celna, uwagi, czy_pozytywna, data, id_Uzytkownik, id_Ladunek, id_Terminal) VALUES(22, NULL, 1, '1990-01-18 12:00:00', 1, 110, 9);
INSERT INTO Kontrola_Celna (id_Kontrola_Celna, uwagi, czy_pozytywna, data, id_Uzytkownik, id_Ladunek, id_Terminal) VALUES(23, NULL, 1, '1990-01-18 23:00:00', 1, 112, 9);
INSERT INTO Kontrola_Celna (id_Kontrola_Celna, uwagi, czy_pozytywna, data, id_Uzytkownik, id_Ladunek, id_Terminal) VALUES(24, NULL, 1, '1990-01-20 01:00:00', 1, 118, 6);
INSERT INTO Kontrola_Celna (id_Kontrola_Celna, uwagi, czy_pozytywna, data, id_Uzytkownik, id_Ladunek, id_Terminal) VALUES(25, NULL, 1, '1990-01-20 07:00:00', 1, 119, 1);
INSERT INTO Kontrola_Celna (id_Kontrola_Celna, uwagi, czy_pozytywna, data, id_Uzytkownik, id_Ladunek, id_Terminal) VALUES(26, NULL, 1, '1990-01-21 07:00:00', 1, 124, 2);
INSERT INTO Kontrola_Celna (id_Kontrola_Celna, uwagi, czy_pozytywna, data, id_Uzytkownik, id_Ladunek, id_Terminal) VALUES(27, NULL, 1, '1990-01-22 03:00:00', 1, 127, 14);
INSERT INTO Kontrola_Celna (id_Kontrola_Celna, uwagi, czy_pozytywna, data, id_Uzytkownik, id_Ladunek, id_Terminal) VALUES(28, NULL, 1, '1990-01-24 00:00:00', 1, 135, 3);
INSERT INTO Kontrola_Celna (id_Kontrola_Celna, uwagi, czy_pozytywna, data, id_Uzytkownik, id_Ladunek, id_Terminal) VALUES(29, NULL, 1, '1990-01-26 09:00:00', 1, 142, 8);
INSERT INTO Kontrola_Celna (id_Kontrola_Celna, uwagi, czy_pozytywna, data, id_Uzytkownik, id_Ladunek, id_Terminal) VALUES(30, NULL, 1, '1990-01-27 03:00:00', 1, 143, 7);
INSERT INTO Kontrola_Celna (id_Kontrola_Celna, uwagi, czy_pozytywna, data, id_Uzytkownik, id_Ladunek, id_Terminal) VALUES(31, NULL, 1, '1990-01-27 21:00:00', 1, 147, 9);
INSERT INTO Kontrola_Celna (id_Kontrola_Celna, uwagi, czy_pozytywna, data, id_Uzytkownik, id_Ladunek, id_Terminal) VALUES(32, NULL, 1, '1990-01-29 01:00:00', 1, 153, 13);
INSERT INTO Kontrola_Celna (id_Kontrola_Celna, uwagi, czy_pozytywna, data, id_Uzytkownik, id_Ladunek, id_Terminal) VALUES(33, NULL, 1, '1990-01-29 22:00:00', 1, 155, 2);
INSERT INTO Kontrola_Celna (id_Kontrola_Celna, uwagi, czy_pozytywna, data, id_Uzytkownik, id_Ladunek, id_Terminal) VALUES(34, NULL, 0, '1990-02-01 01:00:00', 1, 162, 2);
INSERT INTO Kontrola_Celna (id_Kontrola_Celna, uwagi, czy_pozytywna, data, id_Uzytkownik, id_Ladunek, id_Terminal) VALUES(35, NULL, 1, '1990-02-01 04:00:00', 1, 162, 2);
INSERT INTO Kontrola_Celna (id_Kontrola_Celna, uwagi, czy_pozytywna, data, id_Uzytkownik, id_Ladunek, id_Terminal) VALUES(36, NULL, 1, '1990-02-01 06:00:00', 1, 164, 6);
INSERT INTO Kontrola_Celna (id_Kontrola_Celna, uwagi, czy_pozytywna, data, id_Uzytkownik, id_Ladunek, id_Terminal) VALUES(37, NULL, 1, '1990-02-03 11:00:00', 1, 173, 14);
INSERT INTO Kontrola_Celna (id_Kontrola_Celna, uwagi, czy_pozytywna, data, id_Uzytkownik, id_Ladunek, id_Terminal) VALUES(38, NULL, 0, '1990-02-03 23:00:00', 1, 174, 2);
INSERT INTO Kontrola_Celna (id_Kontrola_Celna, uwagi, czy_pozytywna, data, id_Uzytkownik, id_Ladunek, id_Terminal) VALUES(39, NULL, 1, '1990-02-04 00:00:00', 1, 174, 9);
INSERT INTO Kontrola_Celna (id_Kontrola_Celna, uwagi, czy_pozytywna, data, id_Uzytkownik, id_Ladunek, id_Terminal) VALUES(40, NULL, 1, '1990-02-05 07:00:00', 1, 176, 3);
INSERT INTO Kontrola_Celna (id_Kontrola_Celna, uwagi, czy_pozytywna, data, id_Uzytkownik, id_Ladunek, id_Terminal) VALUES(41, NULL, 1, '1990-02-05 20:00:00', 1, 179, 9);
INSERT INTO Kontrola_Celna (id_Kontrola_Celna, uwagi, czy_pozytywna, data, id_Uzytkownik, id_Ladunek, id_Terminal) VALUES(42, NULL, 1, '1990-02-07 01:00:00', 1, 180, 9);
INSERT INTO Kontrola_Celna (id_Kontrola_Celna, uwagi, czy_pozytywna, data, id_Uzytkownik, id_Ladunek, id_Terminal) VALUES(43, NULL, 1, '1990-02-08 01:00:00', 1, 186, 7);
INSERT INTO Kontrola_Celna (id_Kontrola_Celna, uwagi, czy_pozytywna, data, id_Uzytkownik, id_Ladunek, id_Terminal) VALUES(44, NULL, 1, '1990-02-08 04:00:00', 1, 187, 2);
INSERT INTO Kontrola_Celna (id_Kontrola_Celna, uwagi, czy_pozytywna, data, id_Uzytkownik, id_Ladunek, id_Terminal) VALUES(45, NULL, 1, '1990-02-09 01:00:00', 1, 192, 10);
INSERT INTO Kontrola_Celna (id_Kontrola_Celna, uwagi, czy_pozytywna, data, id_Uzytkownik, id_Ladunek, id_Terminal) VALUES(46, NULL, 1, '1990-02-09 05:00:00', 1, 193, 8);
INSERT INTO Kontrola_Celna (id_Kontrola_Celna, uwagi, czy_pozytywna, data, id_Uzytkownik, id_Ladunek, id_Terminal) VALUES(47, NULL, 0, '1990-02-11 13:00:00', 1, 195, 9);
INSERT INTO Kontrola_Celna (id_Kontrola_Celna, uwagi, czy_pozytywna, data, id_Uzytkownik, id_Ladunek, id_Terminal) VALUES(48, NULL, 0, '1990-02-13 14:00:00', 1, 199, 14);
INSERT INTO Kontrola_Celna (id_Kontrola_Celna, uwagi, czy_pozytywna, data, id_Uzytkownik, id_Ladunek, id_Terminal) VALUES(49, NULL, 1, '1990-02-14 19:00:00', 1, 205, 14);
SET IDENTITY_INSERT Kontrola_Celna OFF;

SET IDENTITY_INSERT Zadokowany ON;
INSERT INTO Zadokowany (id_Zadokowany, data, id_Uzytkownik, id_Dok, id_Statek) VALUES(1, '1990-01-01 02:00:00', 1, 1, 12);
INSERT INTO Zadokowany (id_Zadokowany, data, id_Uzytkownik, id_Dok, id_Statek) VALUES(2, '1990-01-01 04:00:00', 1, 507, 2);
INSERT INTO Zadokowany (id_Zadokowany, data, id_Uzytkownik, id_Dok, id_Statek) VALUES(3, '1990-01-01 10:00:00', 1, 56565, 17);
INSERT INTO Zadokowany (id_Zadokowany, data, id_Uzytkownik, id_Dok, id_Statek) VALUES(4, '1990-01-01 16:00:00', 1, 2, 13);
INSERT INTO Zadokowany (id_Zadokowany, data, id_Uzytkownik, id_Dok, id_Statek) VALUES(5, '1990-01-01 18:00:00', 1, 56565, 3);
INSERT INTO Zadokowany (id_Zadokowany, data, id_Uzytkownik, id_Dok, id_Statek) VALUES(6, '1990-01-02 02:00:00', 1, 1, 12);
INSERT INTO Zadokowany (id_Zadokowany, data, id_Uzytkownik, id_Dok, id_Statek) VALUES(7, '1990-01-02 04:00:00', 1, 502, 1);
INSERT INTO Zadokowany (id_Zadokowany, data, id_Uzytkownik, id_Dok, id_Statek) VALUES(8, '1990-01-02 06:00:00', 1, 518, 19);
INSERT INTO Zadokowany (id_Zadokowany, data, id_Uzytkownik, id_Dok, id_Statek) VALUES(9, '1990-01-02 08:00:00', 1, 110, 11);
INSERT INTO Zadokowany (id_Zadokowany, data, id_Uzytkownik, id_Dok, id_Statek) VALUES(10, '1990-01-02 12:00:00', 1, 505, 20);
INSERT INTO Zadokowany (id_Zadokowany, data, id_Uzytkownik, id_Dok, id_Statek) VALUES(11, '1990-01-02 18:00:00', 1, 100, 7);
INSERT INTO Zadokowany (id_Zadokowany, data, id_Uzytkownik, id_Dok, id_Statek) VALUES(12, '1990-01-02 20:00:00', 1, 502, 13);
INSERT INTO Zadokowany (id_Zadokowany, data, id_Uzytkownik, id_Dok, id_Statek) VALUES(13, '1990-01-03 00:00:00', 1, 506, 15);
INSERT INTO Zadokowany (id_Zadokowany, data, id_Uzytkownik, id_Dok, id_Statek) VALUES(14, '1990-01-03 04:00:00', 1, 5, 6);
INSERT INTO Zadokowany (id_Zadokowany, data, id_Uzytkownik, id_Dok, id_Statek) VALUES(15, '1990-01-03 12:00:00', 1, 517, 8);
INSERT INTO Zadokowany (id_Zadokowany, data, id_Uzytkownik, id_Dok, id_Statek) VALUES(16, '1990-01-03 16:00:00', 1, 2, 13);
INSERT INTO Zadokowany (id_Zadokowany, data, id_Uzytkownik, id_Dok, id_Statek) VALUES(17, '1990-01-04 00:00:00', 1, 205, 19);
INSERT INTO Zadokowany (id_Zadokowany, data, id_Uzytkownik, id_Dok, id_Statek) VALUES(18, '1990-01-04 06:00:00', 1, 2, 1);
INSERT INTO Zadokowany (id_Zadokowany, data, id_Uzytkownik, id_Dok, id_Statek) VALUES(19, '1990-01-04 10:00:00', 1, 517, 19);
INSERT INTO Zadokowany (id_Zadokowany, data, id_Uzytkownik, id_Dok, id_Statek) VALUES(20, '1990-01-04 20:00:00', 1, 501, 1);
INSERT INTO Zadokowany (id_Zadokowany, data, id_Uzytkownik, id_Dok, id_Statek) VALUES(21, '1990-01-04 22:00:00', 1, 100, 18);
INSERT INTO Zadokowany (id_Zadokowany, data, id_Uzytkownik, id_Dok, id_Statek) VALUES(22, '1990-01-05 00:00:00', 1, 519, 3);
INSERT INTO Zadokowany (id_Zadokowany, data, id_Uzytkownik, id_Dok, id_Statek) VALUES(23, '1990-01-05 02:00:00', 1, 502, 13);
INSERT INTO Zadokowany (id_Zadokowany, data, id_Uzytkownik, id_Dok, id_Statek) VALUES(24, '1990-01-05 06:00:00', 1, 510, 7);
INSERT INTO Zadokowany (id_Zadokowany, data, id_Uzytkownik, id_Dok, id_Statek) VALUES(25, '1990-01-05 12:00:00', 1, 7, 16);
INSERT INTO Zadokowany (id_Zadokowany, data, id_Uzytkownik, id_Dok, id_Statek) VALUES(26, '1990-01-05 14:00:00', 1, 509, 6);
INSERT INTO Zadokowany (id_Zadokowany, data, id_Uzytkownik, id_Dok, id_Statek) VALUES(27, '1990-01-05 20:00:00', 1, 501, 1);
INSERT INTO Zadokowany (id_Zadokowany, data, id_Uzytkownik, id_Dok, id_Statek) VALUES(28, '1990-01-06 04:00:00', 1, 56565, 14);
INSERT INTO Zadokowany (id_Zadokowany, data, id_Uzytkownik, id_Dok, id_Statek) VALUES(29, '1990-01-06 06:00:00', 1, 5, 9);
INSERT INTO Zadokowany (id_Zadokowany, data, id_Uzytkownik, id_Dok, id_Statek) VALUES(30, '1990-01-06 12:00:00', 1, 515, 11);
INSERT INTO Zadokowany (id_Zadokowany, data, id_Uzytkownik, id_Dok, id_Statek) VALUES(31, '1990-01-06 14:00:00', 1, 505, 6);
INSERT INTO Zadokowany (id_Zadokowany, data, id_Uzytkownik, id_Dok, id_Statek) VALUES(32, '1990-01-06 16:00:00', 1, 517, 19);
INSERT INTO Zadokowany (id_Zadokowany, data, id_Uzytkownik, id_Dok, id_Statek) VALUES(33, '1990-01-06 18:00:00', 1, 2, 2);
INSERT INTO Zadokowany (id_Zadokowany, data, id_Uzytkownik, id_Dok, id_Statek) VALUES(34, '1990-01-06 20:00:00', 1, 502, 16);
INSERT INTO Zadokowany (id_Zadokowany, data, id_Uzytkownik, id_Dok, id_Statek) VALUES(35, '1990-01-07 00:00:00', 1, 6, 15);
INSERT INTO Zadokowany (id_Zadokowany, data, id_Uzytkownik, id_Dok, id_Statek) VALUES(36, '1990-01-07 02:00:00', 1, 501, 1);
INSERT INTO Zadokowany (id_Zadokowany, data, id_Uzytkownik, id_Dok, id_Statek) VALUES(37, '1990-01-07 10:00:00', 1, 7, 12);
INSERT INTO Zadokowany (id_Zadokowany, data, id_Uzytkownik, id_Dok, id_Statek) VALUES(38, '1990-01-07 14:00:00', 1, 1, 12);
INSERT INTO Zadokowany (id_Zadokowany, data, id_Uzytkownik, id_Dok, id_Statek) VALUES(39, '1990-01-07 20:00:00', 1, 507, 12);
INSERT INTO Zadokowany (id_Zadokowany, data, id_Uzytkownik, id_Dok, id_Statek) VALUES(40, '1990-01-08 00:00:00', 1, 501, 5);
INSERT INTO Zadokowany (id_Zadokowany, data, id_Uzytkownik, id_Dok, id_Statek) VALUES(41, '1990-01-08 04:00:00', 1, 6, 15);
INSERT INTO Zadokowany (id_Zadokowany, data, id_Uzytkownik, id_Dok, id_Statek) VALUES(42, '1990-01-08 12:00:00', 1, 509, 20);
INSERT INTO Zadokowany (id_Zadokowany, data, id_Uzytkownik, id_Dok, id_Statek) VALUES(43, '1990-01-08 18:00:00', 1, 505, 9);
INSERT INTO Zadokowany (id_Zadokowany, data, id_Uzytkownik, id_Dok, id_Statek) VALUES(44, '1990-01-09 02:00:00', 1, 502, 13);
INSERT INTO Zadokowany (id_Zadokowany, data, id_Uzytkownik, id_Dok, id_Statek) VALUES(45, '1990-01-09 04:00:00', 1, 510, 7);
INSERT INTO Zadokowany (id_Zadokowany, data, id_Uzytkownik, id_Dok, id_Statek) VALUES(46, '1990-01-09 12:00:00', 1, 56565, 17);
INSERT INTO Zadokowany (id_Zadokowany, data, id_Uzytkownik, id_Dok, id_Statek) VALUES(47, '1990-01-09 14:00:00', 1, 1, 5);
INSERT INTO Zadokowany (id_Zadokowany, data, id_Uzytkownik, id_Dok, id_Statek) VALUES(48, '1990-01-10 02:00:00', 1, 56565, 3);
INSERT INTO Zadokowany (id_Zadokowany, data, id_Uzytkownik, id_Dok, id_Statek) VALUES(49, '1990-01-10 04:00:00', 1, 517, 19);
INSERT INTO Zadokowany (id_Zadokowany, data, id_Uzytkownik, id_Dok, id_Statek) VALUES(50, '1990-01-10 06:00:00', 1, 509, 20);
INSERT INTO Zadokowany (id_Zadokowany, data, id_Uzytkownik, id_Dok, id_Statek) VALUES(51, '1990-01-10 14:00:00', 1, 515, 11);
INSERT INTO Zadokowany (id_Zadokowany, data, id_Uzytkownik, id_Dok, id_Statek) VALUES(52, '1990-01-10 18:00:00', 1, 510, 7);
INSERT INTO Zadokowany (id_Zadokowany, data, id_Uzytkownik, id_Dok, id_Statek) VALUES(53, '1990-01-10 20:00:00', 1, 501, 5);
INSERT INTO Zadokowany (id_Zadokowany, data, id_Uzytkownik, id_Dok, id_Statek) VALUES(54, '1990-01-10 22:00:00', 1, 518, 19);
INSERT INTO Zadokowany (id_Zadokowany, data, id_Uzytkownik, id_Dok, id_Statek) VALUES(55, '1990-01-11 02:00:00', 1, 1, 5);
INSERT INTO Zadokowany (id_Zadokowany, data, id_Uzytkownik, id_Dok, id_Statek) VALUES(56, '1990-01-11 04:00:00', 1, 2, 2);
INSERT INTO Zadokowany (id_Zadokowany, data, id_Uzytkownik, id_Dok, id_Statek) VALUES(57, '1990-01-11 06:00:00', 1, 501, 16);
INSERT INTO Zadokowany (id_Zadokowany, data, id_Uzytkownik, id_Dok, id_Statek) VALUES(58, '1990-01-11 08:00:00', 1, 105, 11);
INSERT INTO Zadokowany (id_Zadokowany, data, id_Uzytkownik, id_Dok, id_Statek) VALUES(59, '1990-01-11 12:00:00', 1, 517, 19);
INSERT INTO Zadokowany (id_Zadokowany, data, id_Uzytkownik, id_Dok, id_Statek) VALUES(60, '1990-01-11 18:00:00', 1, 7, 12);
INSERT INTO Zadokowany (id_Zadokowany, data, id_Uzytkownik, id_Dok, id_Statek) VALUES(61, '1990-01-11 20:00:00', 1, 504, 15);
INSERT INTO Zadokowany (id_Zadokowany, data, id_Uzytkownik, id_Dok, id_Statek) VALUES(62, '1990-01-11 22:00:00', 1, 518, 19);
INSERT INTO Zadokowany (id_Zadokowany, data, id_Uzytkownik, id_Dok, id_Statek) VALUES(63, '1990-01-12 04:00:00', 1, 510, 18);
INSERT INTO Zadokowany (id_Zadokowany, data, id_Uzytkownik, id_Dok, id_Statek) VALUES(64, '1990-01-12 06:00:00', 1, 519, 14);
INSERT INTO Zadokowany (id_Zadokowany, data, id_Uzytkownik, id_Dok, id_Statek) VALUES(65, '1990-01-12 08:00:00', 1, 5, 9);
INSERT INTO Zadokowany (id_Zadokowany, data, id_Uzytkownik, id_Dok, id_Statek) VALUES(66, '1990-01-12 12:00:00', 1, 56565, 20);
INSERT INTO Zadokowany (id_Zadokowany, data, id_Uzytkownik, id_Dok, id_Statek) VALUES(67, '1990-01-12 16:00:00', 1, 506, 4);
INSERT INTO Zadokowany (id_Zadokowany, data, id_Uzytkownik, id_Dok, id_Statek) VALUES(68, '1990-01-12 18:00:00', 1, 2, 1);
INSERT INTO Zadokowany (id_Zadokowany, data, id_Uzytkownik, id_Dok, id_Statek) VALUES(69, '1990-01-13 08:00:00', 1, 2, 2);
INSERT INTO Zadokowany (id_Zadokowany, data, id_Uzytkownik, id_Dok, id_Statek) VALUES(70, '1990-01-13 10:00:00', 1, 502, 13);
INSERT INTO Zadokowany (id_Zadokowany, data, id_Uzytkownik, id_Dok, id_Statek) VALUES(71, '1990-01-13 12:00:00', 1, 100, 7);
INSERT INTO Zadokowany (id_Zadokowany, data, id_Uzytkownik, id_Dok, id_Statek) VALUES(72, '1990-01-13 18:00:00', 1, 510, 18);
INSERT INTO Zadokowany (id_Zadokowany, data, id_Uzytkownik, id_Dok, id_Statek) VALUES(73, '1990-01-14 00:00:00', 1, 110, 11);
INSERT INTO Zadokowany (id_Zadokowany, data, id_Uzytkownik, id_Dok, id_Statek) VALUES(74, '1990-01-14 04:00:00', 1, 518, 19);
INSERT INTO Zadokowany (id_Zadokowany, data, id_Uzytkownik, id_Dok, id_Statek) VALUES(75, '1990-01-14 08:00:00', 1, 56565, 3);
INSERT INTO Zadokowany (id_Zadokowany, data, id_Uzytkownik, id_Dok, id_Statek) VALUES(76, '1990-01-14 10:00:00', 1, 510, 18);
INSERT INTO Zadokowany (id_Zadokowany, data, id_Uzytkownik, id_Dok, id_Statek) VALUES(77, '1990-01-14 22:00:00', 1, 505, 9);
INSERT INTO Zadokowany (id_Zadokowany, data, id_Uzytkownik, id_Dok, id_Statek) VALUES(78, '1990-01-15 00:00:00', 1, 509, 6);
INSERT INTO Zadokowany (id_Zadokowany, data, id_Uzytkownik, id_Dok, id_Statek) VALUES(79, '1990-01-15 04:00:00', 1, 7, 5);
INSERT INTO Zadokowany (id_Zadokowany, data, id_Uzytkownik, id_Dok, id_Statek) VALUES(80, '1990-01-15 12:00:00', 1, 501, 16);
INSERT INTO Zadokowany (id_Zadokowany, data, id_Uzytkownik, id_Dok, id_Statek) VALUES(81, '1990-01-15 18:00:00', 1, 518, 19);
INSERT INTO Zadokowany (id_Zadokowany, data, id_Uzytkownik, id_Dok, id_Statek) VALUES(82, '1990-01-16 00:00:00', 1, 507, 12);
INSERT INTO Zadokowany (id_Zadokowany, data, id_Uzytkownik, id_Dok, id_Statek) VALUES(83, '1990-01-16 02:00:00', 1, 7, 16);
INSERT INTO Zadokowany (id_Zadokowany, data, id_Uzytkownik, id_Dok, id_Statek) VALUES(84, '1990-01-16 08:00:00', 1, 105, 11);
INSERT INTO Zadokowany (id_Zadokowany, data, id_Uzytkownik, id_Dok, id_Statek) VALUES(85, '1990-01-16 10:00:00', 1, 510, 18);
INSERT INTO Zadokowany (id_Zadokowany, data, id_Uzytkownik, id_Dok, id_Statek) VALUES(86, '1990-01-16 12:00:00', 1, 56565, 14);
INSERT INTO Zadokowany (id_Zadokowany, data, id_Uzytkownik, id_Dok, id_Statek) VALUES(87, '1990-01-16 14:00:00', 1, 509, 20);
INSERT INTO Zadokowany (id_Zadokowany, data, id_Uzytkownik, id_Dok, id_Statek) VALUES(88, '1990-01-17 02:00:00', 1, 505, 9);
INSERT INTO Zadokowany (id_Zadokowany, data, id_Uzytkownik, id_Dok, id_Statek) VALUES(89, '1990-01-17 14:00:00', 1, 518, 19);
INSERT INTO Zadokowany (id_Zadokowany, data, id_Uzytkownik, id_Dok, id_Statek) VALUES(90, '1990-01-17 16:00:00', 1, 519, 14);
INSERT INTO Zadokowany (id_Zadokowany, data, id_Uzytkownik, id_Dok, id_Statek) VALUES(91, '1990-01-17 18:00:00', 1, 2, 16);
INSERT INTO Zadokowany (id_Zadokowany, data, id_Uzytkownik, id_Dok, id_Statek) VALUES(92, '1990-01-17 20:00:00', 1, 56565, 9);
INSERT INTO Zadokowany (id_Zadokowany, data, id_Uzytkownik, id_Dok, id_Statek) VALUES(93, '1990-01-18 02:00:00', 1, 6, 15);
INSERT INTO Zadokowany (id_Zadokowany, data, id_Uzytkownik, id_Dok, id_Statek) VALUES(94, '1990-01-18 06:00:00', 1, 509, 17);
INSERT INTO Zadokowany (id_Zadokowany, data, id_Uzytkownik, id_Dok, id_Statek) VALUES(95, '1990-01-18 08:00:00', 1, 507, 13);
INSERT INTO Zadokowany (id_Zadokowany, data, id_Uzytkownik, id_Dok, id_Statek) VALUES(96, '1990-01-18 10:00:00', 1, 1, 1);
INSERT INTO Zadokowany (id_Zadokowany, data, id_Uzytkownik, id_Dok, id_Statek) VALUES(97, '1990-01-18 16:00:00', 1, 2, 16);
INSERT INTO Zadokowany (id_Zadokowany, data, id_Uzytkownik, id_Dok, id_Statek) VALUES(98, '1990-01-18 20:00:00', 1, 205, 19);
INSERT INTO Zadokowany (id_Zadokowany, data, id_Uzytkownik, id_Dok, id_Statek) VALUES(99, '1990-01-19 04:00:00', 1, 5, 6);
INSERT INTO Zadokowany (id_Zadokowany, data, id_Uzytkownik, id_Dok, id_Statek) VALUES(100, '1990-01-19 10:00:00', 1, 504, 4);
INSERT INTO Zadokowany (id_Zadokowany, data, id_Uzytkownik, id_Dok, id_Statek) VALUES(101, '1990-01-19 14:00:00', 1, 2, 2);
INSERT INTO Zadokowany (id_Zadokowany, data, id_Uzytkownik, id_Dok, id_Statek) VALUES(102, '1990-01-19 16:00:00', 1, 518, 19);
INSERT INTO Zadokowany (id_Zadokowany, data, id_Uzytkownik, id_Dok, id_Statek) VALUES(103, '1990-01-19 18:00:00', 1, 505, 20);
INSERT INTO Zadokowany (id_Zadokowany, data, id_Uzytkownik, id_Dok, id_Statek) VALUES(104, '1990-01-20 00:00:00', 1, 519, 14);
INSERT INTO Zadokowany (id_Zadokowany, data, id_Uzytkownik, id_Dok, id_Statek) VALUES(105, '1990-01-20 02:00:00', 1, 502, 12);
INSERT INTO Zadokowany (id_Zadokowany, data, id_Uzytkownik, id_Dok, id_Statek) VALUES(106, '1990-01-20 06:00:00', 1, 4, 4);
INSERT INTO Zadokowany (id_Zadokowany, data, id_Uzytkownik, id_Dok, id_Statek) VALUES(107, '1990-01-20 14:00:00', 1, 205, 8);
INSERT INTO Zadokowany (id_Zadokowany, data, id_Uzytkownik, id_Dok, id_Statek) VALUES(108, '1990-01-20 20:00:00', 1, 507, 5);
INSERT INTO Zadokowany (id_Zadokowany, data, id_Uzytkownik, id_Dok, id_Statek) VALUES(109, '1990-01-21 02:00:00', 1, 510, 18);
INSERT INTO Zadokowany (id_Zadokowany, data, id_Uzytkownik, id_Dok, id_Statek) VALUES(110, '1990-01-21 08:00:00', 1, 504, 15);
INSERT INTO Zadokowany (id_Zadokowany, data, id_Uzytkownik, id_Dok, id_Statek) VALUES(111, '1990-01-21 12:00:00', 1, 519, 14);
INSERT INTO Zadokowany (id_Zadokowany, data, id_Uzytkownik, id_Dok, id_Statek) VALUES(112, '1990-01-21 18:00:00', 1, 501, 12);
INSERT INTO Zadokowany (id_Zadokowany, data, id_Uzytkownik, id_Dok, id_Statek) VALUES(113, '1990-01-21 22:00:00', 1, 510, 7);
INSERT INTO Zadokowany (id_Zadokowany, data, id_Uzytkownik, id_Dok, id_Statek) VALUES(114, '1990-01-22 06:00:00', 1, 501, 16);
INSERT INTO Zadokowany (id_Zadokowany, data, id_Uzytkownik, id_Dok, id_Statek) VALUES(115, '1990-01-22 10:00:00', 1, 2, 12);
INSERT INTO Zadokowany (id_Zadokowany, data, id_Uzytkownik, id_Dok, id_Statek) VALUES(116, '1990-01-22 12:00:00', 1, 517, 19);
INSERT INTO Zadokowany (id_Zadokowany, data, id_Uzytkownik, id_Dok, id_Statek) VALUES(117, '1990-01-22 16:00:00', 1, 506, 4);
INSERT INTO Zadokowany (id_Zadokowany, data, id_Uzytkownik, id_Dok, id_Statek) VALUES(118, '1990-01-22 18:00:00', 1, 100, 18);
INSERT INTO Zadokowany (id_Zadokowany, data, id_Uzytkownik, id_Dok, id_Statek) VALUES(119, '1990-01-22 22:00:00', 1, 519, 20);
INSERT INTO Zadokowany (id_Zadokowany, data, id_Uzytkownik, id_Dok, id_Statek) VALUES(120, '1990-01-23 08:00:00', 1, 518, 8);
INSERT INTO Zadokowany (id_Zadokowany, data, id_Uzytkownik, id_Dok, id_Statek) VALUES(121, '1990-01-23 10:00:00', 1, 56565, 9);
INSERT INTO Zadokowany (id_Zadokowany, data, id_Uzytkownik, id_Dok, id_Statek) VALUES(122, '1990-01-23 22:00:00', 1, 110, 11);
INSERT INTO Zadokowany (id_Zadokowany, data, id_Uzytkownik, id_Dok, id_Statek) VALUES(123, '1990-01-24 00:00:00', 1, 519, 17);
INSERT INTO Zadokowany (id_Zadokowany, data, id_Uzytkownik, id_Dok, id_Statek) VALUES(124, '1990-01-24 02:00:00', 1, 518, 8);
INSERT INTO Zadokowany (id_Zadokowany, data, id_Uzytkownik, id_Dok, id_Statek) VALUES(125, '1990-01-24 04:00:00', 1, 56565, 20);
INSERT INTO Zadokowany (id_Zadokowany, data, id_Uzytkownik, id_Dok, id_Statek) VALUES(126, '1990-01-24 06:00:00', 1, 6, 15);
INSERT INTO Zadokowany (id_Zadokowany, data, id_Uzytkownik, id_Dok, id_Statek) VALUES(127, '1990-01-24 08:00:00', 1, 100, 18);
INSERT INTO Zadokowany (id_Zadokowany, data, id_Uzytkownik, id_Dok, id_Statek) VALUES(128, '1990-01-24 16:00:00', 1, 100, 7);
INSERT INTO Zadokowany (id_Zadokowany, data, id_Uzytkownik, id_Dok, id_Statek) VALUES(129, '1990-01-24 18:00:00', 1, 517, 19);
INSERT INTO Zadokowany (id_Zadokowany, data, id_Uzytkownik, id_Dok, id_Statek) VALUES(130, '1990-01-24 20:00:00', 1, 502, 13);
INSERT INTO Zadokowany (id_Zadokowany, data, id_Uzytkownik, id_Dok, id_Statek) VALUES(131, '1990-01-24 22:00:00', 1, 501, 5);
INSERT INTO Zadokowany (id_Zadokowany, data, id_Uzytkownik, id_Dok, id_Statek) VALUES(132, '1990-01-25 04:00:00', 1, 519, 14);
INSERT INTO Zadokowany (id_Zadokowany, data, id_Uzytkownik, id_Dok, id_Statek) VALUES(133, '1990-01-25 06:00:00', 1, 2, 1);
INSERT INTO Zadokowany (id_Zadokowany, data, id_Uzytkownik, id_Dok, id_Statek) VALUES(134, '1990-01-25 08:00:00', 1, 509, 17);
INSERT INTO Zadokowany (id_Zadokowany, data, id_Uzytkownik, id_Dok, id_Statek) VALUES(135, '1990-01-25 20:00:00', 1, 6, 15);
INSERT INTO Zadokowany (id_Zadokowany, data, id_Uzytkownik, id_Dok, id_Statek) VALUES(136, '1990-01-26 00:00:00', 1, 105, 11);
INSERT INTO Zadokowany (id_Zadokowany, data, id_Uzytkownik, id_Dok, id_Statek) VALUES(137, '1990-01-26 04:00:00', 1, 519, 14);
INSERT INTO Zadokowany (id_Zadokowany, data, id_Uzytkownik, id_Dok, id_Statek) VALUES(138, '1990-01-26 06:00:00', 1, 518, 8);
INSERT INTO Zadokowany (id_Zadokowany, data, id_Uzytkownik, id_Dok, id_Statek) VALUES(139, '1990-01-26 10:00:00', 1, 509, 17);
INSERT INTO Zadokowany (id_Zadokowany, data, id_Uzytkownik, id_Dok, id_Statek) VALUES(140, '1990-01-26 18:00:00', 1, 501, 5);
INSERT INTO Zadokowany (id_Zadokowany, data, id_Uzytkownik, id_Dok, id_Statek) VALUES(141, '1990-01-26 22:00:00', 1, 5, 17);
INSERT INTO Zadokowany (id_Zadokowany, data, id_Uzytkownik, id_Dok, id_Statek) VALUES(142, '1990-01-27 00:00:00', 1, 1, 16);
INSERT INTO Zadokowany (id_Zadokowany, data, id_Uzytkownik, id_Dok, id_Statek) VALUES(143, '1990-01-27 06:00:00', 1, 502, 2);
INSERT INTO Zadokowany (id_Zadokowany, data, id_Uzytkownik, id_Dok, id_Statek) VALUES(144, '1990-01-27 14:00:00', 1, 56565, 9);
INSERT INTO Zadokowany (id_Zadokowany, data, id_Uzytkownik, id_Dok, id_Statek) VALUES(145, '1990-01-27 18:00:00', 1, 6, 4);
INSERT INTO Zadokowany (id_Zadokowany, data, id_Uzytkownik, id_Dok, id_Statek) VALUES(146, '1990-01-28 02:00:00', 1, 502, 2);
INSERT INTO Zadokowany (id_Zadokowany, data, id_Uzytkownik, id_Dok, id_Statek) VALUES(147, '1990-01-28 04:00:00', 1, 518, 19);
INSERT INTO Zadokowany (id_Zadokowany, data, id_Uzytkownik, id_Dok, id_Statek) VALUES(148, '1990-01-28 10:00:00', 1, 510, 18);
INSERT INTO Zadokowany (id_Zadokowany, data, id_Uzytkownik, id_Dok, id_Statek) VALUES(149, '1990-01-28 12:00:00', 1, 504, 4);
INSERT INTO Zadokowany (id_Zadokowany, data, id_Uzytkownik, id_Dok, id_Statek) VALUES(150, '1990-01-28 14:00:00', 1, 507, 5);
INSERT INTO Zadokowany (id_Zadokowany, data, id_Uzytkownik, id_Dok, id_Statek) VALUES(151, '1990-01-28 18:00:00', 1, 517, 8);
INSERT INTO Zadokowany (id_Zadokowany, data, id_Uzytkownik, id_Dok, id_Statek) VALUES(152, '1990-01-28 20:00:00', 1, 5, 17);
INSERT INTO Zadokowany (id_Zadokowany, data, id_Uzytkownik, id_Dok, id_Statek) VALUES(153, '1990-01-29 02:00:00', 1, 505, 20);
INSERT INTO Zadokowany (id_Zadokowany, data, id_Uzytkownik, id_Dok, id_Statek) VALUES(154, '1990-01-29 12:00:00', 1, 7, 16);
INSERT INTO Zadokowany (id_Zadokowany, data, id_Uzytkownik, id_Dok, id_Statek) VALUES(155, '1990-01-29 18:00:00', 1, 4, 15);
INSERT INTO Zadokowany (id_Zadokowany, data, id_Uzytkownik, id_Dok, id_Statek) VALUES(156, '1990-01-29 20:00:00', 1, 56565, 6);
INSERT INTO Zadokowany (id_Zadokowany, data, id_Uzytkownik, id_Dok, id_Statek) VALUES(157, '1990-01-30 04:00:00', 1, 501, 1);
INSERT INTO Zadokowany (id_Zadokowany, data, id_Uzytkownik, id_Dok, id_Statek) VALUES(158, '1990-01-30 12:00:00', 1, 519, 9);
INSERT INTO Zadokowany (id_Zadokowany, data, id_Uzytkownik, id_Dok, id_Statek) VALUES(159, '1990-01-30 14:00:00', 1, 100, 7);
INSERT INTO Zadokowany (id_Zadokowany, data, id_Uzytkownik, id_Dok, id_Statek) VALUES(160, '1990-01-30 16:00:00', 1, 515, 11);
INSERT INTO Zadokowany (id_Zadokowany, data, id_Uzytkownik, id_Dok, id_Statek) VALUES(161, '1990-01-30 20:00:00', 1, 2, 5);
INSERT INTO Zadokowany (id_Zadokowany, data, id_Uzytkownik, id_Dok, id_Statek) VALUES(162, '1990-01-31 00:00:00', 1, 507, 12);
INSERT INTO Zadokowany (id_Zadokowany, data, id_Uzytkownik, id_Dok, id_Statek) VALUES(163, '1990-01-31 06:00:00', 1, 504, 4);
INSERT INTO Zadokowany (id_Zadokowany, data, id_Uzytkownik, id_Dok, id_Statek) VALUES(164, '1990-01-31 14:00:00', 1, 517, 8);
INSERT INTO Zadokowany (id_Zadokowany, data, id_Uzytkownik, id_Dok, id_Statek) VALUES(165, '1990-01-31 16:00:00', 1, 5, 9);
INSERT INTO Zadokowany (id_Zadokowany, data, id_Uzytkownik, id_Dok, id_Statek) VALUES(166, '1990-01-31 22:00:00', 1, 516, 11);
INSERT INTO Zadokowany (id_Zadokowany, data, id_Uzytkownik, id_Dok, id_Statek) VALUES(167, '1990-02-01 00:00:00', 1, 510, 18);
INSERT INTO Zadokowany (id_Zadokowany, data, id_Uzytkownik, id_Dok, id_Statek) VALUES(168, '1990-02-01 02:00:00', 1, 519, 14);
INSERT INTO Zadokowany (id_Zadokowany, data, id_Uzytkownik, id_Dok, id_Statek) VALUES(169, '1990-02-01 08:00:00', 1, 502, 5);
INSERT INTO Zadokowany (id_Zadokowany, data, id_Uzytkownik, id_Dok, id_Statek) VALUES(170, '1990-02-01 18:00:00', 1, 4, 15);
INSERT INTO Zadokowany (id_Zadokowany, data, id_Uzytkownik, id_Dok, id_Statek) VALUES(171, '1990-02-01 20:00:00', 1, 519, 3);
INSERT INTO Zadokowany (id_Zadokowany, data, id_Uzytkownik, id_Dok, id_Statek) VALUES(172, '1990-02-02 00:00:00', 1, 205, 8);
INSERT INTO Zadokowany (id_Zadokowany, data, id_Uzytkownik, id_Dok, id_Statek) VALUES(173, '1990-02-02 02:00:00', 1, 507, 2);
INSERT INTO Zadokowany (id_Zadokowany, data, id_Uzytkownik, id_Dok, id_Statek) VALUES(174, '1990-02-02 10:00:00', 1, 56565, 14);
INSERT INTO Zadokowany (id_Zadokowany, data, id_Uzytkownik, id_Dok, id_Statek) VALUES(175, '1990-02-02 12:00:00', 1, 5, 17);
INSERT INTO Zadokowany (id_Zadokowany, data, id_Uzytkownik, id_Dok, id_Statek) VALUES(176, '1990-02-03 02:00:00', 1, 2, 13);
INSERT INTO Zadokowany (id_Zadokowany, data, id_Uzytkownik, id_Dok, id_Statek) VALUES(177, '1990-02-03 08:00:00', 1, 506, 4);
INSERT INTO Zadokowany (id_Zadokowany, data, id_Uzytkownik, id_Dok, id_Statek) VALUES(178, '1990-02-03 10:00:00', 1, 7, 16);
INSERT INTO Zadokowany (id_Zadokowany, data, id_Uzytkownik, id_Dok, id_Statek) VALUES(179, '1990-02-03 12:00:00', 1, 509, 20);
INSERT INTO Zadokowany (id_Zadokowany, data, id_Uzytkownik, id_Dok, id_Statek) VALUES(180, '1990-02-03 14:00:00', 1, 519, 3);
INSERT INTO Zadokowany (id_Zadokowany, data, id_Uzytkownik, id_Dok, id_Statek) VALUES(181, '1990-02-04 08:00:00', 1, 4, 15);
INSERT INTO Zadokowany (id_Zadokowany, data, id_Uzytkownik, id_Dok, id_Statek) VALUES(182, '1990-02-04 12:00:00', 1, 100, 7);
INSERT INTO Zadokowany (id_Zadokowany, data, id_Uzytkownik, id_Dok, id_Statek) VALUES(183, '1990-02-04 20:00:00', 1, 2, 12);
INSERT INTO Zadokowany (id_Zadokowany, data, id_Uzytkownik, id_Dok, id_Statek) VALUES(184, '1990-02-04 22:00:00', 1, 110, 11);
INSERT INTO Zadokowany (id_Zadokowany, data, id_Uzytkownik, id_Dok, id_Statek) VALUES(185, '1990-02-05 02:00:00', 1, 519, 6);
INSERT INTO Zadokowany (id_Zadokowany, data, id_Uzytkownik, id_Dok, id_Statek) VALUES(186, '1990-02-05 08:00:00', 1, 502, 1);
INSERT INTO Zadokowany (id_Zadokowany, data, id_Uzytkownik, id_Dok, id_Statek) VALUES(187, '1990-02-05 20:00:00', 1, 5, 20);
INSERT INTO Zadokowany (id_Zadokowany, data, id_Uzytkownik, id_Dok, id_Statek) VALUES(188, '1990-02-06 00:00:00', 1, 6, 15);
INSERT INTO Zadokowany (id_Zadokowany, data, id_Uzytkownik, id_Dok, id_Statek) VALUES(189, '1990-02-06 08:00:00', 1, 507, 12);
INSERT INTO Zadokowany (id_Zadokowany, data, id_Uzytkownik, id_Dok, id_Statek) VALUES(190, '1990-02-06 10:00:00', 1, 100, 11);
INSERT INTO Zadokowany (id_Zadokowany, data, id_Uzytkownik, id_Dok, id_Statek) VALUES(191, '1990-02-06 12:00:00', 1, 502, 5);
INSERT INTO Zadokowany (id_Zadokowany, data, id_Uzytkownik, id_Dok, id_Statek) VALUES(192, '1990-02-06 20:00:00', 1, 519, 6);
INSERT INTO Zadokowany (id_Zadokowany, data, id_Uzytkownik, id_Dok, id_Statek) VALUES(193, '1990-02-07 06:00:00', 1, 110, 11);
INSERT INTO Zadokowany (id_Zadokowany, data, id_Uzytkownik, id_Dok, id_Statek) VALUES(194, '1990-02-07 14:00:00', 1, 502, 2);
INSERT INTO Zadokowany (id_Zadokowany, data, id_Uzytkownik, id_Dok, id_Statek) VALUES(195, '1990-02-07 16:00:00', 1, 501, 16);
INSERT INTO Zadokowany (id_Zadokowany, data, id_Uzytkownik, id_Dok, id_Statek) VALUES(196, '1990-02-07 18:00:00', 1, 4, 4);
INSERT INTO Zadokowany (id_Zadokowany, data, id_Uzytkownik, id_Dok, id_Statek) VALUES(197, '1990-02-07 20:00:00', 1, 56565, 20);
INSERT INTO Zadokowany (id_Zadokowany, data, id_Uzytkownik, id_Dok, id_Statek) VALUES(198, '1990-02-08 02:00:00', 1, 515, 11);
INSERT INTO Zadokowany (id_Zadokowany, data, id_Uzytkownik, id_Dok, id_Statek) VALUES(199, '1990-02-08 04:00:00', 1, 205, 19);
INSERT INTO Zadokowany (id_Zadokowany, data, id_Uzytkownik, id_Dok, id_Statek) VALUES(200, '1990-02-08 06:00:00', 1, 509, 6);
INSERT INTO Zadokowany (id_Zadokowany, data, id_Uzytkownik, id_Dok, id_Statek) VALUES(201, '1990-02-08 10:00:00', 1, 56565, 14);
INSERT INTO Zadokowany (id_Zadokowany, data, id_Uzytkownik, id_Dok, id_Statek) VALUES(202, '1990-02-08 16:00:00', 1, 56565, 9);
INSERT INTO Zadokowany (id_Zadokowany, data, id_Uzytkownik, id_Dok, id_Statek) VALUES(203, '1990-02-09 00:00:00', 1, 517, 8);
INSERT INTO Zadokowany (id_Zadokowany, data, id_Uzytkownik, id_Dok, id_Statek) VALUES(204, '1990-02-09 04:00:00', 1, 517, 8);
INSERT INTO Zadokowany (id_Zadokowany, data, id_Uzytkownik, id_Dok, id_Statek) VALUES(205, '1990-02-09 12:00:00', 1, 507, 12);
INSERT INTO Zadokowany (id_Zadokowany, data, id_Uzytkownik, id_Dok, id_Statek) VALUES(206, '1990-02-09 14:00:00', 1, 6, 4);
INSERT INTO Zadokowany (id_Zadokowany, data, id_Uzytkownik, id_Dok, id_Statek) VALUES(207, '1990-02-09 18:00:00', 1, 502, 13);
INSERT INTO Zadokowany (id_Zadokowany, data, id_Uzytkownik, id_Dok, id_Statek) VALUES(208, '1990-02-09 20:00:00', 1, 506, 15);
INSERT INTO Zadokowany (id_Zadokowany, data, id_Uzytkownik, id_Dok, id_Statek) VALUES(209, '1990-02-10 00:00:00', 1, 501, 12);
INSERT INTO Zadokowany (id_Zadokowany, data, id_Uzytkownik, id_Dok, id_Statek) VALUES(210, '1990-02-10 04:00:00', 1, 507, 2);
INSERT INTO Zadokowany (id_Zadokowany, data, id_Uzytkownik, id_Dok, id_Statek) VALUES(211, '1990-02-10 08:00:00', 1, 7, 1);
INSERT INTO Zadokowany (id_Zadokowany, data, id_Uzytkownik, id_Dok, id_Statek) VALUES(212, '1990-02-10 10:00:00', 1, 205, 8);
INSERT INTO Zadokowany (id_Zadokowany, data, id_Uzytkownik, id_Dok, id_Statek) VALUES(213, '1990-02-10 14:00:00', 1, 519, 6);
INSERT INTO Zadokowany (id_Zadokowany, data, id_Uzytkownik, id_Dok, id_Statek) VALUES(214, '1990-02-10 18:00:00', 1, 1, 16);
INSERT INTO Zadokowany (id_Zadokowany, data, id_Uzytkownik, id_Dok, id_Statek) VALUES(215, '1990-02-10 22:00:00', 1, 510, 18);
INSERT INTO Zadokowany (id_Zadokowany, data, id_Uzytkownik, id_Dok, id_Statek) VALUES(216, '1990-02-11 00:00:00', 1, 505, 17);
SET IDENTITY_INSERT Zadokowany OFF;

SET IDENTITY_INSERT Oddokowany ON;
INSERT INTO Oddokowany (id_Oddokowany, data, id_Zadokowany, id_Uzytkownik) VALUES(1, '1990-01-01 06:00:00', 1, 1);
INSERT INTO Oddokowany (id_Oddokowany, data, id_Zadokowany, id_Uzytkownik) VALUES(2, '1990-01-01 08:00:00', 2, 1);
INSERT INTO Oddokowany (id_Oddokowany, data, id_Zadokowany, id_Uzytkownik) VALUES(3, '1990-01-01 12:00:00', 3, 1);
INSERT INTO Oddokowany (id_Oddokowany, data, id_Zadokowany, id_Uzytkownik) VALUES(4, '1990-01-01 20:00:00', 4, 1);
INSERT INTO Oddokowany (id_Oddokowany, data, id_Zadokowany, id_Uzytkownik) VALUES(5, '1990-01-01 22:00:00', 5, 1);
INSERT INTO Oddokowany (id_Oddokowany, data, id_Zadokowany, id_Uzytkownik) VALUES(6, '1990-01-02 14:00:00', 7, 1);
INSERT INTO Oddokowany (id_Oddokowany, data, id_Zadokowany, id_Uzytkownik) VALUES(7, '1990-01-03 02:00:00', 6, 1);
INSERT INTO Oddokowany (id_Oddokowany, data, id_Zadokowany, id_Uzytkownik) VALUES(8, '1990-01-03 06:00:00', 13, 1);
INSERT INTO Oddokowany (id_Oddokowany, data, id_Zadokowany, id_Uzytkownik) VALUES(9, '1990-01-03 08:00:00', 8, 1);
INSERT INTO Oddokowany (id_Oddokowany, data, id_Zadokowany, id_Uzytkownik) VALUES(10, '1990-01-03 10:00:00', 11, 1);
INSERT INTO Oddokowany (id_Oddokowany, data, id_Zadokowany, id_Uzytkownik) VALUES(11, '1990-01-03 14:00:00', 12, 1);
INSERT INTO Oddokowany (id_Oddokowany, data, id_Zadokowany, id_Uzytkownik) VALUES(12, '1990-01-03 18:00:00', 15, 1);
INSERT INTO Oddokowany (id_Oddokowany, data, id_Zadokowany, id_Uzytkownik) VALUES(13, '1990-01-03 20:00:00', 9, 1);
INSERT INTO Oddokowany (id_Oddokowany, data, id_Zadokowany, id_Uzytkownik) VALUES(14, '1990-01-03 22:00:00', 10, 1);
INSERT INTO Oddokowany (id_Oddokowany, data, id_Zadokowany, id_Uzytkownik) VALUES(15, '1990-01-04 02:00:00', 16, 1);
INSERT INTO Oddokowany (id_Oddokowany, data, id_Zadokowany, id_Uzytkownik) VALUES(16, '1990-01-04 04:00:00', 17, 1);
INSERT INTO Oddokowany (id_Oddokowany, data, id_Zadokowany, id_Uzytkownik) VALUES(17, '1990-01-04 08:00:00', 18, 1);
INSERT INTO Oddokowany (id_Oddokowany, data, id_Zadokowany, id_Uzytkownik) VALUES(18, '1990-01-04 12:00:00', 14, 1);
INSERT INTO Oddokowany (id_Oddokowany, data, id_Zadokowany, id_Uzytkownik) VALUES(19, '1990-01-04 16:00:00', 19, 1);
INSERT INTO Oddokowany (id_Oddokowany, data, id_Zadokowany, id_Uzytkownik) VALUES(20, '1990-01-05 08:00:00', 24, 1);
INSERT INTO Oddokowany (id_Oddokowany, data, id_Zadokowany, id_Uzytkownik) VALUES(21, '1990-01-05 10:00:00', 20, 1);
INSERT INTO Oddokowany (id_Oddokowany, data, id_Zadokowany, id_Uzytkownik) VALUES(22, '1990-01-05 16:00:00', 21, 1);
INSERT INTO Oddokowany (id_Oddokowany, data, id_Zadokowany, id_Uzytkownik) VALUES(23, '1990-01-05 18:00:00', 26, 1);
INSERT INTO Oddokowany (id_Oddokowany, data, id_Zadokowany, id_Uzytkownik) VALUES(24, '1990-01-05 22:00:00', 27, 1);
INSERT INTO Oddokowany (id_Oddokowany, data, id_Zadokowany, id_Uzytkownik) VALUES(25, '1990-01-06 00:00:00', 25, 1);
INSERT INTO Oddokowany (id_Oddokowany, data, id_Zadokowany, id_Uzytkownik) VALUES(26, '1990-01-06 08:00:00', 23, 1);
INSERT INTO Oddokowany (id_Oddokowany, data, id_Zadokowany, id_Uzytkownik) VALUES(27, '1990-01-06 10:00:00', 22, 1);
INSERT INTO Oddokowany (id_Oddokowany, data, id_Zadokowany, id_Uzytkownik) VALUES(28, '1990-01-07 04:00:00', 36, 1);
INSERT INTO Oddokowany (id_Oddokowany, data, id_Zadokowany, id_Uzytkownik) VALUES(29, '1990-01-07 08:00:00', 35, 1);
INSERT INTO Oddokowany (id_Oddokowany, data, id_Zadokowany, id_Uzytkownik) VALUES(30, '1990-01-07 12:00:00', 37, 1);
INSERT INTO Oddokowany (id_Oddokowany, data, id_Zadokowany, id_Uzytkownik) VALUES(31, '1990-01-07 16:00:00', 38, 1);
INSERT INTO Oddokowany (id_Oddokowany, data, id_Zadokowany, id_Uzytkownik) VALUES(32, '1990-01-07 18:00:00', 30, 1);
INSERT INTO Oddokowany (id_Oddokowany, data, id_Zadokowany, id_Uzytkownik) VALUES(33, '1990-01-08 06:00:00', 34, 1);
INSERT INTO Oddokowany (id_Oddokowany, data, id_Zadokowany, id_Uzytkownik) VALUES(34, '1990-01-08 08:00:00', 31, 1);
INSERT INTO Oddokowany (id_Oddokowany, data, id_Zadokowany, id_Uzytkownik) VALUES(35, '1990-01-08 10:00:00', 29, 1);
INSERT INTO Oddokowany (id_Oddokowany, data, id_Zadokowany, id_Uzytkownik) VALUES(36, '1990-01-08 14:00:00', 33, 1);
INSERT INTO Oddokowany (id_Oddokowany, data, id_Zadokowany, id_Uzytkownik) VALUES(37, '1990-01-08 16:00:00', 39, 1);
INSERT INTO Oddokowany (id_Oddokowany, data, id_Zadokowany, id_Uzytkownik) VALUES(38, '1990-01-08 20:00:00', 28, 1);
INSERT INTO Oddokowany (id_Oddokowany, data, id_Zadokowany, id_Uzytkownik) VALUES(39, '1990-01-08 22:00:00', 32, 1);
INSERT INTO Oddokowany (id_Oddokowany, data, id_Zadokowany, id_Uzytkownik) VALUES(40, '1990-01-09 00:00:00', 40, 1);
INSERT INTO Oddokowany (id_Oddokowany, data, id_Zadokowany, id_Uzytkownik) VALUES(41, '1990-01-09 06:00:00', 44, 1);
INSERT INTO Oddokowany (id_Oddokowany, data, id_Zadokowany, id_Uzytkownik) VALUES(42, '1990-01-09 08:00:00', 43, 1);
INSERT INTO Oddokowany (id_Oddokowany, data, id_Zadokowany, id_Uzytkownik) VALUES(43, '1990-01-09 10:00:00', 41, 1);
INSERT INTO Oddokowany (id_Oddokowany, data, id_Zadokowany, id_Uzytkownik) VALUES(44, '1990-01-09 16:00:00', 45, 1);
INSERT INTO Oddokowany (id_Oddokowany, data, id_Zadokowany, id_Uzytkownik) VALUES(45, '1990-01-09 20:00:00', 42, 1);
INSERT INTO Oddokowany (id_Oddokowany, data, id_Zadokowany, id_Uzytkownik) VALUES(46, '1990-01-09 22:00:00', 47, 1);
INSERT INTO Oddokowany (id_Oddokowany, data, id_Zadokowany, id_Uzytkownik) VALUES(47, '1990-01-10 00:00:00', 46, 1);
INSERT INTO Oddokowany (id_Oddokowany, data, id_Zadokowany, id_Uzytkownik) VALUES(48, '1990-01-10 08:00:00', 48, 1);
INSERT INTO Oddokowany (id_Oddokowany, data, id_Zadokowany, id_Uzytkownik) VALUES(49, '1990-01-10 10:00:00', 49, 1);
INSERT INTO Oddokowany (id_Oddokowany, data, id_Zadokowany, id_Uzytkownik) VALUES(50, '1990-01-10 12:00:00', 50, 1);
INSERT INTO Oddokowany (id_Oddokowany, data, id_Zadokowany, id_Uzytkownik) VALUES(51, '1990-01-10 16:00:00', 51, 1);
INSERT INTO Oddokowany (id_Oddokowany, data, id_Zadokowany, id_Uzytkownik) VALUES(52, '1990-01-11 00:00:00', 53, 1);
INSERT INTO Oddokowany (id_Oddokowany, data, id_Zadokowany, id_Uzytkownik) VALUES(53, '1990-01-11 10:00:00', 54, 1);
INSERT INTO Oddokowany (id_Oddokowany, data, id_Zadokowany, id_Uzytkownik) VALUES(54, '1990-01-11 14:00:00', 59, 1);
INSERT INTO Oddokowany (id_Oddokowany, data, id_Zadokowany, id_Uzytkownik) VALUES(55, '1990-01-11 16:00:00', 52, 1);
INSERT INTO Oddokowany (id_Oddokowany, data, id_Zadokowany, id_Uzytkownik) VALUES(56, '1990-01-12 00:00:00', 61, 1);
INSERT INTO Oddokowany (id_Oddokowany, data, id_Zadokowany, id_Uzytkownik) VALUES(57, '1990-01-12 02:00:00', 56, 1);
INSERT INTO Oddokowany (id_Oddokowany, data, id_Zadokowany, id_Uzytkownik) VALUES(58, '1990-01-12 10:00:00', 57, 1);
INSERT INTO Oddokowany (id_Oddokowany, data, id_Zadokowany, id_Uzytkownik) VALUES(59, '1990-01-12 14:00:00', 58, 1);
INSERT INTO Oddokowany (id_Oddokowany, data, id_Zadokowany, id_Uzytkownik) VALUES(60, '1990-01-12 22:00:00', 63, 1);
INSERT INTO Oddokowany (id_Oddokowany, data, id_Zadokowany, id_Uzytkownik) VALUES(61, '1990-01-13 00:00:00', 64, 1);
INSERT INTO Oddokowany (id_Oddokowany, data, id_Zadokowany, id_Uzytkownik) VALUES(62, '1990-01-13 02:00:00', 68, 1);
INSERT INTO Oddokowany (id_Oddokowany, data, id_Zadokowany, id_Uzytkownik) VALUES(63, '1990-01-13 04:00:00', 62, 1);
INSERT INTO Oddokowany (id_Oddokowany, data, id_Zadokowany, id_Uzytkownik) VALUES(64, '1990-01-13 06:00:00', 60, 1);
INSERT INTO Oddokowany (id_Oddokowany, data, id_Zadokowany, id_Uzytkownik) VALUES(65, '1990-01-13 14:00:00', 66, 1);
INSERT INTO Oddokowany (id_Oddokowany, data, id_Zadokowany, id_Uzytkownik) VALUES(66, '1990-01-13 16:00:00', 55, 1);
INSERT INTO Oddokowany (id_Oddokowany, data, id_Zadokowany, id_Uzytkownik) VALUES(67, '1990-01-13 20:00:00', 72, 1);
INSERT INTO Oddokowany (id_Oddokowany, data, id_Zadokowany, id_Uzytkownik) VALUES(68, '1990-01-13 22:00:00', 70, 1);
INSERT INTO Oddokowany (id_Oddokowany, data, id_Zadokowany, id_Uzytkownik) VALUES(69, '1990-01-14 02:00:00', 65, 1);
INSERT INTO Oddokowany (id_Oddokowany, data, id_Zadokowany, id_Uzytkownik) VALUES(70, '1990-01-14 12:00:00', 69, 1);
INSERT INTO Oddokowany (id_Oddokowany, data, id_Zadokowany, id_Uzytkownik) VALUES(71, '1990-01-14 14:00:00', 76, 1);
INSERT INTO Oddokowany (id_Oddokowany, data, id_Zadokowany, id_Uzytkownik) VALUES(72, '1990-01-14 16:00:00', 71, 1);
INSERT INTO Oddokowany (id_Oddokowany, data, id_Zadokowany, id_Uzytkownik) VALUES(73, '1990-01-14 18:00:00', 67, 1);
INSERT INTO Oddokowany (id_Oddokowany, data, id_Zadokowany, id_Uzytkownik) VALUES(74, '1990-01-15 02:00:00', 78, 1);
INSERT INTO Oddokowany (id_Oddokowany, data, id_Zadokowany, id_Uzytkownik) VALUES(75, '1990-01-15 06:00:00', 79, 1);
INSERT INTO Oddokowany (id_Oddokowany, data, id_Zadokowany, id_Uzytkownik) VALUES(76, '1990-01-15 08:00:00', 75, 1);
INSERT INTO Oddokowany (id_Oddokowany, data, id_Zadokowany, id_Uzytkownik) VALUES(77, '1990-01-15 14:00:00', 74, 1);
INSERT INTO Oddokowany (id_Oddokowany, data, id_Zadokowany, id_Uzytkownik) VALUES(78, '1990-01-15 16:00:00', 73, 1);
INSERT INTO Oddokowany (id_Oddokowany, data, id_Zadokowany, id_Uzytkownik) VALUES(79, '1990-01-15 20:00:00', 77, 1);
INSERT INTO Oddokowany (id_Oddokowany, data, id_Zadokowany, id_Uzytkownik) VALUES(80, '1990-01-15 22:00:00', 80, 1);
INSERT INTO Oddokowany (id_Oddokowany, data, id_Zadokowany, id_Uzytkownik) VALUES(81, '1990-01-16 04:00:00', 82, 1);
INSERT INTO Oddokowany (id_Oddokowany, data, id_Zadokowany, id_Uzytkownik) VALUES(82, '1990-01-16 06:00:00', 81, 1);
INSERT INTO Oddokowany (id_Oddokowany, data, id_Zadokowany, id_Uzytkownik) VALUES(83, '1990-01-16 16:00:00', 85, 1);
INSERT INTO Oddokowany (id_Oddokowany, data, id_Zadokowany, id_Uzytkownik) VALUES(84, '1990-01-16 18:00:00', 84, 1);
INSERT INTO Oddokowany (id_Oddokowany, data, id_Zadokowany, id_Uzytkownik) VALUES(85, '1990-01-16 22:00:00', 86, 1);
INSERT INTO Oddokowany (id_Oddokowany, data, id_Zadokowany, id_Uzytkownik) VALUES(86, '1990-01-17 00:00:00', 87, 1);
INSERT INTO Oddokowany (id_Oddokowany, data, id_Zadokowany, id_Uzytkownik) VALUES(87, '1990-01-17 04:00:00', 83, 1);
INSERT INTO Oddokowany (id_Oddokowany, data, id_Zadokowany, id_Uzytkownik) VALUES(88, '1990-01-17 06:00:00', 88, 1);
INSERT INTO Oddokowany (id_Oddokowany, data, id_Zadokowany, id_Uzytkownik) VALUES(89, '1990-01-18 00:00:00', 89, 1);
INSERT INTO Oddokowany (id_Oddokowany, data, id_Zadokowany, id_Uzytkownik) VALUES(90, '1990-01-18 12:00:00', 93, 1);
INSERT INTO Oddokowany (id_Oddokowany, data, id_Zadokowany, id_Uzytkownik) VALUES(91, '1990-01-18 14:00:00', 91, 1);
INSERT INTO Oddokowany (id_Oddokowany, data, id_Zadokowany, id_Uzytkownik) VALUES(92, '1990-01-18 18:00:00', 90, 1);
INSERT INTO Oddokowany (id_Oddokowany, data, id_Zadokowany, id_Uzytkownik) VALUES(93, '1990-01-18 22:00:00', 94, 1);
INSERT INTO Oddokowany (id_Oddokowany, data, id_Zadokowany, id_Uzytkownik) VALUES(94, '1990-01-19 02:00:00', 95, 1);
INSERT INTO Oddokowany (id_Oddokowany, data, id_Zadokowany, id_Uzytkownik) VALUES(95, '1990-01-19 06:00:00', 97, 1);
INSERT INTO Oddokowany (id_Oddokowany, data, id_Zadokowany, id_Uzytkownik) VALUES(96, '1990-01-19 12:00:00', 98, 1);
INSERT INTO Oddokowany (id_Oddokowany, data, id_Zadokowany, id_Uzytkownik) VALUES(97, '1990-01-19 22:00:00', 100, 1);
INSERT INTO Oddokowany (id_Oddokowany, data, id_Zadokowany, id_Uzytkownik) VALUES(98, '1990-01-20 04:00:00', 99, 1);
INSERT INTO Oddokowany (id_Oddokowany, data, id_Zadokowany, id_Uzytkownik) VALUES(99, '1990-01-20 08:00:00', 106, 1);
INSERT INTO Oddokowany (id_Oddokowany, data, id_Zadokowany, id_Uzytkownik) VALUES(100, '1990-01-20 10:00:00', 103, 1);
INSERT INTO Oddokowany (id_Oddokowany, data, id_Zadokowany, id_Uzytkownik) VALUES(101, '1990-01-20 12:00:00', 92, 1);
INSERT INTO Oddokowany (id_Oddokowany, data, id_Zadokowany, id_Uzytkownik) VALUES(102, '1990-01-20 16:00:00', 101, 1);
INSERT INTO Oddokowany (id_Oddokowany, data, id_Zadokowany, id_Uzytkownik) VALUES(103, '1990-01-20 22:00:00', 104, 1);
INSERT INTO Oddokowany (id_Oddokowany, data, id_Zadokowany, id_Uzytkownik) VALUES(104, '1990-01-21 00:00:00', 105, 1);
INSERT INTO Oddokowany (id_Oddokowany, data, id_Zadokowany, id_Uzytkownik) VALUES(105, '1990-01-21 04:00:00', 109, 1);
INSERT INTO Oddokowany (id_Oddokowany, data, id_Zadokowany, id_Uzytkownik) VALUES(106, '1990-01-21 06:00:00', 96, 1);
INSERT INTO Oddokowany (id_Oddokowany, data, id_Zadokowany, id_Uzytkownik) VALUES(107, '1990-01-21 10:00:00', 110, 1);
INSERT INTO Oddokowany (id_Oddokowany, data, id_Zadokowany, id_Uzytkownik) VALUES(108, '1990-01-21 14:00:00', 108, 1);
INSERT INTO Oddokowany (id_Oddokowany, data, id_Zadokowany, id_Uzytkownik) VALUES(109, '1990-01-21 16:00:00', 107, 1);
INSERT INTO Oddokowany (id_Oddokowany, data, id_Zadokowany, id_Uzytkownik) VALUES(110, '1990-01-21 20:00:00', 112, 1);
INSERT INTO Oddokowany (id_Oddokowany, data, id_Zadokowany, id_Uzytkownik) VALUES(111, '1990-01-22 00:00:00', 102, 1);
INSERT INTO Oddokowany (id_Oddokowany, data, id_Zadokowany, id_Uzytkownik) VALUES(112, '1990-01-22 02:00:00', 113, 1);
INSERT INTO Oddokowany (id_Oddokowany, data, id_Zadokowany, id_Uzytkownik) VALUES(113, '1990-01-22 04:00:00', 111, 1);
INSERT INTO Oddokowany (id_Oddokowany, data, id_Zadokowany, id_Uzytkownik) VALUES(114, '1990-01-22 08:00:00', 114, 1);
INSERT INTO Oddokowany (id_Oddokowany, data, id_Zadokowany, id_Uzytkownik) VALUES(115, '1990-01-22 14:00:00', 116, 1);
INSERT INTO Oddokowany (id_Oddokowany, data, id_Zadokowany, id_Uzytkownik) VALUES(116, '1990-01-22 20:00:00', 118, 1);
INSERT INTO Oddokowany (id_Oddokowany, data, id_Zadokowany, id_Uzytkownik) VALUES(117, '1990-01-23 02:00:00', 115, 1);
INSERT INTO Oddokowany (id_Oddokowany, data, id_Zadokowany, id_Uzytkownik) VALUES(118, '1990-01-23 12:00:00', 121, 1);
INSERT INTO Oddokowany (id_Oddokowany, data, id_Zadokowany, id_Uzytkownik) VALUES(119, '1990-01-23 14:00:00', 119, 1);
INSERT INTO Oddokowany (id_Oddokowany, data, id_Zadokowany, id_Uzytkownik) VALUES(120, '1990-01-23 16:00:00', 120, 1);
INSERT INTO Oddokowany (id_Oddokowany, data, id_Zadokowany, id_Uzytkownik) VALUES(121, '1990-01-23 18:00:00', 117, 1);
INSERT INTO Oddokowany (id_Oddokowany, data, id_Zadokowany, id_Uzytkownik) VALUES(122, '1990-01-24 10:00:00', 123, 1);
INSERT INTO Oddokowany (id_Oddokowany, data, id_Zadokowany, id_Uzytkownik) VALUES(123, '1990-01-24 12:00:00', 127, 1);
INSERT INTO Oddokowany (id_Oddokowany, data, id_Zadokowany, id_Uzytkownik) VALUES(124, '1990-01-24 14:00:00', 125, 1);
INSERT INTO Oddokowany (id_Oddokowany, data, id_Zadokowany, id_Uzytkownik) VALUES(125, '1990-01-25 00:00:00', 122, 1);
INSERT INTO Oddokowany (id_Oddokowany, data, id_Zadokowany, id_Uzytkownik) VALUES(126, '1990-01-25 02:00:00', 124, 1);
INSERT INTO Oddokowany (id_Oddokowany, data, id_Zadokowany, id_Uzytkownik) VALUES(127, '1990-01-25 10:00:00', 132, 1);
INSERT INTO Oddokowany (id_Oddokowany, data, id_Zadokowany, id_Uzytkownik) VALUES(128, '1990-01-25 12:00:00', 131, 1);
INSERT INTO Oddokowany (id_Oddokowany, data, id_Zadokowany, id_Uzytkownik) VALUES(129, '1990-01-25 14:00:00', 130, 1);
INSERT INTO Oddokowany (id_Oddokowany, data, id_Zadokowany, id_Uzytkownik) VALUES(130, '1990-01-25 18:00:00', 126, 1);
INSERT INTO Oddokowany (id_Oddokowany, data, id_Zadokowany, id_Uzytkownik) VALUES(131, '1990-01-25 22:00:00', 135, 1);
INSERT INTO Oddokowany (id_Oddokowany, data, id_Zadokowany, id_Uzytkownik) VALUES(132, '1990-01-26 08:00:00', 134, 1);
INSERT INTO Oddokowany (id_Oddokowany, data, id_Zadokowany, id_Uzytkownik) VALUES(133, '1990-01-26 16:00:00', 139, 1);
INSERT INTO Oddokowany (id_Oddokowany, data, id_Zadokowany, id_Uzytkownik) VALUES(134, '1990-01-27 02:00:00', 142, 1);
INSERT INTO Oddokowany (id_Oddokowany, data, id_Zadokowany, id_Uzytkownik) VALUES(135, '1990-01-27 08:00:00', 129, 1);
INSERT INTO Oddokowany (id_Oddokowany, data, id_Zadokowany, id_Uzytkownik) VALUES(136, '1990-01-27 12:00:00', 138, 1);
INSERT INTO Oddokowany (id_Oddokowany, data, id_Zadokowany, id_Uzytkownik) VALUES(137, '1990-01-27 16:00:00', 141, 1);
INSERT INTO Oddokowany (id_Oddokowany, data, id_Zadokowany, id_Uzytkownik) VALUES(138, '1990-01-27 20:00:00', 145, 1);
INSERT INTO Oddokowany (id_Oddokowany, data, id_Zadokowany, id_Uzytkownik) VALUES(139, '1990-01-28 00:00:00', 143, 1);
INSERT INTO Oddokowany (id_Oddokowany, data, id_Zadokowany, id_Uzytkownik) VALUES(140, '1990-01-28 08:00:00', 140, 1);
INSERT INTO Oddokowany (id_Oddokowany, data, id_Zadokowany, id_Uzytkownik) VALUES(141, '1990-01-28 16:00:00', 128, 1);
INSERT INTO Oddokowany (id_Oddokowany, data, id_Zadokowany, id_Uzytkownik) VALUES(142, '1990-01-28 22:00:00', 151, 1);
INSERT INTO Oddokowany (id_Oddokowany, data, id_Zadokowany, id_Uzytkownik) VALUES(143, '1990-01-29 00:00:00', 136, 1);
INSERT INTO Oddokowany (id_Oddokowany, data, id_Zadokowany, id_Uzytkownik) VALUES(144, '1990-01-29 08:00:00', 144, 1);
INSERT INTO Oddokowany (id_Oddokowany, data, id_Zadokowany, id_Uzytkownik) VALUES(145, '1990-01-29 22:00:00', 148, 1);
INSERT INTO Oddokowany (id_Oddokowany, data, id_Zadokowany, id_Uzytkownik) VALUES(146, '1990-01-30 00:00:00', 150, 1);
INSERT INTO Oddokowany (id_Oddokowany, data, id_Zadokowany, id_Uzytkownik) VALUES(147, '1990-01-30 02:00:00', 133, 1);
INSERT INTO Oddokowany (id_Oddokowany, data, id_Zadokowany, id_Uzytkownik) VALUES(148, '1990-01-30 10:00:00', 137, 1);
INSERT INTO Oddokowany (id_Oddokowany, data, id_Zadokowany, id_Uzytkownik) VALUES(149, '1990-01-30 18:00:00', 152, 1);
INSERT INTO Oddokowany (id_Oddokowany, data, id_Zadokowany, id_Uzytkownik) VALUES(150, '1990-01-30 22:00:00', 149, 1);
INSERT INTO Oddokowany (id_Oddokowany, data, id_Zadokowany, id_Uzytkownik) VALUES(151, '1990-01-31 04:00:00', 158, 1);
INSERT INTO Oddokowany (id_Oddokowany, data, id_Zadokowany, id_Uzytkownik) VALUES(152, '1990-01-31 08:00:00', 161, 1);
INSERT INTO Oddokowany (id_Oddokowany, data, id_Zadokowany, id_Uzytkownik) VALUES(153, '1990-01-31 12:00:00', 160, 1);
INSERT INTO Oddokowany (id_Oddokowany, data, id_Zadokowany, id_Uzytkownik) VALUES(154, '1990-01-31 20:00:00', 146, 1);
INSERT INTO Oddokowany (id_Oddokowany, data, id_Zadokowany, id_Uzytkownik) VALUES(155, '1990-02-01 04:00:00', 162, 1);
INSERT INTO Oddokowany (id_Oddokowany, data, id_Zadokowany, id_Uzytkownik) VALUES(156, '1990-02-01 06:00:00', 165, 1);
INSERT INTO Oddokowany (id_Oddokowany, data, id_Zadokowany, id_Uzytkownik) VALUES(157, '1990-02-01 10:00:00', 164, 1);
INSERT INTO Oddokowany (id_Oddokowany, data, id_Zadokowany, id_Uzytkownik) VALUES(158, '1990-02-01 14:00:00', 168, 1);
INSERT INTO Oddokowany (id_Oddokowany, data, id_Zadokowany, id_Uzytkownik) VALUES(159, '1990-02-01 16:00:00', 155, 1);
INSERT INTO Oddokowany (id_Oddokowany, data, id_Zadokowany, id_Uzytkownik) VALUES(160, '1990-02-01 22:00:00', 163, 1);
INSERT INTO Oddokowany (id_Oddokowany, data, id_Zadokowany, id_Uzytkownik) VALUES(161, '1990-02-02 08:00:00', 156, 1);
INSERT INTO Oddokowany (id_Oddokowany, data, id_Zadokowany, id_Uzytkownik) VALUES(162, '1990-02-02 14:00:00', 172, 1);
INSERT INTO Oddokowany (id_Oddokowany, data, id_Zadokowany, id_Uzytkownik) VALUES(163, '1990-02-02 16:00:00', 175, 1);
INSERT INTO Oddokowany (id_Oddokowany, data, id_Zadokowany, id_Uzytkownik) VALUES(164, '1990-02-02 22:00:00', 153, 1);
INSERT INTO Oddokowany (id_Oddokowany, data, id_Zadokowany, id_Uzytkownik) VALUES(165, '1990-02-03 00:00:00', 171, 1);
INSERT INTO Oddokowany (id_Oddokowany, data, id_Zadokowany, id_Uzytkownik) VALUES(166, '1990-02-03 04:00:00', 173, 1);
INSERT INTO Oddokowany (id_Oddokowany, data, id_Zadokowany, id_Uzytkownik) VALUES(167, '1990-02-03 06:00:00', 154, 1);
INSERT INTO Oddokowany (id_Oddokowany, data, id_Zadokowany, id_Uzytkownik) VALUES(168, '1990-02-03 16:00:00', 170, 1);
INSERT INTO Oddokowany (id_Oddokowany, data, id_Zadokowany, id_Uzytkownik) VALUES(169, '1990-02-03 18:00:00', 178, 1);
INSERT INTO Oddokowany (id_Oddokowany, data, id_Zadokowany, id_Uzytkownik) VALUES(170, '1990-02-03 22:00:00', 159, 1);
INSERT INTO Oddokowany (id_Oddokowany, data, id_Zadokowany, id_Uzytkownik) VALUES(171, '1990-02-04 00:00:00', 176, 1);
INSERT INTO Oddokowany (id_Oddokowany, data, id_Zadokowany, id_Uzytkownik) VALUES(172, '1990-02-04 02:00:00', 177, 1);
INSERT INTO Oddokowany (id_Oddokowany, data, id_Zadokowany, id_Uzytkownik) VALUES(173, '1990-02-04 04:00:00', 166, 1);
INSERT INTO Oddokowany (id_Oddokowany, data, id_Zadokowany, id_Uzytkownik) VALUES(174, '1990-02-04 06:00:00', 179, 1);
INSERT INTO Oddokowany (id_Oddokowany, data, id_Zadokowany, id_Uzytkownik) VALUES(175, '1990-02-04 10:00:00', 180, 1);
INSERT INTO Oddokowany (id_Oddokowany, data, id_Zadokowany, id_Uzytkownik) VALUES(176, '1990-02-04 14:00:00', 174, 1);
INSERT INTO Oddokowany (id_Oddokowany, data, id_Zadokowany, id_Uzytkownik) VALUES(177, '1990-02-04 18:00:00', 182, 1);
INSERT INTO Oddokowany (id_Oddokowany, data, id_Zadokowany, id_Uzytkownik) VALUES(178, '1990-02-05 00:00:00', 184, 1);
INSERT INTO Oddokowany (id_Oddokowany, data, id_Zadokowany, id_Uzytkownik) VALUES(179, '1990-02-05 04:00:00', 157, 1);
INSERT INTO Oddokowany (id_Oddokowany, data, id_Zadokowany, id_Uzytkownik) VALUES(180, '1990-02-05 06:00:00', 169, 1);
INSERT INTO Oddokowany (id_Oddokowany, data, id_Zadokowany, id_Uzytkownik) VALUES(181, '1990-02-05 10:00:00', 167, 1);
INSERT INTO Oddokowany (id_Oddokowany, data, id_Zadokowany, id_Uzytkownik) VALUES(182, '1990-02-05 12:00:00', 181, 1);
INSERT INTO Oddokowany (id_Oddokowany, data, id_Zadokowany, id_Uzytkownik) VALUES(183, '1990-02-05 16:00:00', 185, 1);
INSERT INTO Oddokowany (id_Oddokowany, data, id_Zadokowany, id_Uzytkownik) VALUES(184, '1990-02-05 22:00:00', 183, 1);
INSERT INTO Oddokowany (id_Oddokowany, data, id_Zadokowany, id_Uzytkownik) VALUES(185, '1990-02-06 02:00:00', 147, 1);
INSERT INTO Oddokowany (id_Oddokowany, data, id_Zadokowany, id_Uzytkownik) VALUES(186, '1990-02-06 04:00:00', 186, 1);
INSERT INTO Oddokowany (id_Oddokowany, data, id_Zadokowany, id_Uzytkownik) VALUES(187, '1990-02-06 06:00:00', 187, 1);
INSERT INTO Oddokowany (id_Oddokowany, data, id_Zadokowany, id_Uzytkownik) VALUES(188, '1990-02-06 14:00:00', 191, 1);
INSERT INTO Oddokowany (id_Oddokowany, data, id_Zadokowany, id_Uzytkownik) VALUES(189, '1990-02-06 16:00:00', 188, 1);
INSERT INTO Oddokowany (id_Oddokowany, data, id_Zadokowany, id_Uzytkownik) VALUES(190, '1990-02-06 18:00:00', 190, 1);
INSERT INTO Oddokowany (id_Oddokowany, data, id_Zadokowany, id_Uzytkownik) VALUES(191, '1990-02-07 00:00:00', 192, 1);
INSERT INTO Oddokowany (id_Oddokowany, data, id_Zadokowany, id_Uzytkownik) VALUES(192, '1990-02-07 02:00:00', 189, 1);
INSERT INTO Oddokowany (id_Oddokowany, data, id_Zadokowany, id_Uzytkownik) VALUES(193, '1990-02-07 08:00:00', 193, 1);
INSERT INTO Oddokowany (id_Oddokowany, data, id_Zadokowany, id_Uzytkownik) VALUES(194, '1990-02-07 22:00:00', 196, 1);
INSERT INTO Oddokowany (id_Oddokowany, data, id_Zadokowany, id_Uzytkownik) VALUES(195, '1990-02-08 00:00:00', 197, 1);
INSERT INTO Oddokowany (id_Oddokowany, data, id_Zadokowany, id_Uzytkownik) VALUES(196, '1990-02-08 08:00:00', 200, 1);
INSERT INTO Oddokowany (id_Oddokowany, data, id_Zadokowany, id_Uzytkownik) VALUES(197, '1990-02-08 12:00:00', 201, 1);
INSERT INTO Oddokowany (id_Oddokowany, data, id_Zadokowany, id_Uzytkownik) VALUES(198, '1990-02-08 14:00:00', 194, 1);
INSERT INTO Oddokowany (id_Oddokowany, data, id_Zadokowany, id_Uzytkownik) VALUES(199, '1990-02-08 18:00:00', 195, 1);
INSERT INTO Oddokowany (id_Oddokowany, data, id_Zadokowany, id_Uzytkownik) VALUES(200, '1990-02-09 02:00:00', 203, 1);
INSERT INTO Oddokowany (id_Oddokowany, data, id_Zadokowany, id_Uzytkownik) VALUES(201, '1990-02-09 06:00:00', 202, 1);
INSERT INTO Oddokowany (id_Oddokowany, data, id_Zadokowany, id_Uzytkownik) VALUES(202, '1990-02-09 08:00:00', 199, 1);
INSERT INTO Oddokowany (id_Oddokowany, data, id_Zadokowany, id_Uzytkownik) VALUES(203, '1990-02-09 10:00:00', 204, 1);
INSERT INTO Oddokowany (id_Oddokowany, data, id_Zadokowany, id_Uzytkownik) VALUES(204, '1990-02-09 16:00:00', 206, 1);
INSERT INTO Oddokowany (id_Oddokowany, data, id_Zadokowany, id_Uzytkownik) VALUES(205, '1990-02-09 22:00:00', 205, 1);
INSERT INTO Oddokowany (id_Oddokowany, data, id_Zadokowany, id_Uzytkownik) VALUES(206, '1990-02-10 02:00:00', 209, 1);
INSERT INTO Oddokowany (id_Oddokowany, data, id_Zadokowany, id_Uzytkownik) VALUES(207, '1990-02-10 06:00:00', 208, 1);
INSERT INTO Oddokowany (id_Oddokowany, data, id_Zadokowany, id_Uzytkownik) VALUES(208, '1990-02-10 12:00:00', 198, 1);
INSERT INTO Oddokowany (id_Oddokowany, data, id_Zadokowany, id_Uzytkownik) VALUES(209, '1990-02-11 02:00:00', 207, 1);
INSERT INTO Oddokowany (id_Oddokowany, data, id_Zadokowany, id_Uzytkownik) VALUES(210, '1990-02-11 04:00:00', 211, 1);
INSERT INTO Oddokowany (id_Oddokowany, data, id_Zadokowany, id_Uzytkownik) VALUES(211, '1990-02-11 06:00:00', 216, 1);
INSERT INTO Oddokowany (id_Oddokowany, data, id_Zadokowany, id_Uzytkownik) VALUES(212, '1990-02-11 08:00:00', 214, 1);
INSERT INTO Oddokowany (id_Oddokowany, data, id_Zadokowany, id_Uzytkownik) VALUES(213, '1990-02-11 10:00:00', 215, 1);
INSERT INTO Oddokowany (id_Oddokowany, data, id_Zadokowany, id_Uzytkownik) VALUES(214, '1990-02-11 12:00:00', 213, 1);
INSERT INTO Oddokowany (id_Oddokowany, data, id_Zadokowany, id_Uzytkownik) VALUES(215, '1990-02-11 14:00:00', 210, 1);
SET IDENTITY_INSERT Oddokowany OFF;

SET IDENTITY_INSERT Oplata ON;
INSERT INTO Oplata (id_Oplata, kwota, czy_oplacona, data_naliczenia, id_Kontrahent, id_Uzytkownik, typ, id_Ladunek, id_Zadokowany) VALUES(1, 1000, 0, '1990-01-01 06:00:00', 1, 1, 1, NULL, 1);
INSERT INTO Oplata (id_Oplata, kwota, czy_oplacona, data_naliczenia, id_Kontrahent, id_Uzytkownik, typ, id_Ladunek, id_Zadokowany) VALUES(2, 500, 0, '1990-01-01 08:00:00', 1, 1, 1, NULL, 2);
INSERT INTO Oplata (id_Oplata, kwota, czy_oplacona, data_naliczenia, id_Kontrahent, id_Uzytkownik, typ, id_Ladunek, id_Zadokowany) VALUES(3, 100, 0, '1990-01-01 12:00:00', 9, 1, 1, NULL, 3);
INSERT INTO Oplata (id_Oplata, kwota, czy_oplacona, data_naliczenia, id_Kontrahent, id_Uzytkownik, typ, id_Ladunek, id_Zadokowany) VALUES(4, 10000, 0, '1990-01-01 20:00:00', 1, 1, 1, NULL, 4);
INSERT INTO Oplata (id_Oplata, kwota, czy_oplacona, data_naliczenia, id_Kontrahent, id_Uzytkownik, typ, id_Ladunek, id_Zadokowany) VALUES(5, 100, 0, '1990-01-01 22:00:00', 1, 1, 1, NULL, 5);
INSERT INTO Oplata (id_Oplata, kwota, czy_oplacona, data_naliczenia, id_Kontrahent, id_Uzytkownik, typ, id_Ladunek, id_Zadokowany) VALUES(6, 10000, 0, '1990-01-02 14:00:00', 1, 1, 1, NULL, 7);
INSERT INTO Oplata (id_Oplata, kwota, czy_oplacona, data_naliczenia, id_Kontrahent, id_Uzytkownik, typ, id_Ladunek, id_Zadokowany) VALUES(7, 2000, 0, '1990-01-03 02:00:00', 1, 1, 1, NULL, 6);
INSERT INTO Oplata (id_Oplata, kwota, czy_oplacona, data_naliczenia, id_Kontrahent, id_Uzytkownik, typ, id_Ladunek, id_Zadokowany) VALUES(8, 200, 0, '1990-01-03 06:00:00', 1, 1, 1, NULL, 13);
INSERT INTO Oplata (id_Oplata, kwota, czy_oplacona, data_naliczenia, id_Kontrahent, id_Uzytkownik, typ, id_Ladunek, id_Zadokowany) VALUES(9, 20, 0, '1990-01-03 08:00:00', 9, 1, 1, NULL, 8);
INSERT INTO Oplata (id_Oplata, kwota, czy_oplacona, data_naliczenia, id_Kontrahent, id_Uzytkownik, typ, id_Ladunek, id_Zadokowany) VALUES(10, 400, 0, '1990-01-03 10:00:00', 4, 1, 1, NULL, 11);
INSERT INTO Oplata (id_Oplata, kwota, czy_oplacona, data_naliczenia, id_Kontrahent, id_Uzytkownik, typ, id_Ladunek, id_Zadokowany) VALUES(11, 20000, 0, '1990-01-03 14:00:00', 1, 1, 1, NULL, 12);
INSERT INTO Oplata (id_Oplata, kwota, czy_oplacona, data_naliczenia, id_Kontrahent, id_Uzytkownik, typ, id_Ladunek, id_Zadokowany) VALUES(12, 50, 0, '1990-01-03 18:00:00', 8, 1, 1, NULL, 15);
INSERT INTO Oplata (id_Oplata, kwota, czy_oplacona, data_naliczenia, id_Kontrahent, id_Uzytkownik, typ, id_Ladunek, id_Zadokowany) VALUES(13, 2000, 0, '1990-01-03 20:00:00', 9, 1, 1, NULL, 9);
INSERT INTO Oplata (id_Oplata, kwota, czy_oplacona, data_naliczenia, id_Kontrahent, id_Uzytkownik, typ, id_Ladunek, id_Zadokowany) VALUES(14, 3200, 0, '1990-01-03 22:00:00', 5, 1, 1, NULL, 10);
INSERT INTO Oplata (id_Oplata, kwota, czy_oplacona, data_naliczenia, id_Kontrahent, id_Uzytkownik, typ, id_Ladunek, id_Zadokowany) VALUES(15, 20000, 0, '1990-01-04 02:00:00', 1, 1, 1, NULL, 16);
INSERT INTO Oplata (id_Oplata, kwota, czy_oplacona, data_naliczenia, id_Kontrahent, id_Uzytkownik, typ, id_Ladunek, id_Zadokowany) VALUES(16, 100, 0, '1990-01-04 04:00:00', 9, 1, 1, NULL, 17);
INSERT INTO Oplata (id_Oplata, kwota, czy_oplacona, data_naliczenia, id_Kontrahent, id_Uzytkownik, typ, id_Ladunek, id_Zadokowany) VALUES(17, 10000, 0, '1990-01-04 08:00:00', 1, 1, 1, NULL, 18);
INSERT INTO Oplata (id_Oplata, kwota, czy_oplacona, data_naliczenia, id_Kontrahent, id_Uzytkownik, typ, id_Ladunek, id_Zadokowany) VALUES(18, 3200, 0, '1990-01-04 12:00:00', 9, 1, 1, NULL, 14);
INSERT INTO Oplata (id_Oplata, kwota, czy_oplacona, data_naliczenia, id_Kontrahent, id_Uzytkownik, typ, id_Ladunek, id_Zadokowany) VALUES(19, 50, 0, '1990-01-04 16:00:00', 9, 1, 1, NULL, 19);
INSERT INTO Oplata (id_Oplata, kwota, czy_oplacona, data_naliczenia, id_Kontrahent, id_Uzytkownik, typ, id_Ladunek, id_Zadokowany) VALUES(20, 200, 0, '1990-01-05 08:00:00', 4, 1, 1, NULL, 24);
INSERT INTO Oplata (id_Oplata, kwota, czy_oplacona, data_naliczenia, id_Kontrahent, id_Uzytkownik, typ, id_Ladunek, id_Zadokowany) VALUES(21, 2000, 0, '1990-01-05 10:00:00', 1, 1, 1, NULL, 20);
INSERT INTO Oplata (id_Oplata, kwota, czy_oplacona, data_naliczenia, id_Kontrahent, id_Uzytkownik, typ, id_Ladunek, id_Zadokowany) VALUES(22, 400, 0, '1990-01-05 16:00:00', 9, 1, 1, NULL, 21);
INSERT INTO Oplata (id_Oplata, kwota, czy_oplacona, data_naliczenia, id_Kontrahent, id_Uzytkownik, typ, id_Ladunek, id_Zadokowany) VALUES(23, 2000, 0, '1990-01-05 18:00:00', 9, 1, 1, NULL, 26);
INSERT INTO Oplata (id_Oplata, kwota, czy_oplacona, data_naliczenia, id_Kontrahent, id_Uzytkownik, typ, id_Ladunek, id_Zadokowany) VALUES(24, 1000, 0, '1990-01-05 22:00:00', 1, 1, 1, NULL, 27);
INSERT INTO Oplata (id_Oplata, kwota, czy_oplacona, data_naliczenia, id_Kontrahent, id_Uzytkownik, typ, id_Ladunek, id_Zadokowany) VALUES(25, 100000, 0, '1990-01-06 00:00:00', 4, 1, 1, NULL, 25);
INSERT INTO Oplata (id_Oplata, kwota, czy_oplacona, data_naliczenia, id_Kontrahent, id_Uzytkownik, typ, id_Ladunek, id_Zadokowany) VALUES(26, 20000, 0, '1990-01-06 08:00:00', 1, 1, 1, NULL, 23);
INSERT INTO Oplata (id_Oplata, kwota, czy_oplacona, data_naliczenia, id_Kontrahent, id_Uzytkownik, typ, id_Ladunek, id_Zadokowany) VALUES(27, 20, 0, '1990-01-06 10:00:00', 1, 1, 1, NULL, 22);
INSERT INTO Oplata (id_Oplata, kwota, czy_oplacona, data_naliczenia, id_Kontrahent, id_Uzytkownik, typ, id_Ladunek, id_Zadokowany) VALUES(28, 1000, 0, '1990-01-07 04:00:00', 1, 1, 1, NULL, 36);
INSERT INTO Oplata (id_Oplata, kwota, czy_oplacona, data_naliczenia, id_Kontrahent, id_Uzytkownik, typ, id_Ladunek, id_Zadokowany) VALUES(29, 200, 0, '1990-01-07 08:00:00', 1, 1, 1, NULL, 35);
INSERT INTO Oplata (id_Oplata, kwota, czy_oplacona, data_naliczenia, id_Kontrahent, id_Uzytkownik, typ, id_Ladunek, id_Zadokowany) VALUES(30, 50000, 0, '1990-01-07 12:00:00', 1, 1, 1, NULL, 37);
INSERT INTO Oplata (id_Oplata, kwota, czy_oplacona, data_naliczenia, id_Kontrahent, id_Uzytkownik, typ, id_Ladunek, id_Zadokowany) VALUES(31, 1000, 0, '1990-01-07 16:00:00', 1, 1, 1, NULL, 38);
INSERT INTO Oplata (id_Oplata, kwota, czy_oplacona, data_naliczenia, id_Kontrahent, id_Uzytkownik, typ, id_Ladunek, id_Zadokowany) VALUES(32, 600, 0, '1990-01-07 18:00:00', 9, 1, 1, NULL, 30);
INSERT INTO Oplata (id_Oplata, kwota, czy_oplacona, data_naliczenia, id_Kontrahent, id_Uzytkownik, typ, id_Ladunek, id_Zadokowany) VALUES(33, 30000, 0, '1990-01-08 06:00:00', 4, 1, 1, NULL, 34);
INSERT INTO Oplata (id_Oplata, kwota, czy_oplacona, data_naliczenia, id_Kontrahent, id_Uzytkownik, typ, id_Ladunek, id_Zadokowany) VALUES(34, 4800, 0, '1990-01-08 08:00:00', 9, 1, 1, NULL, 31);
INSERT INTO Oplata (id_Oplata, kwota, czy_oplacona, data_naliczenia, id_Kontrahent, id_Uzytkownik, typ, id_Ladunek, id_Zadokowany) VALUES(35, 4800, 0, '1990-01-08 10:00:00', 5, 1, 1, NULL, 29);
INSERT INTO Oplata (id_Oplata, kwota, czy_oplacona, data_naliczenia, id_Kontrahent, id_Uzytkownik, typ, id_Ladunek, id_Zadokowany) VALUES(36, 30000, 0, '1990-01-08 14:00:00', 1, 1, 1, NULL, 33);
INSERT INTO Oplata (id_Oplata, kwota, czy_oplacona, data_naliczenia, id_Kontrahent, id_Uzytkownik, typ, id_Ladunek, id_Zadokowany) VALUES(37, 1000, 0, '1990-01-08 16:00:00', 1, 1, 1, NULL, 39);
INSERT INTO Oplata (id_Oplata, kwota, czy_oplacona, data_naliczenia, id_Kontrahent, id_Uzytkownik, typ, id_Ladunek, id_Zadokowany) VALUES(38, 300, 0, '1990-01-08 20:00:00', 1, 1, 1, NULL, 28);
INSERT INTO Oplata (id_Oplata, kwota, czy_oplacona, data_naliczenia, id_Kontrahent, id_Uzytkownik, typ, id_Ladunek, id_Zadokowany) VALUES(39, 150, 0, '1990-01-08 22:00:00', 9, 1, 1, NULL, 32);
INSERT INTO Oplata (id_Oplata, kwota, czy_oplacona, data_naliczenia, id_Kontrahent, id_Uzytkownik, typ, id_Ladunek, id_Zadokowany) VALUES(40, 2000, 0, '1990-01-09 00:00:00', 4, 1, 1, NULL, 40);
INSERT INTO Oplata (id_Oplata, kwota, czy_oplacona, data_naliczenia, id_Kontrahent, id_Uzytkownik, typ, id_Ladunek, id_Zadokowany) VALUES(41, 10000, 0, '1990-01-09 06:00:00', 1, 1, 1, NULL, 44);
INSERT INTO Oplata (id_Oplata, kwota, czy_oplacona, data_naliczenia, id_Kontrahent, id_Uzytkownik, typ, id_Ladunek, id_Zadokowany) VALUES(42, 3200, 0, '1990-01-09 08:00:00', 5, 1, 1, NULL, 43);
INSERT INTO Oplata (id_Oplata, kwota, czy_oplacona, data_naliczenia, id_Kontrahent, id_Uzytkownik, typ, id_Ladunek, id_Zadokowany) VALUES(43, 400, 0, '1990-01-09 10:00:00', 1, 1, 1, NULL, 41);
INSERT INTO Oplata (id_Oplata, kwota, czy_oplacona, data_naliczenia, id_Kontrahent, id_Uzytkownik, typ, id_Ladunek, id_Zadokowany) VALUES(44, 200, 0, '1990-01-09 16:00:00', 4, 1, 1, NULL, 45);
INSERT INTO Oplata (id_Oplata, kwota, czy_oplacona, data_naliczenia, id_Kontrahent, id_Uzytkownik, typ, id_Ladunek, id_Zadokowany) VALUES(45, 4000, 0, '1990-01-09 20:00:00', 5, 1, 1, NULL, 42);
INSERT INTO Oplata (id_Oplata, kwota, czy_oplacona, data_naliczenia, id_Kontrahent, id_Uzytkownik, typ, id_Ladunek, id_Zadokowany) VALUES(46, 1000, 0, '1990-01-09 22:00:00', 4, 1, 1, NULL, 47);
INSERT INTO Oplata (id_Oplata, kwota, czy_oplacona, data_naliczenia, id_Kontrahent, id_Uzytkownik, typ, id_Ladunek, id_Zadokowany) VALUES(47, 200, 0, '1990-01-10 00:00:00', 9, 1, 1, NULL, 46);
INSERT INTO Oplata (id_Oplata, kwota, czy_oplacona, data_naliczenia, id_Kontrahent, id_Uzytkownik, typ, id_Ladunek, id_Zadokowany) VALUES(48, 100, 0, '1990-01-10 08:00:00', 1, 1, 1, NULL, 48);
INSERT INTO Oplata (id_Oplata, kwota, czy_oplacona, data_naliczenia, id_Kontrahent, id_Uzytkownik, typ, id_Ladunek, id_Zadokowany) VALUES(49, 50, 0, '1990-01-10 10:00:00', 9, 1, 1, NULL, 49);
INSERT INTO Oplata (id_Oplata, kwota, czy_oplacona, data_naliczenia, id_Kontrahent, id_Uzytkownik, typ, id_Ladunek, id_Zadokowany) VALUES(50, 2000, 0, '1990-01-10 12:00:00', 5, 1, 1, NULL, 50);
INSERT INTO Oplata (id_Oplata, kwota, czy_oplacona, data_naliczenia, id_Kontrahent, id_Uzytkownik, typ, id_Ladunek, id_Zadokowany) VALUES(51, 300, 0, '1990-01-10 16:00:00', 9, 1, 1, NULL, 51);
INSERT INTO Oplata (id_Oplata, kwota, czy_oplacona, data_naliczenia, id_Kontrahent, id_Uzytkownik, typ, id_Ladunek, id_Zadokowany) VALUES(52, 2000, 0, '1990-01-11 00:00:00', 4, 1, 1, NULL, 53);
INSERT INTO Oplata (id_Oplata, kwota, czy_oplacona, data_naliczenia, id_Kontrahent, id_Uzytkownik, typ, id_Ladunek, id_Zadokowany) VALUES(53, 20, 0, '1990-01-11 10:00:00', 9, 1, 1, NULL, 54);
INSERT INTO Oplata (id_Oplata, kwota, czy_oplacona, data_naliczenia, id_Kontrahent, id_Uzytkownik, typ, id_Ladunek, id_Zadokowany) VALUES(54, 50, 0, '1990-01-11 14:00:00', 9, 1, 1, NULL, 59);
INSERT INTO Oplata (id_Oplata, kwota, czy_oplacona, data_naliczenia, id_Kontrahent, id_Uzytkownik, typ, id_Ladunek, id_Zadokowany) VALUES(55, 400, 0, '1990-01-11 16:00:00', 4, 1, 1, NULL, 52);
INSERT INTO Oplata (id_Oplata, kwota, czy_oplacona, data_naliczenia, id_Kontrahent, id_Uzytkownik, typ, id_Ladunek, id_Zadokowany) VALUES(56, 24000, 0, '1990-01-12 00:00:00', 1, 1, 1, NULL, 61);
INSERT INTO Oplata (id_Oplata, kwota, czy_oplacona, data_naliczenia, id_Kontrahent, id_Uzytkownik, typ, id_Ladunek, id_Zadokowany) VALUES(57, 20000, 0, '1990-01-12 02:00:00', 1, 1, 1, NULL, 56);
INSERT INTO Oplata (id_Oplata, kwota, czy_oplacona, data_naliczenia, id_Kontrahent, id_Uzytkownik, typ, id_Ladunek, id_Zadokowany) VALUES(58, 2000, 0, '1990-01-12 10:00:00', 4, 1, 1, NULL, 57);
INSERT INTO Oplata (id_Oplata, kwota, czy_oplacona, data_naliczenia, id_Kontrahent, id_Uzytkownik, typ, id_Ladunek, id_Zadokowany) VALUES(59, 600, 0, '1990-01-12 14:00:00', 9, 1, 1, NULL, 58);
INSERT INTO Oplata (id_Oplata, kwota, czy_oplacona, data_naliczenia, id_Kontrahent, id_Uzytkownik, typ, id_Ladunek, id_Zadokowany) VALUES(60, 200, 0, '1990-01-12 22:00:00', 9, 1, 1, NULL, 63);
INSERT INTO Oplata (id_Oplata, kwota, czy_oplacona, data_naliczenia, id_Kontrahent, id_Uzytkownik, typ, id_Ladunek, id_Zadokowany) VALUES(61, 20, 0, '1990-01-13 00:00:00', 1, 1, 1, NULL, 64);
INSERT INTO Oplata (id_Oplata, kwota, czy_oplacona, data_naliczenia, id_Kontrahent, id_Uzytkownik, typ, id_Ladunek, id_Zadokowany) VALUES(62, 20000, 0, '1990-01-13 02:00:00', 1, 1, 1, NULL, 68);
INSERT INTO Oplata (id_Oplata, kwota, czy_oplacona, data_naliczenia, id_Kontrahent, id_Uzytkownik, typ, id_Ladunek, id_Zadokowany) VALUES(63, 30, 0, '1990-01-13 04:00:00', 9, 1, 1, NULL, 62);
INSERT INTO Oplata (id_Oplata, kwota, czy_oplacona, data_naliczenia, id_Kontrahent, id_Uzytkownik, typ, id_Ladunek, id_Zadokowany) VALUES(64, 150000, 0, '1990-01-13 06:00:00', 1, 1, 1, NULL, 60);
INSERT INTO Oplata (id_Oplata, kwota, czy_oplacona, data_naliczenia, id_Kontrahent, id_Uzytkownik, typ, id_Ladunek, id_Zadokowany) VALUES(65, 200, 0, '1990-01-13 14:00:00', 5, 1, 1, NULL, 66);
INSERT INTO Oplata (id_Oplata, kwota, czy_oplacona, data_naliczenia, id_Kontrahent, id_Uzytkownik, typ, id_Ladunek, id_Zadokowany) VALUES(66, 3000, 0, '1990-01-13 16:00:00', 4, 1, 1, NULL, 55);
INSERT INTO Oplata (id_Oplata, kwota, czy_oplacona, data_naliczenia, id_Kontrahent, id_Uzytkownik, typ, id_Ladunek, id_Zadokowany) VALUES(67, 200, 0, '1990-01-13 20:00:00', 9, 1, 1, NULL, 72);
INSERT INTO Oplata (id_Oplata, kwota, czy_oplacona, data_naliczenia, id_Kontrahent, id_Uzytkownik, typ, id_Ladunek, id_Zadokowany) VALUES(68, 10000, 0, '1990-01-13 22:00:00', 1, 1, 1, NULL, 70);
INSERT INTO Oplata (id_Oplata, kwota, czy_oplacona, data_naliczenia, id_Kontrahent, id_Uzytkownik, typ, id_Ladunek, id_Zadokowany) VALUES(69, 4800, 0, '1990-01-14 02:00:00', 5, 1, 1, NULL, 65);
INSERT INTO Oplata (id_Oplata, kwota, czy_oplacona, data_naliczenia, id_Kontrahent, id_Uzytkownik, typ, id_Ladunek, id_Zadokowany) VALUES(70, 20000, 0, '1990-01-14 12:00:00', 1, 1, 1, NULL, 69);
INSERT INTO Oplata (id_Oplata, kwota, czy_oplacona, data_naliczenia, id_Kontrahent, id_Uzytkownik, typ, id_Ladunek, id_Zadokowany) VALUES(71, 200, 0, '1990-01-14 14:00:00', 9, 1, 1, NULL, 76);
INSERT INTO Oplata (id_Oplata, kwota, czy_oplacona, data_naliczenia, id_Kontrahent, id_Uzytkownik, typ, id_Ladunek, id_Zadokowany) VALUES(72, 400, 0, '1990-01-14 16:00:00', 4, 1, 1, NULL, 71);
INSERT INTO Oplata (id_Oplata, kwota, czy_oplacona, data_naliczenia, id_Kontrahent, id_Uzytkownik, typ, id_Ladunek, id_Zadokowany) VALUES(73, 600, 0, '1990-01-14 18:00:00', 1, 1, 1, NULL, 67);
INSERT INTO Oplata (id_Oplata, kwota, czy_oplacona, data_naliczenia, id_Kontrahent, id_Uzytkownik, typ, id_Ladunek, id_Zadokowany) VALUES(74, 2000, 0, '1990-01-15 02:00:00', 9, 1, 1, NULL, 78);
INSERT INTO Oplata (id_Oplata, kwota, czy_oplacona, data_naliczenia, id_Kontrahent, id_Uzytkownik, typ, id_Ladunek, id_Zadokowany) VALUES(75, 50000, 0, '1990-01-15 06:00:00', 4, 1, 1, NULL, 79);
INSERT INTO Oplata (id_Oplata, kwota, czy_oplacona, data_naliczenia, id_Kontrahent, id_Uzytkownik, typ, id_Ladunek, id_Zadokowany) VALUES(76, 200, 0, '1990-01-15 08:00:00', 1, 1, 1, NULL, 75);
INSERT INTO Oplata (id_Oplata, kwota, czy_oplacona, data_naliczenia, id_Kontrahent, id_Uzytkownik, typ, id_Ladunek, id_Zadokowany) VALUES(77, 20, 0, '1990-01-15 14:00:00', 9, 1, 1, NULL, 74);
INSERT INTO Oplata (id_Oplata, kwota, czy_oplacona, data_naliczenia, id_Kontrahent, id_Uzytkownik, typ, id_Ladunek, id_Zadokowany) VALUES(78, 2000, 0, '1990-01-15 16:00:00', 9, 1, 1, NULL, 73);
INSERT INTO Oplata (id_Oplata, kwota, czy_oplacona, data_naliczenia, id_Kontrahent, id_Uzytkownik, typ, id_Ladunek, id_Zadokowany) VALUES(79, 3200, 0, '1990-01-15 20:00:00', 5, 1, 1, NULL, 77);
INSERT INTO Oplata (id_Oplata, kwota, czy_oplacona, data_naliczenia, id_Kontrahent, id_Uzytkownik, typ, id_Ladunek, id_Zadokowany) VALUES(80, 1000, 0, '1990-01-15 22:00:00', 4, 1, 1, NULL, 80);
INSERT INTO Oplata (id_Oplata, kwota, czy_oplacona, data_naliczenia, id_Kontrahent, id_Uzytkownik, typ, id_Ladunek, id_Zadokowany) VALUES(81, 500, 0, '1990-01-16 04:00:00', 1, 1, 1, NULL, 82);
INSERT INTO Oplata (id_Oplata, kwota, czy_oplacona, data_naliczenia, id_Kontrahent, id_Uzytkownik, typ, id_Ladunek, id_Zadokowany) VALUES(82, 20, 0, '1990-01-16 06:00:00', 9, 1, 1, NULL, 81);
INSERT INTO Oplata (id_Oplata, kwota, czy_oplacona, data_naliczenia, id_Kontrahent, id_Uzytkownik, typ, id_Ladunek, id_Zadokowany) VALUES(83, 200, 0, '1990-01-16 16:00:00', 9, 1, 1, NULL, 85);
INSERT INTO Oplata (id_Oplata, kwota, czy_oplacona, data_naliczenia, id_Kontrahent, id_Uzytkownik, typ, id_Ladunek, id_Zadokowany) VALUES(84, 300, 0, '1990-01-16 18:00:00', 9, 1, 1, NULL, 84);
INSERT INTO Oplata (id_Oplata, kwota, czy_oplacona, data_naliczenia, id_Kontrahent, id_Uzytkownik, typ, id_Ladunek, id_Zadokowany) VALUES(85, 100, 0, '1990-01-16 22:00:00', 1, 1, 1, NULL, 86);
INSERT INTO Oplata (id_Oplata, kwota, czy_oplacona, data_naliczenia, id_Kontrahent, id_Uzytkownik, typ, id_Ladunek, id_Zadokowany) VALUES(86, 4000, 0, '1990-01-17 00:00:00', 5, 1, 1, NULL, 87);
INSERT INTO Oplata (id_Oplata, kwota, czy_oplacona, data_naliczenia, id_Kontrahent, id_Uzytkownik, typ, id_Ladunek, id_Zadokowany) VALUES(87, 100000, 0, '1990-01-17 04:00:00', 4, 1, 1, NULL, 83);
INSERT INTO Oplata (id_Oplata, kwota, czy_oplacona, data_naliczenia, id_Kontrahent, id_Uzytkownik, typ, id_Ladunek, id_Zadokowany) VALUES(88, 1600, 0, '1990-01-17 06:00:00', 5, 1, 1, NULL, 88);
INSERT INTO Oplata (id_Oplata, kwota, czy_oplacona, data_naliczenia, id_Kontrahent, id_Uzytkownik, typ, id_Ladunek, id_Zadokowany) VALUES(89, 20, 0, '1990-01-18 00:00:00', 9, 1, 1, NULL, 89);
INSERT INTO Oplata (id_Oplata, kwota, czy_oplacona, data_naliczenia, id_Kontrahent, id_Uzytkownik, typ, id_Ladunek, id_Zadokowany) VALUES(90, 200, 0, '1990-01-18 12:00:00', 1, 1, 1, NULL, 93);
INSERT INTO Oplata (id_Oplata, kwota, czy_oplacona, data_naliczenia, id_Kontrahent, id_Uzytkownik, typ, id_Ladunek, id_Zadokowany) VALUES(91, 20000, 0, '1990-01-18 14:00:00', 4, 1, 1, NULL, 91);
INSERT INTO Oplata (id_Oplata, kwota, czy_oplacona, data_naliczenia, id_Kontrahent, id_Uzytkownik, typ, id_Ladunek, id_Zadokowany) VALUES(92, 20, 0, '1990-01-18 18:00:00', 1, 1, 1, NULL, 90);
INSERT INTO Oplata (id_Oplata, kwota, czy_oplacona, data_naliczenia, id_Kontrahent, id_Uzytkownik, typ, id_Ladunek, id_Zadokowany) VALUES(93, 2000, 0, '1990-01-18 22:00:00', 9, 1, 1, NULL, 94);
INSERT INTO Oplata (id_Oplata, kwota, czy_oplacona, data_naliczenia, id_Kontrahent, id_Uzytkownik, typ, id_Ladunek, id_Zadokowany) VALUES(94, 1000, 0, '1990-01-19 02:00:00', 1, 1, 1, NULL, 95);
INSERT INTO Oplata (id_Oplata, kwota, czy_oplacona, data_naliczenia, id_Kontrahent, id_Uzytkownik, typ, id_Ladunek, id_Zadokowany) VALUES(95, 20000, 0, '1990-01-19 06:00:00', 4, 1, 1, NULL, 97);
INSERT INTO Oplata (id_Oplata, kwota, czy_oplacona, data_naliczenia, id_Kontrahent, id_Uzytkownik, typ, id_Ladunek, id_Zadokowany) VALUES(96, 200, 0, '1990-01-19 12:00:00', 9, 1, 1, NULL, 98);
INSERT INTO Oplata (id_Oplata, kwota, czy_oplacona, data_naliczenia, id_Kontrahent, id_Uzytkownik, typ, id_Ladunek, id_Zadokowany) VALUES(97, 12000, 0, '1990-01-19 22:00:00', 1, 1, 1, NULL, 100);
INSERT INTO Oplata (id_Oplata, kwota, czy_oplacona, data_naliczenia, id_Kontrahent, id_Uzytkownik, typ, id_Ladunek, id_Zadokowany) VALUES(98, 3200, 0, '1990-01-20 04:00:00', 9, 1, 1, NULL, 99);
INSERT INTO Oplata (id_Oplata, kwota, czy_oplacona, data_naliczenia, id_Kontrahent, id_Uzytkownik, typ, id_Ladunek, id_Zadokowany) VALUES(99, 12000, 0, '1990-01-20 08:00:00', 1, 1, 1, NULL, 106);
INSERT INTO Oplata (id_Oplata, kwota, czy_oplacona, data_naliczenia, id_Kontrahent, id_Uzytkownik, typ, id_Ladunek, id_Zadokowany) VALUES(100, 3200, 0, '1990-01-20 10:00:00', 5, 1, 1, NULL, 103);
INSERT INTO Oplata (id_Oplata, kwota, czy_oplacona, data_naliczenia, id_Kontrahent, id_Uzytkownik, typ, id_Ladunek, id_Zadokowany) VALUES(101, 400, 0, '1990-01-20 12:00:00', 5, 1, 1, NULL, 92);
INSERT INTO Oplata (id_Oplata, kwota, czy_oplacona, data_naliczenia, id_Kontrahent, id_Uzytkownik, typ, id_Ladunek, id_Zadokowany) VALUES(102, 20000, 0, '1990-01-20 16:00:00', 1, 1, 1, NULL, 101);
INSERT INTO Oplata (id_Oplata, kwota, czy_oplacona, data_naliczenia, id_Kontrahent, id_Uzytkownik, typ, id_Ladunek, id_Zadokowany) VALUES(103, 10, 0, '1990-01-20 22:00:00', 1, 1, 1, NULL, 104);
INSERT INTO Oplata (id_Oplata, kwota, czy_oplacona, data_naliczenia, id_Kontrahent, id_Uzytkownik, typ, id_Ladunek, id_Zadokowany) VALUES(104, 20000, 0, '1990-01-21 00:00:00', 1, 1, 1, NULL, 105);
INSERT INTO Oplata (id_Oplata, kwota, czy_oplacona, data_naliczenia, id_Kontrahent, id_Uzytkownik, typ, id_Ladunek, id_Zadokowany) VALUES(105, 200, 0, '1990-01-21 04:00:00', 9, 1, 1, NULL, 109);
INSERT INTO Oplata (id_Oplata, kwota, czy_oplacona, data_naliczenia, id_Kontrahent, id_Uzytkownik, typ, id_Ladunek, id_Zadokowany) VALUES(106, 4000, 0, '1990-01-21 06:00:00', 1, 1, 1, NULL, 96);
INSERT INTO Oplata (id_Oplata, kwota, czy_oplacona, data_naliczenia, id_Kontrahent, id_Uzytkownik, typ, id_Ladunek, id_Zadokowany) VALUES(107, 12000, 0, '1990-01-21 10:00:00', 1, 1, 1, NULL, 110);
INSERT INTO Oplata (id_Oplata, kwota, czy_oplacona, data_naliczenia, id_Kontrahent, id_Uzytkownik, typ, id_Ladunek, id_Zadokowany) VALUES(108, 1000, 0, '1990-01-21 14:00:00', 4, 1, 1, NULL, 108);
INSERT INTO Oplata (id_Oplata, kwota, czy_oplacona, data_naliczenia, id_Kontrahent, id_Uzytkownik, typ, id_Ladunek, id_Zadokowany) VALUES(109, 200, 0, '1990-01-21 16:00:00', 8, 1, 1, NULL, 107);
INSERT INTO Oplata (id_Oplata, kwota, czy_oplacona, data_naliczenia, id_Kontrahent, id_Uzytkownik, typ, id_Ladunek, id_Zadokowany) VALUES(110, 1000, 0, '1990-01-21 20:00:00', 1, 1, 1, NULL, 112);
INSERT INTO Oplata (id_Oplata, kwota, czy_oplacona, data_naliczenia, id_Kontrahent, id_Uzytkownik, typ, id_Ladunek, id_Zadokowany) VALUES(111, 40, 0, '1990-01-22 00:00:00', 9, 1, 1, NULL, 102);
INSERT INTO Oplata (id_Oplata, kwota, czy_oplacona, data_naliczenia, id_Kontrahent, id_Uzytkownik, typ, id_Ladunek, id_Zadokowany) VALUES(112, 400, 0, '1990-01-22 02:00:00', 4, 1, 1, NULL, 113);
INSERT INTO Oplata (id_Oplata, kwota, czy_oplacona, data_naliczenia, id_Kontrahent, id_Uzytkownik, typ, id_Ladunek, id_Zadokowany) VALUES(113, 20, 0, '1990-01-22 04:00:00', 1, 1, 1, NULL, 111);
INSERT INTO Oplata (id_Oplata, kwota, czy_oplacona, data_naliczenia, id_Kontrahent, id_Uzytkownik, typ, id_Ladunek, id_Zadokowany) VALUES(114, 1000, 0, '1990-01-22 08:00:00', 4, 1, 1, NULL, 114);
INSERT INTO Oplata (id_Oplata, kwota, czy_oplacona, data_naliczenia, id_Kontrahent, id_Uzytkownik, typ, id_Ladunek, id_Zadokowany) VALUES(115, 50, 0, '1990-01-22 14:00:00', 9, 1, 1, NULL, 116);
INSERT INTO Oplata (id_Oplata, kwota, czy_oplacona, data_naliczenia, id_Kontrahent, id_Uzytkownik, typ, id_Ladunek, id_Zadokowany) VALUES(116, 200, 0, '1990-01-22 20:00:00', 9, 1, 1, NULL, 118);
INSERT INTO Oplata (id_Oplata, kwota, czy_oplacona, data_naliczenia, id_Kontrahent, id_Uzytkownik, typ, id_Ladunek, id_Zadokowany) VALUES(117, 20000, 0, '1990-01-23 02:00:00', 1, 1, 1, NULL, 115);
INSERT INTO Oplata (id_Oplata, kwota, czy_oplacona, data_naliczenia, id_Kontrahent, id_Uzytkownik, typ, id_Ladunek, id_Zadokowany) VALUES(118, 100, 0, '1990-01-23 12:00:00', 5, 1, 1, NULL, 121);
INSERT INTO Oplata (id_Oplata, kwota, czy_oplacona, data_naliczenia, id_Kontrahent, id_Uzytkownik, typ, id_Ladunek, id_Zadokowany) VALUES(119, 20, 0, '1990-01-23 14:00:00', 5, 1, 1, NULL, 119);
INSERT INTO Oplata (id_Oplata, kwota, czy_oplacona, data_naliczenia, id_Kontrahent, id_Uzytkownik, typ, id_Ladunek, id_Zadokowany) VALUES(120, 10, 0, '1990-01-23 16:00:00', 8, 1, 1, NULL, 120);
INSERT INTO Oplata (id_Oplata, kwota, czy_oplacona, data_naliczenia, id_Kontrahent, id_Uzytkownik, typ, id_Ladunek, id_Zadokowany) VALUES(121, 400, 0, '1990-01-23 18:00:00', 1, 1, 1, NULL, 117);
INSERT INTO Oplata (id_Oplata, kwota, czy_oplacona, data_naliczenia, id_Kontrahent, id_Uzytkownik, typ, id_Ladunek, id_Zadokowany) VALUES(122, 10, 0, '1990-01-24 10:00:00', 9, 1, 1, NULL, 123);
INSERT INTO Oplata (id_Oplata, kwota, czy_oplacona, data_naliczenia, id_Kontrahent, id_Uzytkownik, typ, id_Ladunek, id_Zadokowany) VALUES(123, 200, 0, '1990-01-24 12:00:00', 9, 1, 1, NULL, 127);
INSERT INTO Oplata (id_Oplata, kwota, czy_oplacona, data_naliczenia, id_Kontrahent, id_Uzytkownik, typ, id_Ladunek, id_Zadokowany) VALUES(124, 100, 0, '1990-01-24 14:00:00', 5, 1, 1, NULL, 125);
INSERT INTO Oplata (id_Oplata, kwota, czy_oplacona, data_naliczenia, id_Kontrahent, id_Uzytkownik, typ, id_Ladunek, id_Zadokowany) VALUES(125, 3000, 0, '1990-01-25 00:00:00', 9, 1, 1, NULL, 122);
INSERT INTO Oplata (id_Oplata, kwota, czy_oplacona, data_naliczenia, id_Kontrahent, id_Uzytkownik, typ, id_Ladunek, id_Zadokowany) VALUES(126, 20, 0, '1990-01-25 02:00:00', 8, 1, 1, NULL, 124);
INSERT INTO Oplata (id_Oplata, kwota, czy_oplacona, data_naliczenia, id_Kontrahent, id_Uzytkownik, typ, id_Ladunek, id_Zadokowany) VALUES(127, 10, 0, '1990-01-25 10:00:00', 1, 1, 1, NULL, 132);
INSERT INTO Oplata (id_Oplata, kwota, czy_oplacona, data_naliczenia, id_Kontrahent, id_Uzytkownik, typ, id_Ladunek, id_Zadokowany) VALUES(128, 2000, 0, '1990-01-25 12:00:00', 4, 1, 1, NULL, 131);
INSERT INTO Oplata (id_Oplata, kwota, czy_oplacona, data_naliczenia, id_Kontrahent, id_Uzytkownik, typ, id_Ladunek, id_Zadokowany) VALUES(129, 20000, 0, '1990-01-25 14:00:00', 1, 1, 1, NULL, 130);
INSERT INTO Oplata (id_Oplata, kwota, czy_oplacona, data_naliczenia, id_Kontrahent, id_Uzytkownik, typ, id_Ladunek, id_Zadokowany) VALUES(130, 400, 0, '1990-01-25 18:00:00', 1, 1, 1, NULL, 126);
INSERT INTO Oplata (id_Oplata, kwota, czy_oplacona, data_naliczenia, id_Kontrahent, id_Uzytkownik, typ, id_Ladunek, id_Zadokowany) VALUES(131, 200, 0, '1990-01-25 22:00:00', 1, 1, 1, NULL, 135);
INSERT INTO Oplata (id_Oplata, kwota, czy_oplacona, data_naliczenia, id_Kontrahent, id_Uzytkownik, typ, id_Ladunek, id_Zadokowany) VALUES(132, 4000, 0, '1990-01-26 08:00:00', 9, 1, 1, NULL, 134);
INSERT INTO Oplata (id_Oplata, kwota, czy_oplacona, data_naliczenia, id_Kontrahent, id_Uzytkownik, typ, id_Ladunek, id_Zadokowany) VALUES(133, 2000, 0, '1990-01-26 16:00:00', 9, 1, 1, NULL, 139);
INSERT INTO Oplata (id_Oplata, kwota, czy_oplacona, data_naliczenia, id_Kontrahent, id_Uzytkownik, typ, id_Ladunek, id_Zadokowany) VALUES(134, 1000, 0, '1990-01-27 02:00:00', 4, 1, 1, NULL, 142);
INSERT INTO Oplata (id_Oplata, kwota, czy_oplacona, data_naliczenia, id_Kontrahent, id_Uzytkownik, typ, id_Ladunek, id_Zadokowany) VALUES(135, 200, 0, '1990-01-27 08:00:00', 9, 1, 1, NULL, 129);
INSERT INTO Oplata (id_Oplata, kwota, czy_oplacona, data_naliczenia, id_Kontrahent, id_Uzytkownik, typ, id_Ladunek, id_Zadokowany) VALUES(136, 20, 0, '1990-01-27 12:00:00', 8, 1, 1, NULL, 138);
INSERT INTO Oplata (id_Oplata, kwota, czy_oplacona, data_naliczenia, id_Kontrahent, id_Uzytkownik, typ, id_Ladunek, id_Zadokowany) VALUES(137, 3200, 0, '1990-01-27 16:00:00', 9, 1, 1, NULL, 141);
INSERT INTO Oplata (id_Oplata, kwota, czy_oplacona, data_naliczenia, id_Kontrahent, id_Uzytkownik, typ, id_Ladunek, id_Zadokowany) VALUES(138, 200, 0, '1990-01-27 20:00:00', 1, 1, 1, NULL, 145);
INSERT INTO Oplata (id_Oplata, kwota, czy_oplacona, data_naliczenia, id_Kontrahent, id_Uzytkownik, typ, id_Ladunek, id_Zadokowany) VALUES(139, 20000, 0, '1990-01-28 00:00:00', 1, 1, 1, NULL, 143);
INSERT INTO Oplata (id_Oplata, kwota, czy_oplacona, data_naliczenia, id_Kontrahent, id_Uzytkownik, typ, id_Ladunek, id_Zadokowany) VALUES(140, 3000, 0, '1990-01-28 08:00:00', 4, 1, 1, NULL, 140);
INSERT INTO Oplata (id_Oplata, kwota, czy_oplacona, data_naliczenia, id_Kontrahent, id_Uzytkownik, typ, id_Ladunek, id_Zadokowany) VALUES(141, 1000, 0, '1990-01-28 16:00:00', 4, 1, 1, NULL, 128);
INSERT INTO Oplata (id_Oplata, kwota, czy_oplacona, data_naliczenia, id_Kontrahent, id_Uzytkownik, typ, id_Ladunek, id_Zadokowany) VALUES(142, 50, 0, '1990-01-28 22:00:00', 8, 1, 1, NULL, 151);
INSERT INTO Oplata (id_Oplata, kwota, czy_oplacona, data_naliczenia, id_Kontrahent, id_Uzytkownik, typ, id_Ladunek, id_Zadokowany) VALUES(143, 1200, 0, '1990-01-29 00:00:00', 9, 1, 1, NULL, 136);
INSERT INTO Oplata (id_Oplata, kwota, czy_oplacona, data_naliczenia, id_Kontrahent, id_Uzytkownik, typ, id_Ladunek, id_Zadokowany) VALUES(144, 300, 0, '1990-01-29 08:00:00', 5, 1, 1, NULL, 144);
INSERT INTO Oplata (id_Oplata, kwota, czy_oplacona, data_naliczenia, id_Kontrahent, id_Uzytkownik, typ, id_Ladunek, id_Zadokowany) VALUES(145, 400, 0, '1990-01-29 22:00:00', 9, 1, 1, NULL, 148);
INSERT INTO Oplata (id_Oplata, kwota, czy_oplacona, data_naliczenia, id_Kontrahent, id_Uzytkownik, typ, id_Ladunek, id_Zadokowany) VALUES(146, 1500, 0, '1990-01-30 00:00:00', 4, 1, 1, NULL, 150);
INSERT INTO Oplata (id_Oplata, kwota, czy_oplacona, data_naliczenia, id_Kontrahent, id_Uzytkownik, typ, id_Ladunek, id_Zadokowany) VALUES(147, 60000, 0, '1990-01-30 02:00:00', 1, 1, 1, NULL, 133);
INSERT INTO Oplata (id_Oplata, kwota, czy_oplacona, data_naliczenia, id_Kontrahent, id_Uzytkownik, typ, id_Ladunek, id_Zadokowany) VALUES(148, 50, 0, '1990-01-30 10:00:00', 1, 1, 1, NULL, 137);
INSERT INTO Oplata (id_Oplata, kwota, czy_oplacona, data_naliczenia, id_Kontrahent, id_Uzytkownik, typ, id_Ladunek, id_Zadokowany) VALUES(149, 4800, 0, '1990-01-30 18:00:00', 9, 1, 1, NULL, 152);
INSERT INTO Oplata (id_Oplata, kwota, czy_oplacona, data_naliczenia, id_Kontrahent, id_Uzytkownik, typ, id_Ladunek, id_Zadokowany) VALUES(150, 36000, 0, '1990-01-30 22:00:00', 1, 1, 1, NULL, 149);
INSERT INTO Oplata (id_Oplata, kwota, czy_oplacona, data_naliczenia, id_Kontrahent, id_Uzytkownik, typ, id_Ladunek, id_Zadokowany) VALUES(151, 20, 0, '1990-01-31 04:00:00', 5, 1, 1, NULL, 158);
INSERT INTO Oplata (id_Oplata, kwota, czy_oplacona, data_naliczenia, id_Kontrahent, id_Uzytkownik, typ, id_Ladunek, id_Zadokowany) VALUES(152, 20000, 0, '1990-01-31 08:00:00', 4, 1, 1, NULL, 161);
INSERT INTO Oplata (id_Oplata, kwota, czy_oplacona, data_naliczenia, id_Kontrahent, id_Uzytkownik, typ, id_Ladunek, id_Zadokowany) VALUES(153, 600, 0, '1990-01-31 12:00:00', 9, 1, 1, NULL, 160);
INSERT INTO Oplata (id_Oplata, kwota, czy_oplacona, data_naliczenia, id_Kontrahent, id_Uzytkownik, typ, id_Ladunek, id_Zadokowany) VALUES(154, 40000, 0, '1990-01-31 20:00:00', 1, 1, 1, NULL, 146);
INSERT INTO Oplata (id_Oplata, kwota, czy_oplacona, data_naliczenia, id_Kontrahent, id_Uzytkownik, typ, id_Ladunek, id_Zadokowany) VALUES(155, 1000, 0, '1990-02-01 04:00:00', 1, 1, 1, NULL, 162);
INSERT INTO Oplata (id_Oplata, kwota, czy_oplacona, data_naliczenia, id_Kontrahent, id_Uzytkownik, typ, id_Ladunek, id_Zadokowany) VALUES(156, 3200, 0, '1990-02-01 06:00:00', 5, 1, 1, NULL, 165);
INSERT INTO Oplata (id_Oplata, kwota, czy_oplacona, data_naliczenia, id_Kontrahent, id_Uzytkownik, typ, id_Ladunek, id_Zadokowany) VALUES(157, 100, 0, '1990-02-01 10:00:00', 8, 1, 1, NULL, 164);
INSERT INTO Oplata (id_Oplata, kwota, czy_oplacona, data_naliczenia, id_Kontrahent, id_Uzytkownik, typ, id_Ladunek, id_Zadokowany) VALUES(158, 10, 0, '1990-02-01 14:00:00', 1, 1, 1, NULL, 168);
INSERT INTO Oplata (id_Oplata, kwota, czy_oplacona, data_naliczenia, id_Kontrahent, id_Uzytkownik, typ, id_Ladunek, id_Zadokowany) VALUES(159, 48000, 0, '1990-02-01 16:00:00', 1, 1, 1, NULL, 155);
INSERT INTO Oplata (id_Oplata, kwota, czy_oplacona, data_naliczenia, id_Kontrahent, id_Uzytkownik, typ, id_Ladunek, id_Zadokowany) VALUES(160, 24000, 0, '1990-02-01 22:00:00', 1, 1, 1, NULL, 163);
INSERT INTO Oplata (id_Oplata, kwota, czy_oplacona, data_naliczenia, id_Kontrahent, id_Uzytkownik, typ, id_Ladunek, id_Zadokowany) VALUES(161, 500, 0, '1990-02-02 08:00:00', 9, 1, 1, NULL, 156);
INSERT INTO Oplata (id_Oplata, kwota, czy_oplacona, data_naliczenia, id_Kontrahent, id_Uzytkownik, typ, id_Ladunek, id_Zadokowany) VALUES(162, 100, 0, '1990-02-02 14:00:00', 8, 1, 1, NULL, 172);
INSERT INTO Oplata (id_Oplata, kwota, czy_oplacona, data_naliczenia, id_Kontrahent, id_Uzytkownik, typ, id_Ladunek, id_Zadokowany) VALUES(163, 1600, 0, '1990-02-02 16:00:00', 9, 1, 1, NULL, 175);
INSERT INTO Oplata (id_Oplata, kwota, czy_oplacona, data_naliczenia, id_Kontrahent, id_Uzytkownik, typ, id_Ladunek, id_Zadokowany) VALUES(164, 8000, 0, '1990-02-02 22:00:00', 5, 1, 1, NULL, 153);
INSERT INTO Oplata (id_Oplata, kwota, czy_oplacona, data_naliczenia, id_Kontrahent, id_Uzytkownik, typ, id_Ladunek, id_Zadokowany) VALUES(165, 30, 0, '1990-02-03 00:00:00', 1, 1, 1, NULL, 171);
INSERT INTO Oplata (id_Oplata, kwota, czy_oplacona, data_naliczenia, id_Kontrahent, id_Uzytkownik, typ, id_Ladunek, id_Zadokowany) VALUES(166, 1000, 0, '1990-02-03 04:00:00', 1, 1, 1, NULL, 173);
INSERT INTO Oplata (id_Oplata, kwota, czy_oplacona, data_naliczenia, id_Kontrahent, id_Uzytkownik, typ, id_Ladunek, id_Zadokowany) VALUES(167, 300000, 0, '1990-02-03 06:00:00', 4, 1, 1, NULL, 154);
INSERT INTO Oplata (id_Oplata, kwota, czy_oplacona, data_naliczenia, id_Kontrahent, id_Uzytkownik, typ, id_Ladunek, id_Zadokowany) VALUES(168, 36000, 0, '1990-02-03 16:00:00', 1, 1, 1, NULL, 170);
INSERT INTO Oplata (id_Oplata, kwota, czy_oplacona, data_naliczenia, id_Kontrahent, id_Uzytkownik, typ, id_Ladunek, id_Zadokowany) VALUES(169, 50000, 0, '1990-02-03 18:00:00', 4, 1, 1, NULL, 178);
INSERT INTO Oplata (id_Oplata, kwota, czy_oplacona, data_naliczenia, id_Kontrahent, id_Uzytkownik, typ, id_Ladunek, id_Zadokowany) VALUES(170, 1000, 0, '1990-02-03 22:00:00', 4, 1, 1, NULL, 159);
INSERT INTO Oplata (id_Oplata, kwota, czy_oplacona, data_naliczenia, id_Kontrahent, id_Uzytkownik, typ, id_Ladunek, id_Zadokowany) VALUES(171, 20000, 0, '1990-02-04 00:00:00', 1, 1, 1, NULL, 176);
INSERT INTO Oplata (id_Oplata, kwota, czy_oplacona, data_naliczenia, id_Kontrahent, id_Uzytkownik, typ, id_Ladunek, id_Zadokowany) VALUES(172, 400, 0, '1990-02-04 02:00:00', 1, 1, 1, NULL, 177);
INSERT INTO Oplata (id_Oplata, kwota, czy_oplacona, data_naliczenia, id_Kontrahent, id_Uzytkownik, typ, id_Ladunek, id_Zadokowany) VALUES(173, 5000, 0, '1990-02-04 04:00:00', 9, 1, 1, NULL, 166);
INSERT INTO Oplata (id_Oplata, kwota, czy_oplacona, data_naliczenia, id_Kontrahent, id_Uzytkownik, typ, id_Ladunek, id_Zadokowany) VALUES(174, 4000, 0, '1990-02-04 06:00:00', 5, 1, 1, NULL, 179);
INSERT INTO Oplata (id_Oplata, kwota, czy_oplacona, data_naliczenia, id_Kontrahent, id_Uzytkownik, typ, id_Ladunek, id_Zadokowany) VALUES(175, 20, 0, '1990-02-04 10:00:00', 1, 1, 1, NULL, 180);
INSERT INTO Oplata (id_Oplata, kwota, czy_oplacona, data_naliczenia, id_Kontrahent, id_Uzytkownik, typ, id_Ladunek, id_Zadokowany) VALUES(176, 300, 0, '1990-02-04 14:00:00', 1, 1, 1, NULL, 174);
INSERT INTO Oplata (id_Oplata, kwota, czy_oplacona, data_naliczenia, id_Kontrahent, id_Uzytkownik, typ, id_Ladunek, id_Zadokowany) VALUES(177, 200, 0, '1990-02-04 18:00:00', 4, 1, 1, NULL, 182);
INSERT INTO Oplata (id_Oplata, kwota, czy_oplacona, data_naliczenia, id_Kontrahent, id_Uzytkownik, typ, id_Ladunek, id_Zadokowany) VALUES(178, 2000, 0, '1990-02-05 00:00:00', 9, 1, 1, NULL, 184);
INSERT INTO Oplata (id_Oplata, kwota, czy_oplacona, data_naliczenia, id_Kontrahent, id_Uzytkownik, typ, id_Ladunek, id_Zadokowany) VALUES(179, 7000, 0, '1990-02-05 04:00:00', 1, 1, 1, NULL, 157);
INSERT INTO Oplata (id_Oplata, kwota, czy_oplacona, data_naliczenia, id_Kontrahent, id_Uzytkownik, typ, id_Ladunek, id_Zadokowany) VALUES(180, 50000, 0, '1990-02-05 06:00:00', 4, 1, 1, NULL, 169);
INSERT INTO Oplata (id_Oplata, kwota, czy_oplacona, data_naliczenia, id_Kontrahent, id_Uzytkownik, typ, id_Ladunek, id_Zadokowany) VALUES(181, 1000, 0, '1990-02-05 10:00:00', 9, 1, 1, NULL, 167);
INSERT INTO Oplata (id_Oplata, kwota, czy_oplacona, data_naliczenia, id_Kontrahent, id_Uzytkownik, typ, id_Ladunek, id_Zadokowany) VALUES(182, 24000, 0, '1990-02-05 12:00:00', 1, 1, 1, NULL, 181);
INSERT INTO Oplata (id_Oplata, kwota, czy_oplacona, data_naliczenia, id_Kontrahent, id_Uzytkownik, typ, id_Ladunek, id_Zadokowany) VALUES(183, 10, 0, '1990-02-05 16:00:00', 9, 1, 1, NULL, 185);
INSERT INTO Oplata (id_Oplata, kwota, czy_oplacona, data_naliczenia, id_Kontrahent, id_Uzytkownik, typ, id_Ladunek, id_Zadokowany) VALUES(184, 20000, 0, '1990-02-05 22:00:00', 1, 1, 1, NULL, 183);
INSERT INTO Oplata (id_Oplata, kwota, czy_oplacona, data_naliczenia, id_Kontrahent, id_Uzytkownik, typ, id_Ladunek, id_Zadokowany) VALUES(185, 100, 0, '1990-02-06 02:00:00', 9, 1, 1, NULL, 147);
INSERT INTO Oplata (id_Oplata, kwota, czy_oplacona, data_naliczenia, id_Kontrahent, id_Uzytkownik, typ, id_Ladunek, id_Zadokowany) VALUES(186, 20000, 0, '1990-02-06 04:00:00', 1, 1, 1, NULL, 186);
INSERT INTO Oplata (id_Oplata, kwota, czy_oplacona, data_naliczenia, id_Kontrahent, id_Uzytkownik, typ, id_Ladunek, id_Zadokowany) VALUES(187, 3200, 0, '1990-02-06 06:00:00', 5, 1, 1, NULL, 187);
INSERT INTO Oplata (id_Oplata, kwota, czy_oplacona, data_naliczenia, id_Kontrahent, id_Uzytkownik, typ, id_Ladunek, id_Zadokowany) VALUES(188, 10000, 0, '1990-02-06 14:00:00', 4, 1, 1, NULL, 191);
INSERT INTO Oplata (id_Oplata, kwota, czy_oplacona, data_naliczenia, id_Kontrahent, id_Uzytkownik, typ, id_Ladunek, id_Zadokowany) VALUES(189, 200, 0, '1990-02-06 16:00:00', 1, 1, 1, NULL, 188);
INSERT INTO Oplata (id_Oplata, kwota, czy_oplacona, data_naliczenia, id_Kontrahent, id_Uzytkownik, typ, id_Ladunek, id_Zadokowany) VALUES(190, 200, 0, '1990-02-06 18:00:00', 9, 1, 1, NULL, 190);
INSERT INTO Oplata (id_Oplata, kwota, czy_oplacona, data_naliczenia, id_Kontrahent, id_Uzytkownik, typ, id_Ladunek, id_Zadokowany) VALUES(191, 20, 0, '1990-02-07 00:00:00', 9, 1, 1, NULL, 192);
INSERT INTO Oplata (id_Oplata, kwota, czy_oplacona, data_naliczenia, id_Kontrahent, id_Uzytkownik, typ, id_Ladunek, id_Zadokowany) VALUES(192, 1000, 0, '1990-02-07 02:00:00', 1, 1, 1, NULL, 189);
INSERT INTO Oplata (id_Oplata, kwota, czy_oplacona, data_naliczenia, id_Kontrahent, id_Uzytkownik, typ, id_Ladunek, id_Zadokowany) VALUES(193, 1000, 0, '1990-02-07 08:00:00', 9, 1, 1, NULL, 193);
INSERT INTO Oplata (id_Oplata, kwota, czy_oplacona, data_naliczenia, id_Kontrahent, id_Uzytkownik, typ, id_Ladunek, id_Zadokowany) VALUES(194, 12000, 0, '1990-02-07 22:00:00', 1, 1, 1, NULL, 196);
INSERT INTO Oplata (id_Oplata, kwota, czy_oplacona, data_naliczenia, id_Kontrahent, id_Uzytkownik, typ, id_Ladunek, id_Zadokowany) VALUES(195, 200, 0, '1990-02-08 00:00:00', 5, 1, 1, NULL, 197);
INSERT INTO Oplata (id_Oplata, kwota, czy_oplacona, data_naliczenia, id_Kontrahent, id_Uzytkownik, typ, id_Ladunek, id_Zadokowany) VALUES(196, 2000, 0, '1990-02-08 08:00:00', 9, 1, 1, NULL, 200);
INSERT INTO Oplata (id_Oplata, kwota, czy_oplacona, data_naliczenia, id_Kontrahent, id_Uzytkownik, typ, id_Ladunek, id_Zadokowany) VALUES(197, 100, 0, '1990-02-08 12:00:00', 1, 1, 1, NULL, 201);
INSERT INTO Oplata (id_Oplata, kwota, czy_oplacona, data_naliczenia, id_Kontrahent, id_Uzytkownik, typ, id_Ladunek, id_Zadokowany) VALUES(198, 20000, 0, '1990-02-08 14:00:00', 1, 1, 1, NULL, 194);
INSERT INTO Oplata (id_Oplata, kwota, czy_oplacona, data_naliczenia, id_Kontrahent, id_Uzytkownik, typ, id_Ladunek, id_Zadokowany) VALUES(199, 2000, 0, '1990-02-08 18:00:00', 4, 1, 1, NULL, 195);
INSERT INTO Oplata (id_Oplata, kwota, czy_oplacona, data_naliczenia, id_Kontrahent, id_Uzytkownik, typ, id_Ladunek, id_Zadokowany) VALUES(200, 50, 0, '1990-02-09 02:00:00', 8, 1, 1, NULL, 203);
INSERT INTO Oplata (id_Oplata, kwota, czy_oplacona, data_naliczenia, id_Kontrahent, id_Uzytkownik, typ, id_Ladunek, id_Zadokowany) VALUES(201, 200, 0, '1990-02-09 06:00:00', 5, 1, 1, NULL, 202);
INSERT INTO Oplata (id_Oplata, kwota, czy_oplacona, data_naliczenia, id_Kontrahent, id_Uzytkownik, typ, id_Ladunek, id_Zadokowany) VALUES(202, 200, 0, '1990-02-09 08:00:00', 9, 1, 1, NULL, 199);
INSERT INTO Oplata (id_Oplata, kwota, czy_oplacona, data_naliczenia, id_Kontrahent, id_Uzytkownik, typ, id_Ladunek, id_Zadokowany) VALUES(203, 50, 0, '1990-02-09 10:00:00', 8, 1, 1, NULL, 204);
INSERT INTO Oplata (id_Oplata, kwota, czy_oplacona, data_naliczenia, id_Kontrahent, id_Uzytkownik, typ, id_Ladunek, id_Zadokowany) VALUES(204, 200, 0, '1990-02-09 16:00:00', 1, 1, 1, NULL, 206);
INSERT INTO Oplata (id_Oplata, kwota, czy_oplacona, data_naliczenia, id_Kontrahent, id_Uzytkownik, typ, id_Ladunek, id_Zadokowany) VALUES(205, 500, 0, '1990-02-09 22:00:00', 1, 1, 1, NULL, 205);
INSERT INTO Oplata (id_Oplata, kwota, czy_oplacona, data_naliczenia, id_Kontrahent, id_Uzytkownik, typ, id_Ladunek, id_Zadokowany) VALUES(206, 1000, 0, '1990-02-10 02:00:00', 1, 1, 1, NULL, 209);
INSERT INTO Oplata (id_Oplata, kwota, czy_oplacona, data_naliczenia, id_Kontrahent, id_Uzytkownik, typ, id_Ladunek, id_Zadokowany) VALUES(207, 400, 0, '1990-02-10 06:00:00', 1, 1, 1, NULL, 208);
INSERT INTO Oplata (id_Oplata, kwota, czy_oplacona, data_naliczenia, id_Kontrahent, id_Uzytkownik, typ, id_Ladunek, id_Zadokowany) VALUES(208, 900, 0, '1990-02-10 12:00:00', 9, 1, 1, NULL, 198);
INSERT INTO Oplata (id_Oplata, kwota, czy_oplacona, data_naliczenia, id_Kontrahent, id_Uzytkownik, typ, id_Ladunek, id_Zadokowany) VALUES(209, 30000, 0, '1990-02-11 02:00:00', 1, 1, 1, NULL, 207);
INSERT INTO Oplata (id_Oplata, kwota, czy_oplacona, data_naliczenia, id_Kontrahent, id_Uzytkownik, typ, id_Ladunek, id_Zadokowany) VALUES(210, 100000, 0, '1990-02-11 04:00:00', 1, 1, 1, NULL, 211);
INSERT INTO Oplata (id_Oplata, kwota, czy_oplacona, data_naliczenia, id_Kontrahent, id_Uzytkownik, typ, id_Ladunek, id_Zadokowany) VALUES(211, 1600, 0, '1990-02-11 06:00:00', 9, 1, 1, NULL, 216);
INSERT INTO Oplata (id_Oplata, kwota, czy_oplacona, data_naliczenia, id_Kontrahent, id_Uzytkownik, typ, id_Ladunek, id_Zadokowany) VALUES(212, 2000, 0, '1990-02-11 08:00:00', 4, 1, 1, NULL, 214);
INSERT INTO Oplata (id_Oplata, kwota, czy_oplacona, data_naliczenia, id_Kontrahent, id_Uzytkownik, typ, id_Ladunek, id_Zadokowany) VALUES(213, 400, 0, '1990-02-11 10:00:00', 9, 1, 1, NULL, 215);
INSERT INTO Oplata (id_Oplata, kwota, czy_oplacona, data_naliczenia, id_Kontrahent, id_Uzytkownik, typ, id_Ladunek, id_Zadokowany) VALUES(214, 20, 0, '1990-02-11 12:00:00', 9, 1, 1, NULL, 213);
INSERT INTO Oplata (id_Oplata, kwota, czy_oplacona, data_naliczenia, id_Kontrahent, id_Uzytkownik, typ, id_Ladunek, id_Zadokowany) VALUES(215, 1000, 0, '1990-02-11 14:00:00', 1, 1, 1, NULL, 210);
INSERT INTO Oplata (id_Oplata, kwota, czy_oplacona, data_naliczenia, id_Kontrahent, id_Uzytkownik, typ, id_Ladunek, id_Zadokowany) VALUES(216, 18000, 0, '1990-01-05 06:00:00', 7, 1, 2, 15, NULL);
INSERT INTO Oplata (id_Oplata, kwota, czy_oplacona, data_naliczenia, id_Kontrahent, id_Uzytkownik, typ, id_Ladunek, id_Zadokowany) VALUES(217, 175000, 0, '1990-01-05 10:00:00', 2, 1, 1, 2, NULL);
INSERT INTO Oplata (id_Oplata, kwota, czy_oplacona, data_naliczenia, id_Kontrahent, id_Uzytkownik, typ, id_Ladunek, id_Zadokowany) VALUES(218, 100, 0, '1990-01-05 11:00:00', 6, 1, 2, 29, NULL);
INSERT INTO Oplata (id_Oplata, kwota, czy_oplacona, data_naliczenia, id_Kontrahent, id_Uzytkownik, typ, id_Ladunek, id_Zadokowany) VALUES(219, 80, 0, '1990-01-05 13:00:00', 2, 1, 2, 39, NULL);
INSERT INTO Oplata (id_Oplata, kwota, czy_oplacona, data_naliczenia, id_Kontrahent, id_Uzytkownik, typ, id_Ladunek, id_Zadokowany) VALUES(220, 900000, 0, '1990-01-05 14:00:00', 2, 1, 1, 4, NULL);
INSERT INTO Oplata (id_Oplata, kwota, czy_oplacona, data_naliczenia, id_Kontrahent, id_Uzytkownik, typ, id_Ladunek, id_Zadokowany) VALUES(221, 3500, 0, '1990-01-05 20:00:00', 6, 1, 1, 6, NULL);
INSERT INTO Oplata (id_Oplata, kwota, czy_oplacona, data_naliczenia, id_Kontrahent, id_Uzytkownik, typ, id_Ladunek, id_Zadokowany) VALUES(222, 4400, 0, '1990-01-05 21:00:00', 2, 1, 2, 41, NULL);
INSERT INTO Oplata (id_Oplata, kwota, czy_oplacona, data_naliczenia, id_Kontrahent, id_Uzytkownik, typ, id_Ladunek, id_Zadokowany) VALUES(223, 15000, 0, '1990-01-05 22:00:00', 2, 1, 1, 7, NULL);
INSERT INTO Oplata (id_Oplata, kwota, czy_oplacona, data_naliczenia, id_Kontrahent, id_Uzytkownik, typ, id_Ladunek, id_Zadokowany) VALUES(224, 700, 0, '1990-01-05 23:00:00', 6, 1, 2, 44, NULL);
INSERT INTO Oplata (id_Oplata, kwota, czy_oplacona, data_naliczenia, id_Kontrahent, id_Uzytkownik, typ, id_Ladunek, id_Zadokowany) VALUES(225, 1200000, 0, '1990-01-06 01:00:00', 2, 1, 1, 14, NULL);
INSERT INTO Oplata (id_Oplata, kwota, czy_oplacona, data_naliczenia, id_Kontrahent, id_Uzytkownik, typ, id_Ladunek, id_Zadokowany) VALUES(226, 10000, 0, '1990-01-06 09:00:00', 7, 1, 1, 17, NULL);
INSERT INTO Oplata (id_Oplata, kwota, czy_oplacona, data_naliczenia, id_Kontrahent, id_Uzytkownik, typ, id_Ladunek, id_Zadokowany) VALUES(227, 1000, 0, '1990-01-06 12:00:00', 7, 1, 2, 53, NULL);
INSERT INTO Oplata (id_Oplata, kwota, czy_oplacona, data_naliczenia, id_Kontrahent, id_Uzytkownik, typ, id_Ladunek, id_Zadokowany) VALUES(228, 50000, 0, '1990-01-06 15:00:00', 1, 1, 2, 34, NULL);
INSERT INTO Oplata (id_Oplata, kwota, czy_oplacona, data_naliczenia, id_Kontrahent, id_Uzytkownik, typ, id_Ladunek, id_Zadokowany) VALUES(229, 700, 0, '1990-01-06 16:00:00', 1, 1, 2, 40, NULL);
INSERT INTO Oplata (id_Oplata, kwota, czy_oplacona, data_naliczenia, id_Kontrahent, id_Uzytkownik, typ, id_Ladunek, id_Zadokowany) VALUES(230, 1050000, 0, '1990-01-06 18:00:00', 2, 1, 1, 27, NULL);
INSERT INTO Oplata (id_Oplata, kwota, czy_oplacona, data_naliczenia, id_Kontrahent, id_Uzytkownik, typ, id_Ladunek, id_Zadokowany) VALUES(231, 450, 0, '1990-01-06 22:00:00', 1, 1, 2, 61, NULL);
INSERT INTO Oplata (id_Oplata, kwota, czy_oplacona, data_naliczenia, id_Kontrahent, id_Uzytkownik, typ, id_Ladunek, id_Zadokowany) VALUES(232, 250000, 0, '1990-01-07 02:00:00', 1, 1, 1, 31, NULL);
INSERT INTO Oplata (id_Oplata, kwota, czy_oplacona, data_naliczenia, id_Kontrahent, id_Uzytkownik, typ, id_Ladunek, id_Zadokowany) VALUES(233, 105000, 0, '1990-01-07 14:00:00', 2, 1, 2, 68, NULL);
INSERT INTO Oplata (id_Oplata, kwota, czy_oplacona, data_naliczenia, id_Kontrahent, id_Uzytkownik, typ, id_Ladunek, id_Zadokowany) VALUES(234, 270000, 0, '1990-01-08 00:00:00', 1, 1, 1, 42, NULL);
INSERT INTO Oplata (id_Oplata, kwota, czy_oplacona, data_naliczenia, id_Kontrahent, id_Uzytkownik, typ, id_Ladunek, id_Zadokowany) VALUES(235, 350, 0, '1990-01-08 08:00:00', 7, 1, 2, 69, NULL);
INSERT INTO Oplata (id_Oplata, kwota, czy_oplacona, data_naliczenia, id_Kontrahent, id_Uzytkownik, typ, id_Ladunek, id_Zadokowany) VALUES(236, 90000, 0, '1990-01-08 09:00:00', 6, 1, 1, 48, NULL);
INSERT INTO Oplata (id_Oplata, kwota, czy_oplacona, data_naliczenia, id_Kontrahent, id_Uzytkownik, typ, id_Ladunek, id_Zadokowany) VALUES(237, 60000, 0, '1990-01-08 10:00:00', 1, 1, 1, 49, NULL);
INSERT INTO Oplata (id_Oplata, kwota, czy_oplacona, data_naliczenia, id_Kontrahent, id_Uzytkownik, typ, id_Ladunek, id_Zadokowany) VALUES(238, 4000, 0, '1990-01-08 22:00:00', 7, 1, 1, 55, NULL);
INSERT INTO Oplata (id_Oplata, kwota, czy_oplacona, data_naliczenia, id_Kontrahent, id_Uzytkownik, typ, id_Ladunek, id_Zadokowany) VALUES(239, 1800, 0, '1990-01-09 00:00:00', 6, 1, 1, 56, NULL);
INSERT INTO Oplata (id_Oplata, kwota, czy_oplacona, data_naliczenia, id_Kontrahent, id_Uzytkownik, typ, id_Ladunek, id_Zadokowany) VALUES(240, 17000, 0, '1990-01-09 22:00:00', 2, 1, 1, 72, NULL);
INSERT INTO Oplata (id_Oplata, kwota, czy_oplacona, data_naliczenia, id_Kontrahent, id_Uzytkownik, typ, id_Ladunek, id_Zadokowany) VALUES(241, 50000, 0, '1990-01-10 04:00:00', 1, 1, 1, 74, NULL);
INSERT INTO Oplata (id_Oplata, kwota, czy_oplacona, data_naliczenia, id_Kontrahent, id_Uzytkownik, typ, id_Ladunek, id_Zadokowany) VALUES(242, 30000, 0, '1990-01-10 05:00:00', 7, 1, 1, 75, NULL);
INSERT INTO Oplata (id_Oplata, kwota, czy_oplacona, data_naliczenia, id_Kontrahent, id_Uzytkownik, typ, id_Ladunek, id_Zadokowany) VALUES(243, 4000, 0, '1990-01-10 09:00:00', 7, 1, 1, 76, NULL);
INSERT INTO Oplata (id_Oplata, kwota, czy_oplacona, data_naliczenia, id_Kontrahent, id_Uzytkownik, typ, id_Ladunek, id_Zadokowany) VALUES(244, 300, 0, '1990-01-10 15:00:00', 7, 1, 1, 77, NULL);
INSERT INTO Oplata (id_Oplata, kwota, czy_oplacona, data_naliczenia, id_Kontrahent, id_Uzytkownik, typ, id_Ladunek, id_Zadokowany) VALUES(245, 800, 0, '1990-01-11 07:00:00', 6, 1, 1, 81, NULL);
INSERT INTO Oplata (id_Oplata, kwota, czy_oplacona, data_naliczenia, id_Kontrahent, id_Uzytkownik, typ, id_Ladunek, id_Zadokowany) VALUES(246, 8000, 0, '1990-01-11 14:00:00', 1, 1, 1, 83, NULL);
INSERT INTO Oplata (id_Oplata, kwota, czy_oplacona, data_naliczenia, id_Kontrahent, id_Uzytkownik, typ, id_Ladunek, id_Zadokowany) VALUES(247, 10500, 0, '1990-01-11 17:00:00', 2, 1, 1, 84, NULL);
INSERT INTO Oplata (id_Oplata, kwota, czy_oplacona, data_naliczenia, id_Kontrahent, id_Uzytkownik, typ, id_Ladunek, id_Zadokowany) VALUES(248, 1200, 0, '1990-01-12 00:00:00', 6, 1, 1, 85, NULL);
INSERT INTO Oplata (id_Oplata, kwota, czy_oplacona, data_naliczenia, id_Kontrahent, id_Uzytkownik, typ, id_Ladunek, id_Zadokowany) VALUES(249, 30000, 0, '1990-01-13 02:00:00', 2, 1, 1, 88, NULL);
INSERT INTO Oplata (id_Oplata, kwota, czy_oplacona, data_naliczenia, id_Kontrahent, id_Uzytkownik, typ, id_Ladunek, id_Zadokowany) VALUES(250, 20000, 0, '1990-01-13 08:00:00', 6, 1, 1, 89, NULL);
INSERT INTO Oplata (id_Oplata, kwota, czy_oplacona, data_naliczenia, id_Kontrahent, id_Uzytkownik, typ, id_Ladunek, id_Zadokowany) VALUES(251, 10000, 0, '1990-01-13 20:00:00', 7, 1, 1, 90, NULL);
INSERT INTO Oplata (id_Oplata, kwota, czy_oplacona, data_naliczenia, id_Kontrahent, id_Uzytkownik, typ, id_Ladunek, id_Zadokowany) VALUES(252, 50, 0, '1990-01-14 15:00:00', 2, 1, 2, 93, NULL);
INSERT INTO Oplata (id_Oplata, kwota, czy_oplacona, data_naliczenia, id_Kontrahent, id_Uzytkownik, typ, id_Ladunek, id_Zadokowany) VALUES(253, 12000, 0, '1990-01-14 18:00:00', 2, 1, 2, 94, NULL);
INSERT INTO Oplata (id_Oplata, kwota, czy_oplacona, data_naliczenia, id_Kontrahent, id_Uzytkownik, typ, id_Ladunek, id_Zadokowany) VALUES(254, 5000, 0, '1990-01-15 07:00:00', 2, 1, 1, 98, NULL);
INSERT INTO Oplata (id_Oplata, kwota, czy_oplacona, data_naliczenia, id_Kontrahent, id_Uzytkownik, typ, id_Ladunek, id_Zadokowany) VALUES(255, 72000, 0, '1990-01-15 14:00:00', 6, 1, 2, 99, NULL);
INSERT INTO Oplata (id_Oplata, kwota, czy_oplacona, data_naliczenia, id_Kontrahent, id_Uzytkownik, typ, id_Ladunek, id_Zadokowany) VALUES(256, 10500, 0, '1990-01-15 20:00:00', 1, 1, 1, 100, NULL);
INSERT INTO Oplata (id_Oplata, kwota, czy_oplacona, data_naliczenia, id_Kontrahent, id_Uzytkownik, typ, id_Ladunek, id_Zadokowany) VALUES(257, 15000, 0, '1990-01-16 08:00:00', 1, 1, 1, 103, NULL);
INSERT INTO Oplata (id_Oplata, kwota, czy_oplacona, data_naliczenia, id_Kontrahent, id_Uzytkownik, typ, id_Ladunek, id_Zadokowany) VALUES(258, 54000, 0, '1990-01-16 09:00:00', 7, 1, 2, 102, NULL);
INSERT INTO Oplata (id_Oplata, kwota, czy_oplacona, data_naliczenia, id_Kontrahent, id_Uzytkownik, typ, id_Ladunek, id_Zadokowany) VALUES(259, 5000, 0, '1990-01-16 14:00:00', 2, 1, 1, 105, NULL);
INSERT INTO Oplata (id_Oplata, kwota, czy_oplacona, data_naliczenia, id_Kontrahent, id_Uzytkownik, typ, id_Ladunek, id_Zadokowany) VALUES(260, 150, 0, '1990-01-16 15:00:00', 6, 1, 2, 106, NULL);
INSERT INTO Oplata (id_Oplata, kwota, czy_oplacona, data_naliczenia, id_Kontrahent, id_Uzytkownik, typ, id_Ladunek, id_Zadokowany) VALUES(261, 5000, 0, '1990-01-17 04:00:00', 1, 1, 2, 107, NULL);
INSERT INTO Oplata (id_Oplata, kwota, czy_oplacona, data_naliczenia, id_Kontrahent, id_Uzytkownik, typ, id_Ladunek, id_Zadokowany) VALUES(262, 35000, 0, '1990-01-18 06:00:00', 1, 1, 1, 109, NULL);
INSERT INTO Oplata (id_Oplata, kwota, czy_oplacona, data_naliczenia, id_Kontrahent, id_Uzytkownik, typ, id_Ladunek, id_Zadokowany) VALUES(263, 200, 0, '1990-01-18 12:00:00', 7, 1, 2, 110, NULL);
INSERT INTO Oplata (id_Oplata, kwota, czy_oplacona, data_naliczenia, id_Kontrahent, id_Uzytkownik, typ, id_Ladunek, id_Zadokowany) VALUES(264, 200, 0, '1990-01-18 23:00:00', 1, 1, 2, 112, NULL);
INSERT INTO Oplata (id_Oplata, kwota, czy_oplacona, data_naliczenia, id_Kontrahent, id_Uzytkownik, typ, id_Ladunek, id_Zadokowany) VALUES(265, 500, 0, '1990-01-19 11:00:00', 6, 1, 1, 113, NULL);
INSERT INTO Oplata (id_Oplata, kwota, czy_oplacona, data_naliczenia, id_Kontrahent, id_Uzytkownik, typ, id_Ladunek, id_Zadokowany) VALUES(266, 900, 0, '1990-01-19 13:00:00', 2, 1, 1, 115, NULL);
INSERT INTO Oplata (id_Oplata, kwota, czy_oplacona, data_naliczenia, id_Kontrahent, id_Uzytkownik, typ, id_Ladunek, id_Zadokowany) VALUES(267, 150000, 0, '1990-01-19 20:00:00', 2, 1, 1, 116, NULL);
INSERT INTO Oplata (id_Oplata, kwota, czy_oplacona, data_naliczenia, id_Kontrahent, id_Uzytkownik, typ, id_Ladunek, id_Zadokowany) VALUES(268, 300, 0, '1990-01-20 01:00:00', 7, 1, 2, 118, NULL);
INSERT INTO Oplata (id_Oplata, kwota, czy_oplacona, data_naliczenia, id_Kontrahent, id_Uzytkownik, typ, id_Ladunek, id_Zadokowany) VALUES(269, 60000, 0, '1990-01-20 07:00:00', 7, 1, 2, 119, NULL);
INSERT INTO Oplata (id_Oplata, kwota, czy_oplacona, data_naliczenia, id_Kontrahent, id_Uzytkownik, typ, id_Ladunek, id_Zadokowany) VALUES(270, 900, 0, '1990-01-20 23:00:00', 1, 1, 1, 122, NULL);
INSERT INTO Oplata (id_Oplata, kwota, czy_oplacona, data_naliczenia, id_Kontrahent, id_Uzytkownik, typ, id_Ladunek, id_Zadokowany) VALUES(271, 1000, 0, '1990-01-21 07:00:00', 1, 1, 2, 124, NULL);
INSERT INTO Oplata (id_Oplata, kwota, czy_oplacona, data_naliczenia, id_Kontrahent, id_Uzytkownik, typ, id_Ladunek, id_Zadokowany) VALUES(272, 5000, 0, '1990-01-21 13:00:00', 2, 1, 1, 123, NULL);
INSERT INTO Oplata (id_Oplata, kwota, czy_oplacona, data_naliczenia, id_Kontrahent, id_Uzytkownik, typ, id_Ladunek, id_Zadokowany) VALUES(273, 40, 0, '1990-01-22 03:00:00', 7, 1, 2, 127, NULL);
INSERT INTO Oplata (id_Oplata, kwota, czy_oplacona, data_naliczenia, id_Kontrahent, id_Uzytkownik, typ, id_Ladunek, id_Zadokowany) VALUES(274, 4250, 0, '1990-01-22 11:00:00', 1, 1, 1, 128, NULL);
INSERT INTO Oplata (id_Oplata, kwota, czy_oplacona, data_naliczenia, id_Kontrahent, id_Uzytkownik, typ, id_Ladunek, id_Zadokowany) VALUES(275, 15000, 0, '1990-01-22 20:00:00', 6, 1, 1, 129, NULL);
INSERT INTO Oplata (id_Oplata, kwota, czy_oplacona, data_naliczenia, id_Kontrahent, id_Uzytkownik, typ, id_Ladunek, id_Zadokowany) VALUES(276, 10000, 0, '1990-01-23 16:00:00', 1, 1, 1, 132, NULL);
INSERT INTO Oplata (id_Oplata, kwota, czy_oplacona, data_naliczenia, id_Kontrahent, id_Uzytkownik, typ, id_Ladunek, id_Zadokowany) VALUES(277, 9000, 0, '1990-01-23 17:00:00', 1, 1, 1, 134, NULL);
INSERT INTO Oplata (id_Oplata, kwota, czy_oplacona, data_naliczenia, id_Kontrahent, id_Uzytkownik, typ, id_Ladunek, id_Zadokowany) VALUES(278, 1500, 0, '1990-01-24 00:00:00', 6, 1, 2, 135, NULL);
INSERT INTO Oplata (id_Oplata, kwota, czy_oplacona, data_naliczenia, id_Kontrahent, id_Uzytkownik, typ, id_Ladunek, id_Zadokowany) VALUES(279, 280, 0, '1990-01-26 09:00:00', 7, 1, 2, 142, NULL);
INSERT INTO Oplata (id_Oplata, kwota, czy_oplacona, data_naliczenia, id_Kontrahent, id_Uzytkownik, typ, id_Ladunek, id_Zadokowany) VALUES(280, 560, 0, '1990-01-27 03:00:00', 6, 1, 2, 143, NULL);
INSERT INTO Oplata (id_Oplata, kwota, czy_oplacona, data_naliczenia, id_Kontrahent, id_Uzytkownik, typ, id_Ladunek, id_Zadokowany) VALUES(281, 2000, 0, '1990-01-27 16:00:00', 1, 1, 1, 146, NULL);
INSERT INTO Oplata (id_Oplata, kwota, czy_oplacona, data_naliczenia, id_Kontrahent, id_Uzytkownik, typ, id_Ladunek, id_Zadokowany) VALUES(282, 40, 0, '1990-01-27 21:00:00', 1, 1, 2, 147, NULL);
INSERT INTO Oplata (id_Oplata, kwota, czy_oplacona, data_naliczenia, id_Kontrahent, id_Uzytkownik, typ, id_Ladunek, id_Zadokowany) VALUES(283, 3000, 0, '1990-01-28 15:00:00', 6, 1, 1, 148, NULL);
INSERT INTO Oplata (id_Oplata, kwota, czy_oplacona, data_naliczenia, id_Kontrahent, id_Uzytkownik, typ, id_Ladunek, id_Zadokowany) VALUES(284, 6000, 0, '1990-01-28 18:00:00', 1, 1, 1, 149, NULL);
INSERT INTO Oplata (id_Oplata, kwota, czy_oplacona, data_naliczenia, id_Kontrahent, id_Uzytkownik, typ, id_Ladunek, id_Zadokowany) VALUES(285, 300, 0, '1990-01-29 01:00:00', 7, 1, 2, 153, NULL);
INSERT INTO Oplata (id_Oplata, kwota, czy_oplacona, data_naliczenia, id_Kontrahent, id_Uzytkownik, typ, id_Ladunek, id_Zadokowany) VALUES(286, 20000, 0, '1990-01-29 14:00:00', 1, 1, 1, 154, NULL);
INSERT INTO Oplata (id_Oplata, kwota, czy_oplacona, data_naliczenia, id_Kontrahent, id_Uzytkownik, typ, id_Ladunek, id_Zadokowany) VALUES(287, 5000, 0, '1990-01-29 22:00:00', 2, 1, 2, 155, NULL);
INSERT INTO Oplata (id_Oplata, kwota, czy_oplacona, data_naliczenia, id_Kontrahent, id_Uzytkownik, typ, id_Ladunek, id_Zadokowany) VALUES(288, 12000, 0, '1990-01-31 22:00:00', 7, 1, 1, 161, NULL);
INSERT INTO Oplata (id_Oplata, kwota, czy_oplacona, data_naliczenia, id_Kontrahent, id_Uzytkownik, typ, id_Ladunek, id_Zadokowany) VALUES(289, 4000, 0, '1990-02-01 02:00:00', 2, 1, 1, 163, NULL);
INSERT INTO Oplata (id_Oplata, kwota, czy_oplacona, data_naliczenia, id_Kontrahent, id_Uzytkownik, typ, id_Ladunek, id_Zadokowany) VALUES(290, 40, 0, '1990-02-01 04:00:00', 6, 1, 2, 162, NULL);
INSERT INTO Oplata (id_Oplata, kwota, czy_oplacona, data_naliczenia, id_Kontrahent, id_Uzytkownik, typ, id_Ladunek, id_Zadokowany) VALUES(291, 750, 0, '1990-02-01 06:00:00', 6, 1, 2, 164, NULL);
INSERT INTO Oplata (id_Oplata, kwota, czy_oplacona, data_naliczenia, id_Kontrahent, id_Uzytkownik, typ, id_Ladunek, id_Zadokowany) VALUES(292, 8000, 0, '1990-02-02 13:00:00', 1, 1, 1, 168, NULL);
INSERT INTO Oplata (id_Oplata, kwota, czy_oplacona, data_naliczenia, id_Kontrahent, id_Uzytkownik, typ, id_Ladunek, id_Zadokowany) VALUES(293, 5000, 0, '1990-02-03 06:00:00', 6, 1, 1, 171, NULL);
INSERT INTO Oplata (id_Oplata, kwota, czy_oplacona, data_naliczenia, id_Kontrahent, id_Uzytkownik, typ, id_Ladunek, id_Zadokowany) VALUES(294, 500, 0, '1990-02-03 11:00:00', 6, 1, 2, 173, NULL);
INSERT INTO Oplata (id_Oplata, kwota, czy_oplacona, data_naliczenia, id_Kontrahent, id_Uzytkownik, typ, id_Ladunek, id_Zadokowany) VALUES(295, 5500, 0, '1990-02-04 00:00:00', 2, 1, 2, 174, NULL);
INSERT INTO Oplata (id_Oplata, kwota, czy_oplacona, data_naliczenia, id_Kontrahent, id_Uzytkownik, typ, id_Ladunek, id_Zadokowany) VALUES(296, 3500, 0, '1990-02-05 07:00:00', 1, 1, 2, 176, NULL);
INSERT INTO Oplata (id_Oplata, kwota, czy_oplacona, data_naliczenia, id_Kontrahent, id_Uzytkownik, typ, id_Ladunek, id_Zadokowany) VALUES(297, 450, 0, '1990-02-05 20:00:00', 6, 1, 2, 179, NULL);
INSERT INTO Oplata (id_Oplata, kwota, czy_oplacona, data_naliczenia, id_Kontrahent, id_Uzytkownik, typ, id_Ladunek, id_Zadokowany) VALUES(298, 1500, 0, '1990-02-07 01:00:00', 1, 1, 2, 180, NULL);
INSERT INTO Oplata (id_Oplata, kwota, czy_oplacona, data_naliczenia, id_Kontrahent, id_Uzytkownik, typ, id_Ladunek, id_Zadokowany) VALUES(299, 9000, 0, '1990-02-07 11:00:00', 6, 1, 1, 184, NULL);
INSERT INTO Oplata (id_Oplata, kwota, czy_oplacona, data_naliczenia, id_Kontrahent, id_Uzytkownik, typ, id_Ladunek, id_Zadokowany) VALUES(300, 75000, 0, '1990-02-08 01:00:00', 1, 1, 2, 186, NULL);
INSERT INTO Oplata (id_Oplata, kwota, czy_oplacona, data_naliczenia, id_Kontrahent, id_Uzytkownik, typ, id_Ladunek, id_Zadokowany) VALUES(301, 1000, 0, '1990-02-08 04:00:00', 2, 1, 2, 187, NULL);
INSERT INTO Oplata (id_Oplata, kwota, czy_oplacona, data_naliczenia, id_Kontrahent, id_Uzytkownik, typ, id_Ladunek, id_Zadokowany) VALUES(302, 800, 0, '1990-02-08 19:00:00', 7, 1, 1, 189, NULL);
INSERT INTO Oplata (id_Oplata, kwota, czy_oplacona, data_naliczenia, id_Kontrahent, id_Uzytkownik, typ, id_Ladunek, id_Zadokowany) VALUES(303, 1000, 0, '1990-02-08 20:00:00', 6, 1, 1, 190, NULL);
INSERT INTO Oplata (id_Oplata, kwota, czy_oplacona, data_naliczenia, id_Kontrahent, id_Uzytkownik, typ, id_Ladunek, id_Zadokowany) VALUES(304, 1680, 0, '1990-02-09 01:00:00', 2, 1, 2, 192, NULL);
INSERT INTO Oplata (id_Oplata, kwota, czy_oplacona, data_naliczenia, id_Kontrahent, id_Uzytkownik, typ, id_Ladunek, id_Zadokowany) VALUES(305, 72000, 0, '1990-02-09 05:00:00', 2, 1, 2, 193, NULL);
INSERT INTO Oplata (id_Oplata, kwota, czy_oplacona, data_naliczenia, id_Kontrahent, id_Uzytkownik, typ, id_Ladunek, id_Zadokowany) VALUES(306, 2000, 0, '1990-02-11 00:00:00', 1, 1, 1, 194, NULL);
INSERT INTO Oplata (id_Oplata, kwota, czy_oplacona, data_naliczenia, id_Kontrahent, id_Uzytkownik, typ, id_Ladunek, id_Zadokowany) VALUES(307, 20000, 0, '1990-02-11 17:00:00', 2, 1, 1, 196, NULL);
INSERT INTO Oplata (id_Oplata, kwota, czy_oplacona, data_naliczenia, id_Kontrahent, id_Uzytkownik, typ, id_Ladunek, id_Zadokowany) VALUES(308, 9000, 0, '1990-02-13 23:00:00', 2, 1, 1, 200, NULL);
INSERT INTO Oplata (id_Oplata, kwota, czy_oplacona, data_naliczenia, id_Kontrahent, id_Uzytkownik, typ, id_Ladunek, id_Zadokowany) VALUES(309, 70000, 0, '1990-02-14 19:00:00', 6, 1, 2, 205, NULL);
INSERT INTO Oplata (id_Oplata, kwota, czy_oplacona, data_naliczenia, id_Kontrahent, id_Uzytkownik, typ, id_Ladunek, id_Zadokowany) VALUES(310, 100, 0, '1990-02-15 08:00:00', 2, 1, 1, 207, NULL);
SET IDENTITY_INSERT Oplata OFF;

SET IDENTITY_INSERT Przeladunek ON;
INSERT INTO Przeladunek (id_Przeladunek, data, uwagi, czy_aktualne_polozenie, id_Statek1, id_Statek2, id_Magazyn1, id_Magazyn2, id_Uzytkownik, id_Ladunek) VALUES(1, '1990-01-01 01:00:00', NULL, 1, NULL, NULL, NULL, 3, 1, 1);
INSERT INTO Przeladunek (id_Przeladunek, data, uwagi, czy_aktualne_polozenie, id_Statek1, id_Statek2, id_Magazyn1, id_Magazyn2, id_Uzytkownik, id_Ladunek) VALUES(2, '1990-01-01 05:00:00', NULL, 0, NULL, NULL, NULL, 3, 1, 2);
INSERT INTO Przeladunek (id_Przeladunek, data, uwagi, czy_aktualne_polozenie, id_Statek1, id_Statek2, id_Magazyn1, id_Magazyn2, id_Uzytkownik, id_Ladunek) VALUES(3, '1990-01-01 06:00:00', NULL, 1, NULL, NULL, NULL, 3, 1, 3);
INSERT INTO Przeladunek (id_Przeladunek, data, uwagi, czy_aktualne_polozenie, id_Statek1, id_Statek2, id_Magazyn1, id_Magazyn2, id_Uzytkownik, id_Ladunek) VALUES(4, '1990-01-01 07:00:00', NULL, 0, NULL, NULL, NULL, 2, 1, 4);
INSERT INTO Przeladunek (id_Przeladunek, data, uwagi, czy_aktualne_polozenie, id_Statek1, id_Statek2, id_Magazyn1, id_Magazyn2, id_Uzytkownik, id_Ladunek) VALUES(5, '1990-01-01 09:00:00', NULL, 1, NULL, NULL, NULL, 1, 1, 5);
INSERT INTO Przeladunek (id_Przeladunek, data, uwagi, czy_aktualne_polozenie, id_Statek1, id_Statek2, id_Magazyn1, id_Magazyn2, id_Uzytkownik, id_Ladunek) VALUES(6, '1990-01-01 13:00:00', NULL, 0, NULL, NULL, NULL, 10, 1, 6);
INSERT INTO Przeladunek (id_Przeladunek, data, uwagi, czy_aktualne_polozenie, id_Statek1, id_Statek2, id_Magazyn1, id_Magazyn2, id_Uzytkownik, id_Ladunek) VALUES(7, '1990-01-01 17:00:00', NULL, 0, NULL, NULL, NULL, 12, 1, 7);
INSERT INTO Przeladunek (id_Przeladunek, data, uwagi, czy_aktualne_polozenie, id_Statek1, id_Statek2, id_Magazyn1, id_Magazyn2, id_Uzytkownik, id_Ladunek) VALUES(8, '1990-01-01 18:00:00', NULL, 1, NULL, NULL, NULL, 3, 1, 8);
INSERT INTO Przeladunek (id_Przeladunek, data, uwagi, czy_aktualne_polozenie, id_Statek1, id_Statek2, id_Magazyn1, id_Magazyn2, id_Uzytkownik, id_Ladunek) VALUES(9, '1990-01-01 20:00:00', NULL, 1, NULL, NULL, NULL, 12, 1, 9);
INSERT INTO Przeladunek (id_Przeladunek, data, uwagi, czy_aktualne_polozenie, id_Statek1, id_Statek2, id_Magazyn1, id_Magazyn2, id_Uzytkownik, id_Ladunek) VALUES(10, '1990-01-01 23:00:00', NULL, 1, NULL, NULL, NULL, 10, 1, 10);
INSERT INTO Przeladunek (id_Przeladunek, data, uwagi, czy_aktualne_polozenie, id_Statek1, id_Statek2, id_Magazyn1, id_Magazyn2, id_Uzytkownik, id_Ladunek) VALUES(11, '1990-01-02 01:00:00', NULL, 1, NULL, NULL, NULL, 3, 1, 11);
INSERT INTO Przeladunek (id_Przeladunek, data, uwagi, czy_aktualne_polozenie, id_Statek1, id_Statek2, id_Magazyn1, id_Magazyn2, id_Uzytkownik, id_Ladunek) VALUES(12, '1990-01-02 02:00:00', NULL, 1, NULL, NULL, NULL, 12, 1, 12);
INSERT INTO Przeladunek (id_Przeladunek, data, uwagi, czy_aktualne_polozenie, id_Statek1, id_Statek2, id_Magazyn1, id_Magazyn2, id_Uzytkownik, id_Ladunek) VALUES(13, '1990-01-02 05:00:00', NULL, 1, NULL, NULL, NULL, 12, 1, 13);
INSERT INTO Przeladunek (id_Przeladunek, data, uwagi, czy_aktualne_polozenie, id_Statek1, id_Statek2, id_Magazyn1, id_Magazyn2, id_Uzytkownik, id_Ladunek) VALUES(14, '1990-01-02 08:00:00', NULL, 0, NULL, NULL, NULL, 2, 1, 14);
INSERT INTO Przeladunek (id_Przeladunek, data, uwagi, czy_aktualne_polozenie, id_Statek1, id_Statek2, id_Magazyn1, id_Magazyn2, id_Uzytkownik, id_Ladunek) VALUES(15, '1990-01-02 10:00:00', NULL, 0, NULL, 19, NULL, NULL, 1, 15);
INSERT INTO Przeladunek (id_Przeladunek, data, uwagi, czy_aktualne_polozenie, id_Statek1, id_Statek2, id_Magazyn1, id_Magazyn2, id_Uzytkownik, id_Ladunek) VALUES(16, '1990-01-02 11:00:00', NULL, 0, NULL, 11, NULL, NULL, 1, 16);
INSERT INTO Przeladunek (id_Przeladunek, data, uwagi, czy_aktualne_polozenie, id_Statek1, id_Statek2, id_Magazyn1, id_Magazyn2, id_Uzytkownik, id_Ladunek) VALUES(17, '1990-01-02 12:00:00', NULL, 0, NULL, NULL, NULL, 1, 1, 17);
INSERT INTO Przeladunek (id_Przeladunek, data, uwagi, czy_aktualne_polozenie, id_Statek1, id_Statek2, id_Magazyn1, id_Magazyn2, id_Uzytkownik, id_Ladunek) VALUES(18, '1990-01-02 13:00:00', NULL, 1, NULL, NULL, NULL, 12, 1, 18);
INSERT INTO Przeladunek (id_Przeladunek, data, uwagi, czy_aktualne_polozenie, id_Statek1, id_Statek2, id_Magazyn1, id_Magazyn2, id_Uzytkownik, id_Ladunek) VALUES(19, '1990-01-02 14:00:00', NULL, 0, NULL, 12, NULL, NULL, 1, 19);
INSERT INTO Przeladunek (id_Przeladunek, data, uwagi, czy_aktualne_polozenie, id_Statek1, id_Statek2, id_Magazyn1, id_Magazyn2, id_Uzytkownik, id_Ladunek) VALUES(20, '1990-01-02 15:00:00', NULL, 1, NULL, NULL, NULL, 1, 1, 20);
INSERT INTO Przeladunek (id_Przeladunek, data, uwagi, czy_aktualne_polozenie, id_Statek1, id_Statek2, id_Magazyn1, id_Magazyn2, id_Uzytkownik, id_Ladunek) VALUES(21, '1990-01-02 16:00:00', NULL, 1, NULL, NULL, NULL, 3, 1, 21);
INSERT INTO Przeladunek (id_Przeladunek, data, uwagi, czy_aktualne_polozenie, id_Statek1, id_Statek2, id_Magazyn1, id_Magazyn2, id_Uzytkownik, id_Ladunek) VALUES(22, '1990-01-02 17:00:00', NULL, 1, NULL, NULL, NULL, 12, 1, 22);
INSERT INTO Przeladunek (id_Przeladunek, data, uwagi, czy_aktualne_polozenie, id_Statek1, id_Statek2, id_Magazyn1, id_Magazyn2, id_Uzytkownik, id_Ladunek) VALUES(23, '1990-01-02 18:00:00', NULL, 0, NULL, 20, NULL, NULL, 1, 23);
INSERT INTO Przeladunek (id_Przeladunek, data, uwagi, czy_aktualne_polozenie, id_Statek1, id_Statek2, id_Magazyn1, id_Magazyn2, id_Uzytkownik, id_Ladunek) VALUES(24, '1990-01-02 19:00:00', NULL, 1, NULL, NULL, NULL, 3, 1, 24);
INSERT INTO Przeladunek (id_Przeladunek, data, uwagi, czy_aktualne_polozenie, id_Statek1, id_Statek2, id_Magazyn1, id_Magazyn2, id_Uzytkownik, id_Ladunek) VALUES(25, '1990-01-02 20:00:00', NULL, 1, NULL, NULL, NULL, 3, 1, 25);
INSERT INTO Przeladunek (id_Przeladunek, data, uwagi, czy_aktualne_polozenie, id_Statek1, id_Statek2, id_Magazyn1, id_Magazyn2, id_Uzytkownik, id_Ladunek) VALUES(26, '1990-01-02 21:00:00', NULL, 1, NULL, NULL, NULL, 2, 1, 26);
INSERT INTO Przeladunek (id_Przeladunek, data, uwagi, czy_aktualne_polozenie, id_Statek1, id_Statek2, id_Magazyn1, id_Magazyn2, id_Uzytkownik, id_Ladunek) VALUES(27, '1990-01-02 22:00:00', NULL, 0, NULL, NULL, NULL, 2, 1, 27);
INSERT INTO Przeladunek (id_Przeladunek, data, uwagi, czy_aktualne_polozenie, id_Statek1, id_Statek2, id_Magazyn1, id_Magazyn2, id_Uzytkownik, id_Ladunek) VALUES(28, '1990-01-02 23:00:00', NULL, 1, NULL, NULL, NULL, 3, 1, 28);
INSERT INTO Przeladunek (id_Przeladunek, data, uwagi, czy_aktualne_polozenie, id_Statek1, id_Statek2, id_Magazyn1, id_Magazyn2, id_Uzytkownik, id_Ladunek) VALUES(29, '1990-01-03 00:00:00', NULL, 0, NULL, 12, NULL, NULL, 1, 29);
INSERT INTO Przeladunek (id_Przeladunek, data, uwagi, czy_aktualne_polozenie, id_Statek1, id_Statek2, id_Magazyn1, id_Magazyn2, id_Uzytkownik, id_Ladunek) VALUES(30, '1990-01-03 01:00:00', NULL, 0, NULL, 7, NULL, NULL, 1, 30);
INSERT INTO Przeladunek (id_Przeladunek, data, uwagi, czy_aktualne_polozenie, id_Statek1, id_Statek2, id_Magazyn1, id_Magazyn2, id_Uzytkownik, id_Ladunek) VALUES(31, '1990-01-03 02:00:00', NULL, 0, NULL, NULL, NULL, 3, 1, 31);
INSERT INTO Przeladunek (id_Przeladunek, data, uwagi, czy_aktualne_polozenie, id_Statek1, id_Statek2, id_Magazyn1, id_Magazyn2, id_Uzytkownik, id_Ladunek) VALUES(32, '1990-01-03 03:00:00', NULL, 0, NULL, 19, NULL, NULL, 1, 32);
INSERT INTO Przeladunek (id_Przeladunek, data, uwagi, czy_aktualne_polozenie, id_Statek1, id_Statek2, id_Magazyn1, id_Magazyn2, id_Uzytkownik, id_Ladunek) VALUES(33, '1990-01-03 04:00:00', NULL, 1, NULL, NULL, NULL, 12, 1, 33);
INSERT INTO Przeladunek (id_Przeladunek, data, uwagi, czy_aktualne_polozenie, id_Statek1, id_Statek2, id_Magazyn1, id_Magazyn2, id_Uzytkownik, id_Ladunek) VALUES(34, '1990-01-03 05:00:00', NULL, 0, NULL, 19, NULL, NULL, 1, 34);
INSERT INTO Przeladunek (id_Przeladunek, data, uwagi, czy_aktualne_polozenie, id_Statek1, id_Statek2, id_Magazyn1, id_Magazyn2, id_Uzytkownik, id_Ladunek) VALUES(35, '1990-01-03 06:00:00', NULL, 1, NULL, NULL, NULL, 12, 1, 35);
INSERT INTO Przeladunek (id_Przeladunek, data, uwagi, czy_aktualne_polozenie, id_Statek1, id_Statek2, id_Magazyn1, id_Magazyn2, id_Uzytkownik, id_Ladunek) VALUES(36, '1990-01-03 07:00:00', NULL, 1, NULL, NULL, NULL, 12, 1, 36);
INSERT INTO Przeladunek (id_Przeladunek, data, uwagi, czy_aktualne_polozenie, id_Statek1, id_Statek2, id_Magazyn1, id_Magazyn2, id_Uzytkownik, id_Ladunek) VALUES(37, '1990-01-03 08:00:00', NULL, 0, NULL, 7, NULL, NULL, 1, 37);
INSERT INTO Przeladunek (id_Przeladunek, data, uwagi, czy_aktualne_polozenie, id_Statek1, id_Statek2, id_Magazyn1, id_Magazyn2, id_Uzytkownik, id_Ladunek) VALUES(38, '1990-01-03 09:00:00', NULL, 1, NULL, NULL, NULL, 12, 1, 38);
INSERT INTO Przeladunek (id_Przeladunek, data, uwagi, czy_aktualne_polozenie, id_Statek1, id_Statek2, id_Magazyn1, id_Magazyn2, id_Uzytkownik, id_Ladunek) VALUES(39, '1990-01-03 10:00:00', NULL, 0, NULL, 6, NULL, NULL, 1, 39);
INSERT INTO Przeladunek (id_Przeladunek, data, uwagi, czy_aktualne_polozenie, id_Statek1, id_Statek2, id_Magazyn1, id_Magazyn2, id_Uzytkownik, id_Ladunek) VALUES(40, '1990-01-03 11:00:00', NULL, 0, NULL, 13, NULL, NULL, 1, 40);
INSERT INTO Przeladunek (id_Przeladunek, data, uwagi, czy_aktualne_polozenie, id_Statek1, id_Statek2, id_Magazyn1, id_Magazyn2, id_Uzytkownik, id_Ladunek) VALUES(41, '1990-01-03 12:00:00', NULL, 0, NULL, 11, NULL, NULL, 1, 41);
INSERT INTO Przeladunek (id_Przeladunek, data, uwagi, czy_aktualne_polozenie, id_Statek1, id_Statek2, id_Magazyn1, id_Magazyn2, id_Uzytkownik, id_Ladunek) VALUES(42, '1990-01-03 13:00:00', NULL, 0, NULL, NULL, NULL, 3, 1, 42);
INSERT INTO Przeladunek (id_Przeladunek, data, uwagi, czy_aktualne_polozenie, id_Statek1, id_Statek2, id_Magazyn1, id_Magazyn2, id_Uzytkownik, id_Ladunek) VALUES(43, '1990-01-03 14:00:00', NULL, 1, NULL, NULL, NULL, 10, 1, 43);
INSERT INTO Przeladunek (id_Przeladunek, data, uwagi, czy_aktualne_polozenie, id_Statek1, id_Statek2, id_Magazyn1, id_Magazyn2, id_Uzytkownik, id_Ladunek) VALUES(44, '1990-01-03 16:00:00', NULL, 0, NULL, 6, NULL, NULL, 1, 44);
INSERT INTO Przeladunek (id_Przeladunek, data, uwagi, czy_aktualne_polozenie, id_Statek1, id_Statek2, id_Magazyn1, id_Magazyn2, id_Uzytkownik, id_Ladunek) VALUES(45, '1990-01-03 17:00:00', NULL, 1, NULL, NULL, NULL, 12, 1, 45);
INSERT INTO Przeladunek (id_Przeladunek, data, uwagi, czy_aktualne_polozenie, id_Statek1, id_Statek2, id_Magazyn1, id_Magazyn2, id_Uzytkownik, id_Ladunek) VALUES(46, '1990-01-03 18:00:00', NULL, 1, NULL, NULL, NULL, 3, 1, 46);
INSERT INTO Przeladunek (id_Przeladunek, data, uwagi, czy_aktualne_polozenie, id_Statek1, id_Statek2, id_Magazyn1, id_Magazyn2, id_Uzytkownik, id_Ladunek) VALUES(47, '1990-01-03 19:00:00', NULL, 0, NULL, 13, NULL, NULL, 1, 47);
INSERT INTO Przeladunek (id_Przeladunek, data, uwagi, czy_aktualne_polozenie, id_Statek1, id_Statek2, id_Magazyn1, id_Magazyn2, id_Uzytkownik, id_Ladunek) VALUES(48, '1990-01-03 20:00:00', NULL, 0, NULL, NULL, NULL, 3, 1, 48);
INSERT INTO Przeladunek (id_Przeladunek, data, uwagi, czy_aktualne_polozenie, id_Statek1, id_Statek2, id_Magazyn1, id_Magazyn2, id_Uzytkownik, id_Ladunek) VALUES(49, '1990-01-03 23:00:00', NULL, 0, NULL, NULL, NULL, 1, 1, 49);
INSERT INTO Przeladunek (id_Przeladunek, data, uwagi, czy_aktualne_polozenie, id_Statek1, id_Statek2, id_Magazyn1, id_Magazyn2, id_Uzytkownik, id_Ladunek) VALUES(50, '1990-01-04 00:00:00', NULL, 1, NULL, NULL, NULL, 12, 1, 50);
INSERT INTO Przeladunek (id_Przeladunek, data, uwagi, czy_aktualne_polozenie, id_Statek1, id_Statek2, id_Magazyn1, id_Magazyn2, id_Uzytkownik, id_Ladunek) VALUES(51, '1990-01-04 02:00:00', NULL, 1, NULL, NULL, NULL, 1, 1, 51);
INSERT INTO Przeladunek (id_Przeladunek, data, uwagi, czy_aktualne_polozenie, id_Statek1, id_Statek2, id_Magazyn1, id_Magazyn2, id_Uzytkownik, id_Ladunek) VALUES(52, '1990-01-04 07:00:00', NULL, 1, NULL, NULL, NULL, 1, 1, 52);
INSERT INTO Przeladunek (id_Przeladunek, data, uwagi, czy_aktualne_polozenie, id_Statek1, id_Statek2, id_Magazyn1, id_Magazyn2, id_Uzytkownik, id_Ladunek) VALUES(53, '1990-01-04 08:00:00', NULL, 0, NULL, 6, NULL, NULL, 1, 53);
INSERT INTO Przeladunek (id_Przeladunek, data, uwagi, czy_aktualne_polozenie, id_Statek1, id_Statek2, id_Magazyn1, id_Magazyn2, id_Uzytkownik, id_Ladunek) VALUES(54, '1990-01-04 11:00:00', NULL, 1, NULL, NULL, NULL, 1, 1, 54);
INSERT INTO Przeladunek (id_Przeladunek, data, uwagi, czy_aktualne_polozenie, id_Statek1, id_Statek2, id_Magazyn1, id_Magazyn2, id_Uzytkownik, id_Ladunek) VALUES(55, '1990-01-04 13:00:00', NULL, 0, NULL, NULL, NULL, 10, 1, 55);
INSERT INTO Przeladunek (id_Przeladunek, data, uwagi, czy_aktualne_polozenie, id_Statek1, id_Statek2, id_Magazyn1, id_Magazyn2, id_Uzytkownik, id_Ladunek) VALUES(56, '1990-01-04 15:00:00', NULL, 0, NULL, NULL, NULL, 10, 1, 56);
INSERT INTO Przeladunek (id_Przeladunek, data, uwagi, czy_aktualne_polozenie, id_Statek1, id_Statek2, id_Magazyn1, id_Magazyn2, id_Uzytkownik, id_Ladunek) VALUES(57, '1990-01-04 18:00:00', NULL, 1, NULL, NULL, NULL, 3, 1, 57);
INSERT INTO Przeladunek (id_Przeladunek, data, uwagi, czy_aktualne_polozenie, id_Statek1, id_Statek2, id_Magazyn1, id_Magazyn2, id_Uzytkownik, id_Ladunek) VALUES(58, '1990-01-04 19:00:00', NULL, 1, NULL, NULL, NULL, 1, 1, 58);
INSERT INTO Przeladunek (id_Przeladunek, data, uwagi, czy_aktualne_polozenie, id_Statek1, id_Statek2, id_Magazyn1, id_Magazyn2, id_Uzytkownik, id_Ladunek) VALUES(59, '1990-01-04 20:00:00', NULL, 1, NULL, NULL, NULL, 3, 1, 59);
INSERT INTO Przeladunek (id_Przeladunek, data, uwagi, czy_aktualne_polozenie, id_Statek1, id_Statek2, id_Magazyn1, id_Magazyn2, id_Uzytkownik, id_Ladunek) VALUES(60, '1990-01-04 21:00:00', NULL, 0, NULL, 1, NULL, NULL, 1, 60);
INSERT INTO Przeladunek (id_Przeladunek, data, uwagi, czy_aktualne_polozenie, id_Statek1, id_Statek2, id_Magazyn1, id_Magazyn2, id_Uzytkownik, id_Ladunek) VALUES(61, '1990-01-04 23:00:00', NULL, 0, NULL, 1, NULL, NULL, 1, 61);
INSERT INTO Przeladunek (id_Przeladunek, data, uwagi, czy_aktualne_polozenie, id_Statek1, id_Statek2, id_Magazyn1, id_Magazyn2, id_Uzytkownik, id_Ladunek) VALUES(62, '1990-01-05 00:00:00', NULL, 1, NULL, NULL, NULL, 3, 1, 62);
INSERT INTO Przeladunek (id_Przeladunek, data, uwagi, czy_aktualne_polozenie, id_Statek1, id_Statek2, id_Magazyn1, id_Magazyn2, id_Uzytkownik, id_Ladunek) VALUES(63, '1990-01-05 01:00:00', NULL, 1, NULL, NULL, NULL, 10, 1, 63);
INSERT INTO Przeladunek (id_Przeladunek, data, uwagi, czy_aktualne_polozenie, id_Statek1, id_Statek2, id_Magazyn1, id_Magazyn2, id_Uzytkownik, id_Ladunek) VALUES(64, '1990-01-05 10:00:00', NULL, 1, NULL, NULL, 3, NULL, 1, 2);
INSERT INTO Przeladunek (id_Przeladunek, data, uwagi, czy_aktualne_polozenie, id_Statek1, id_Statek2, id_Magazyn1, id_Magazyn2, id_Uzytkownik, id_Ladunek) VALUES(65, '1990-01-05 14:00:00', NULL, 1, NULL, NULL, 2, NULL, 1, 4);
INSERT INTO Przeladunek (id_Przeladunek, data, uwagi, czy_aktualne_polozenie, id_Statek1, id_Statek2, id_Magazyn1, id_Magazyn2, id_Uzytkownik, id_Ladunek) VALUES(66, '1990-01-05 20:00:00', NULL, 1, NULL, NULL, 10, NULL, 1, 6);
INSERT INTO Przeladunek (id_Przeladunek, data, uwagi, czy_aktualne_polozenie, id_Statek1, id_Statek2, id_Magazyn1, id_Magazyn2, id_Uzytkownik, id_Ladunek) VALUES(67, '1990-01-05 22:00:00', NULL, 1, NULL, NULL, 12, NULL, 1, 7);
INSERT INTO Przeladunek (id_Przeladunek, data, uwagi, czy_aktualne_polozenie, id_Statek1, id_Statek2, id_Magazyn1, id_Magazyn2, id_Uzytkownik, id_Ladunek) VALUES(68, '1990-01-06 01:00:00', NULL, 1, NULL, NULL, 2, NULL, 1, 14);
INSERT INTO Przeladunek (id_Przeladunek, data, uwagi, czy_aktualne_polozenie, id_Statek1, id_Statek2, id_Magazyn1, id_Magazyn2, id_Uzytkownik, id_Ladunek) VALUES(69, '1990-01-06 04:00:00', NULL, 1, 19, NULL, NULL, NULL, 1, 15);
INSERT INTO Przeladunek (id_Przeladunek, data, uwagi, czy_aktualne_polozenie, id_Statek1, id_Statek2, id_Magazyn1, id_Magazyn2, id_Uzytkownik, id_Ladunek) VALUES(70, '1990-01-06 05:00:00', NULL, 1, 11, NULL, NULL, NULL, 1, 16);
INSERT INTO Przeladunek (id_Przeladunek, data, uwagi, czy_aktualne_polozenie, id_Statek1, id_Statek2, id_Magazyn1, id_Magazyn2, id_Uzytkownik, id_Ladunek) VALUES(71, '1990-01-06 07:00:00', NULL, 1, 13, NULL, NULL, NULL, 1, 47);
INSERT INTO Przeladunek (id_Przeladunek, data, uwagi, czy_aktualne_polozenie, id_Statek1, id_Statek2, id_Magazyn1, id_Magazyn2, id_Uzytkownik, id_Ladunek) VALUES(72, '1990-01-06 09:00:00', NULL, 1, NULL, NULL, 1, NULL, 1, 17);
INSERT INTO Przeladunek (id_Przeladunek, data, uwagi, czy_aktualne_polozenie, id_Statek1, id_Statek2, id_Magazyn1, id_Magazyn2, id_Uzytkownik, id_Ladunek) VALUES(73, '1990-01-06 11:00:00', NULL, 1, 12, NULL, NULL, NULL, 1, 19);
INSERT INTO Przeladunek (id_Przeladunek, data, uwagi, czy_aktualne_polozenie, id_Statek1, id_Statek2, id_Magazyn1, id_Magazyn2, id_Uzytkownik, id_Ladunek) VALUES(74, '1990-01-06 13:00:00', NULL, 1, 20, NULL, NULL, NULL, 1, 23);
INSERT INTO Przeladunek (id_Przeladunek, data, uwagi, czy_aktualne_polozenie, id_Statek1, id_Statek2, id_Magazyn1, id_Magazyn2, id_Uzytkownik, id_Ladunek) VALUES(75, '1990-01-06 18:00:00', NULL, 1, NULL, NULL, 2, NULL, 1, 27);
INSERT INTO Przeladunek (id_Przeladunek, data, uwagi, czy_aktualne_polozenie, id_Statek1, id_Statek2, id_Magazyn1, id_Magazyn2, id_Uzytkownik, id_Ladunek) VALUES(76, '1990-01-06 19:00:00', NULL, 0, NULL, 2, NULL, NULL, 1, 64);
INSERT INTO Przeladunek (id_Przeladunek, data, uwagi, czy_aktualne_polozenie, id_Statek1, id_Statek2, id_Magazyn1, id_Magazyn2, id_Uzytkownik, id_Ladunek) VALUES(77, '1990-01-06 20:00:00', NULL, 1, NULL, NULL, NULL, 1, 1, 65);
INSERT INTO Przeladunek (id_Przeladunek, data, uwagi, czy_aktualne_polozenie, id_Statek1, id_Statek2, id_Magazyn1, id_Magazyn2, id_Uzytkownik, id_Ladunek) VALUES(78, '1990-01-06 23:00:00', NULL, 1, 12, NULL, NULL, NULL, 1, 29);
INSERT INTO Przeladunek (id_Przeladunek, data, uwagi, czy_aktualne_polozenie, id_Statek1, id_Statek2, id_Magazyn1, id_Magazyn2, id_Uzytkownik, id_Ladunek) VALUES(79, '1990-01-07 00:00:00', NULL, 1, 7, NULL, NULL, NULL, 1, 30);
INSERT INTO Przeladunek (id_Przeladunek, data, uwagi, czy_aktualne_polozenie, id_Statek1, id_Statek2, id_Magazyn1, id_Magazyn2, id_Uzytkownik, id_Ladunek) VALUES(80, '1990-01-07 02:00:00', NULL, 1, NULL, NULL, 3, NULL, 1, 31);
INSERT INTO Przeladunek (id_Przeladunek, data, uwagi, czy_aktualne_polozenie, id_Statek1, id_Statek2, id_Magazyn1, id_Magazyn2, id_Uzytkownik, id_Ladunek) VALUES(81, '1990-01-07 05:00:00', NULL, 1, NULL, NULL, NULL, 12, 1, 66);
INSERT INTO Przeladunek (id_Przeladunek, data, uwagi, czy_aktualne_polozenie, id_Statek1, id_Statek2, id_Magazyn1, id_Magazyn2, id_Uzytkownik, id_Ladunek) VALUES(82, '1990-01-07 06:00:00', NULL, 1, 19, NULL, NULL, NULL, 1, 32);
INSERT INTO Przeladunek (id_Przeladunek, data, uwagi, czy_aktualne_polozenie, id_Statek1, id_Statek2, id_Magazyn1, id_Magazyn2, id_Uzytkownik, id_Ladunek) VALUES(83, '1990-01-07 08:00:00', NULL, 1, NULL, NULL, NULL, 2, 1, 67);
INSERT INTO Przeladunek (id_Przeladunek, data, uwagi, czy_aktualne_polozenie, id_Statek1, id_Statek2, id_Magazyn1, id_Magazyn2, id_Uzytkownik, id_Ladunek) VALUES(84, '1990-01-07 10:00:00', NULL, 0, NULL, 2, NULL, NULL, 1, 68);
INSERT INTO Przeladunek (id_Przeladunek, data, uwagi, czy_aktualne_polozenie, id_Statek1, id_Statek2, id_Magazyn1, id_Magazyn2, id_Uzytkownik, id_Ladunek) VALUES(85, '1990-01-07 13:00:00', NULL, 1, 19, NULL, NULL, NULL, 1, 34);
INSERT INTO Przeladunek (id_Przeladunek, data, uwagi, czy_aktualne_polozenie, id_Statek1, id_Statek2, id_Magazyn1, id_Magazyn2, id_Uzytkownik, id_Ladunek) VALUES(86, '1990-01-07 16:00:00', NULL, 1, 7, NULL, NULL, NULL, 1, 37);
INSERT INTO Przeladunek (id_Przeladunek, data, uwagi, czy_aktualne_polozenie, id_Statek1, id_Statek2, id_Magazyn1, id_Magazyn2, id_Uzytkownik, id_Ladunek) VALUES(87, '1990-01-07 20:00:00', NULL, 1, 6, NULL, NULL, NULL, 1, 39);
INSERT INTO Przeladunek (id_Przeladunek, data, uwagi, czy_aktualne_polozenie, id_Statek1, id_Statek2, id_Magazyn1, id_Magazyn2, id_Uzytkownik, id_Ladunek) VALUES(88, '1990-01-07 21:00:00', NULL, 1, 13, NULL, NULL, NULL, 1, 40);
INSERT INTO Przeladunek (id_Przeladunek, data, uwagi, czy_aktualne_polozenie, id_Statek1, id_Statek2, id_Magazyn1, id_Magazyn2, id_Uzytkownik, id_Ladunek) VALUES(89, '1990-01-07 23:00:00', NULL, 1, 11, NULL, NULL, NULL, 1, 41);
INSERT INTO Przeladunek (id_Przeladunek, data, uwagi, czy_aktualne_polozenie, id_Statek1, id_Statek2, id_Magazyn1, id_Magazyn2, id_Uzytkownik, id_Ladunek) VALUES(90, '1990-01-08 00:00:00', NULL, 1, NULL, NULL, 3, NULL, 1, 42);
INSERT INTO Przeladunek (id_Przeladunek, data, uwagi, czy_aktualne_polozenie, id_Statek1, id_Statek2, id_Magazyn1, id_Magazyn2, id_Uzytkownik, id_Ladunek) VALUES(91, '1990-01-08 04:00:00', NULL, 1, 6, NULL, NULL, NULL, 1, 44);
INSERT INTO Przeladunek (id_Przeladunek, data, uwagi, czy_aktualne_polozenie, id_Statek1, id_Statek2, id_Magazyn1, id_Magazyn2, id_Uzytkownik, id_Ladunek) VALUES(92, '1990-01-08 05:00:00', NULL, 0, NULL, 15, NULL, NULL, 1, 69);
INSERT INTO Przeladunek (id_Przeladunek, data, uwagi, czy_aktualne_polozenie, id_Statek1, id_Statek2, id_Magazyn1, id_Magazyn2, id_Uzytkownik, id_Ladunek) VALUES(93, '1990-01-08 07:00:00', NULL, 1, NULL, NULL, NULL, 2, 1, 70);
INSERT INTO Przeladunek (id_Przeladunek, data, uwagi, czy_aktualne_polozenie, id_Statek1, id_Statek2, id_Magazyn1, id_Magazyn2, id_Uzytkownik, id_Ladunek) VALUES(94, '1990-01-08 09:00:00', NULL, 1, NULL, NULL, 3, NULL, 1, 48);
INSERT INTO Przeladunek (id_Przeladunek, data, uwagi, czy_aktualne_polozenie, id_Statek1, id_Statek2, id_Magazyn1, id_Magazyn2, id_Uzytkownik, id_Ladunek) VALUES(95, '1990-01-08 10:00:00', NULL, 1, NULL, NULL, 1, NULL, 1, 49);
INSERT INTO Przeladunek (id_Przeladunek, data, uwagi, czy_aktualne_polozenie, id_Statek1, id_Statek2, id_Magazyn1, id_Magazyn2, id_Uzytkownik, id_Ladunek) VALUES(96, '1990-01-08 11:00:00', NULL, 0, NULL, 15, NULL, NULL, 1, 71);
INSERT INTO Przeladunek (id_Przeladunek, data, uwagi, czy_aktualne_polozenie, id_Statek1, id_Statek2, id_Magazyn1, id_Magazyn2, id_Uzytkownik, id_Ladunek) VALUES(97, '1990-01-08 17:00:00', NULL, 1, 6, NULL, NULL, NULL, 1, 53);
INSERT INTO Przeladunek (id_Przeladunek, data, uwagi, czy_aktualne_polozenie, id_Statek1, id_Statek2, id_Magazyn1, id_Magazyn2, id_Uzytkownik, id_Ladunek) VALUES(98, '1990-01-08 20:00:00', NULL, 0, NULL, NULL, NULL, 12, 1, 72);
INSERT INTO Przeladunek (id_Przeladunek, data, uwagi, czy_aktualne_polozenie, id_Statek1, id_Statek2, id_Magazyn1, id_Magazyn2, id_Uzytkownik, id_Ladunek) VALUES(99, '1990-01-08 22:00:00', NULL, 1, NULL, NULL, 10, NULL, 1, 55);
INSERT INTO Przeladunek (id_Przeladunek, data, uwagi, czy_aktualne_polozenie, id_Statek1, id_Statek2, id_Magazyn1, id_Magazyn2, id_Uzytkownik, id_Ladunek) VALUES(100, '1990-01-09 00:00:00', NULL, 1, NULL, NULL, 10, NULL, 1, 56);
INSERT INTO Przeladunek (id_Przeladunek, data, uwagi, czy_aktualne_polozenie, id_Statek1, id_Statek2, id_Magazyn1, id_Magazyn2, id_Uzytkownik, id_Ladunek) VALUES(101, '1990-01-09 06:00:00', NULL, 1, 1, NULL, NULL, NULL, 1, 60);
INSERT INTO Przeladunek (id_Przeladunek, data, uwagi, czy_aktualne_polozenie, id_Statek1, id_Statek2, id_Magazyn1, id_Magazyn2, id_Uzytkownik, id_Ladunek) VALUES(102, '1990-01-09 07:00:00', NULL, 1, 1, NULL, NULL, NULL, 1, 61);
INSERT INTO Przeladunek (id_Przeladunek, data, uwagi, czy_aktualne_polozenie, id_Statek1, id_Statek2, id_Magazyn1, id_Magazyn2, id_Uzytkownik, id_Ladunek) VALUES(103, '1990-01-09 09:00:00', NULL, 0, NULL, 20, NULL, NULL, 1, 73);
INSERT INTO Przeladunek (id_Przeladunek, data, uwagi, czy_aktualne_polozenie, id_Statek1, id_Statek2, id_Magazyn1, id_Magazyn2, id_Uzytkownik, id_Ladunek) VALUES(104, '1990-01-09 12:00:00', NULL, 1, 2, NULL, NULL, NULL, 1, 64);
INSERT INTO Przeladunek (id_Przeladunek, data, uwagi, czy_aktualne_polozenie, id_Statek1, id_Statek2, id_Magazyn1, id_Magazyn2, id_Uzytkownik, id_Ladunek) VALUES(105, '1990-01-09 15:00:00', NULL, 1, 2, NULL, NULL, NULL, 1, 68);
INSERT INTO Przeladunek (id_Przeladunek, data, uwagi, czy_aktualne_polozenie, id_Statek1, id_Statek2, id_Magazyn1, id_Magazyn2, id_Uzytkownik, id_Ladunek) VALUES(106, '1990-01-09 16:00:00', NULL, 1, 15, NULL, NULL, NULL, 1, 69);
INSERT INTO Przeladunek (id_Przeladunek, data, uwagi, czy_aktualne_polozenie, id_Statek1, id_Statek2, id_Magazyn1, id_Magazyn2, id_Uzytkownik, id_Ladunek) VALUES(107, '1990-01-09 20:00:00', NULL, 1, 15, NULL, NULL, NULL, 1, 71);
INSERT INTO Przeladunek (id_Przeladunek, data, uwagi, czy_aktualne_polozenie, id_Statek1, id_Statek2, id_Magazyn1, id_Magazyn2, id_Uzytkownik, id_Ladunek) VALUES(108, '1990-01-09 22:00:00', NULL, 1, NULL, NULL, 12, NULL, 1, 72);
INSERT INTO Przeladunek (id_Przeladunek, data, uwagi, czy_aktualne_polozenie, id_Statek1, id_Statek2, id_Magazyn1, id_Magazyn2, id_Uzytkownik, id_Ladunek) VALUES(109, '1990-01-09 23:00:00', NULL, 1, 20, NULL, NULL, NULL, 1, 73);
INSERT INTO Przeladunek (id_Przeladunek, data, uwagi, czy_aktualne_polozenie, id_Statek1, id_Statek2, id_Magazyn1, id_Magazyn2, id_Uzytkownik, id_Ladunek) VALUES(110, '1990-01-10 00:00:00', NULL, 0, NULL, NULL, NULL, 3, 1, 74);
INSERT INTO Przeladunek (id_Przeladunek, data, uwagi, czy_aktualne_polozenie, id_Statek1, id_Statek2, id_Magazyn1, id_Magazyn2, id_Uzytkownik, id_Ladunek) VALUES(111, '1990-01-10 02:00:00', NULL, 0, NULL, NULL, NULL, 3, 1, 75);
INSERT INTO Przeladunek (id_Przeladunek, data, uwagi, czy_aktualne_polozenie, id_Statek1, id_Statek2, id_Magazyn1, id_Magazyn2, id_Uzytkownik, id_Ladunek) VALUES(112, '1990-01-10 04:00:00', NULL, 1, NULL, NULL, 3, NULL, 1, 74);
INSERT INTO Przeladunek (id_Przeladunek, data, uwagi, czy_aktualne_polozenie, id_Statek1, id_Statek2, id_Magazyn1, id_Magazyn2, id_Uzytkownik, id_Ladunek) VALUES(113, '1990-01-10 05:00:00', NULL, 1, NULL, NULL, 3, NULL, 1, 75);
INSERT INTO Przeladunek (id_Przeladunek, data, uwagi, czy_aktualne_polozenie, id_Statek1, id_Statek2, id_Magazyn1, id_Magazyn2, id_Uzytkownik, id_Ladunek) VALUES(114, '1990-01-10 06:00:00', NULL, 0, NULL, NULL, NULL, 1, 1, 76);
INSERT INTO Przeladunek (id_Przeladunek, data, uwagi, czy_aktualne_polozenie, id_Statek1, id_Statek2, id_Magazyn1, id_Magazyn2, id_Uzytkownik, id_Ladunek) VALUES(115, '1990-01-10 09:00:00', NULL, 1, NULL, NULL, 1, NULL, 1, 76);
INSERT INTO Przeladunek (id_Przeladunek, data, uwagi, czy_aktualne_polozenie, id_Statek1, id_Statek2, id_Magazyn1, id_Magazyn2, id_Uzytkownik, id_Ladunek) VALUES(116, '1990-01-10 12:00:00', NULL, 0, NULL, NULL, NULL, 10, 1, 77);
INSERT INTO Przeladunek (id_Przeladunek, data, uwagi, czy_aktualne_polozenie, id_Statek1, id_Statek2, id_Magazyn1, id_Magazyn2, id_Uzytkownik, id_Ladunek) VALUES(117, '1990-01-10 14:00:00', NULL, 1, NULL, NULL, NULL, 3, 1, 78);
INSERT INTO Przeladunek (id_Przeladunek, data, uwagi, czy_aktualne_polozenie, id_Statek1, id_Statek2, id_Magazyn1, id_Magazyn2, id_Uzytkownik, id_Ladunek) VALUES(118, '1990-01-10 15:00:00', NULL, 1, NULL, NULL, 10, NULL, 1, 77);
INSERT INTO Przeladunek (id_Przeladunek, data, uwagi, czy_aktualne_polozenie, id_Statek1, id_Statek2, id_Magazyn1, id_Magazyn2, id_Uzytkownik, id_Ladunek) VALUES(119, '1990-01-10 17:00:00', NULL, 1, NULL, NULL, NULL, 1, 1, 79);
INSERT INTO Przeladunek (id_Przeladunek, data, uwagi, czy_aktualne_polozenie, id_Statek1, id_Statek2, id_Magazyn1, id_Magazyn2, id_Uzytkownik, id_Ladunek) VALUES(120, '1990-01-10 22:00:00', NULL, 1, NULL, NULL, NULL, 1, 1, 80);
INSERT INTO Przeladunek (id_Przeladunek, data, uwagi, czy_aktualne_polozenie, id_Statek1, id_Statek2, id_Magazyn1, id_Magazyn2, id_Uzytkownik, id_Ladunek) VALUES(121, '1990-01-11 01:00:00', NULL, 0, NULL, NULL, NULL, 10, 1, 81);
INSERT INTO Przeladunek (id_Przeladunek, data, uwagi, czy_aktualne_polozenie, id_Statek1, id_Statek2, id_Magazyn1, id_Magazyn2, id_Uzytkownik, id_Ladunek) VALUES(122, '1990-01-11 03:00:00', NULL, 1, NULL, NULL, NULL, 3, 1, 82);
INSERT INTO Przeladunek (id_Przeladunek, data, uwagi, czy_aktualne_polozenie, id_Statek1, id_Statek2, id_Magazyn1, id_Magazyn2, id_Uzytkownik, id_Ladunek) VALUES(123, '1990-01-11 07:00:00', NULL, 1, NULL, NULL, 10, NULL, 1, 81);
INSERT INTO Przeladunek (id_Przeladunek, data, uwagi, czy_aktualne_polozenie, id_Statek1, id_Statek2, id_Magazyn1, id_Magazyn2, id_Uzytkownik, id_Ladunek) VALUES(124, '1990-01-11 13:00:00', NULL, 0, NULL, NULL, NULL, 1, 1, 83);
INSERT INTO Przeladunek (id_Przeladunek, data, uwagi, czy_aktualne_polozenie, id_Statek1, id_Statek2, id_Magazyn1, id_Magazyn2, id_Uzytkownik, id_Ladunek) VALUES(125, '1990-01-11 14:00:00', NULL, 1, NULL, NULL, 1, NULL, 1, 83);
INSERT INTO Przeladunek (id_Przeladunek, data, uwagi, czy_aktualne_polozenie, id_Statek1, id_Statek2, id_Magazyn1, id_Magazyn2, id_Uzytkownik, id_Ladunek) VALUES(126, '1990-01-11 15:00:00', NULL, 0, NULL, NULL, NULL, 12, 1, 84);
INSERT INTO Przeladunek (id_Przeladunek, data, uwagi, czy_aktualne_polozenie, id_Statek1, id_Statek2, id_Magazyn1, id_Magazyn2, id_Uzytkownik, id_Ladunek) VALUES(127, '1990-01-11 17:00:00', NULL, 1, NULL, NULL, 12, NULL, 1, 84);
INSERT INTO Przeladunek (id_Przeladunek, data, uwagi, czy_aktualne_polozenie, id_Statek1, id_Statek2, id_Magazyn1, id_Magazyn2, id_Uzytkownik, id_Ladunek) VALUES(128, '1990-01-11 23:00:00', NULL, 0, NULL, NULL, NULL, 10, 1, 85);
INSERT INTO Przeladunek (id_Przeladunek, data, uwagi, czy_aktualne_polozenie, id_Statek1, id_Statek2, id_Magazyn1, id_Magazyn2, id_Uzytkownik, id_Ladunek) VALUES(129, '1990-01-12 00:00:00', NULL, 1, NULL, NULL, 10, NULL, 1, 85);
INSERT INTO Przeladunek (id_Przeladunek, data, uwagi, czy_aktualne_polozenie, id_Statek1, id_Statek2, id_Magazyn1, id_Magazyn2, id_Uzytkownik, id_Ladunek) VALUES(130, '1990-01-12 08:00:00', NULL, 1, NULL, NULL, NULL, 12, 1, 86);
INSERT INTO Przeladunek (id_Przeladunek, data, uwagi, czy_aktualne_polozenie, id_Statek1, id_Statek2, id_Magazyn1, id_Magazyn2, id_Uzytkownik, id_Ladunek) VALUES(131, '1990-01-12 21:00:00', NULL, 0, NULL, 1, NULL, NULL, 1, 87);
INSERT INTO Przeladunek (id_Przeladunek, data, uwagi, czy_aktualne_polozenie, id_Statek1, id_Statek2, id_Magazyn1, id_Magazyn2, id_Uzytkownik, id_Ladunek) VALUES(132, '1990-01-12 22:00:00', NULL, 1, 1, NULL, NULL, NULL, 1, 87);
INSERT INTO Przeladunek (id_Przeladunek, data, uwagi, czy_aktualne_polozenie, id_Statek1, id_Statek2, id_Magazyn1, id_Magazyn2, id_Uzytkownik, id_Ladunek) VALUES(133, '1990-01-13 01:00:00', NULL, 0, NULL, NULL, NULL, 12, 1, 88);
INSERT INTO Przeladunek (id_Przeladunek, data, uwagi, czy_aktualne_polozenie, id_Statek1, id_Statek2, id_Magazyn1, id_Magazyn2, id_Uzytkownik, id_Ladunek) VALUES(134, '1990-01-13 02:00:00', NULL, 1, NULL, NULL, 12, NULL, 1, 88);
INSERT INTO Przeladunek (id_Przeladunek, data, uwagi, czy_aktualne_polozenie, id_Statek1, id_Statek2, id_Magazyn1, id_Magazyn2, id_Uzytkownik, id_Ladunek) VALUES(135, '1990-01-13 05:00:00', NULL, 0, NULL, NULL, NULL, 3, 1, 89);
INSERT INTO Przeladunek (id_Przeladunek, data, uwagi, czy_aktualne_polozenie, id_Statek1, id_Statek2, id_Magazyn1, id_Magazyn2, id_Uzytkownik, id_Ladunek) VALUES(136, '1990-01-13 08:00:00', NULL, 1, NULL, NULL, 3, NULL, 1, 89);
INSERT INTO Przeladunek (id_Przeladunek, data, uwagi, czy_aktualne_polozenie, id_Statek1, id_Statek2, id_Magazyn1, id_Magazyn2, id_Uzytkownik, id_Ladunek) VALUES(137, '1990-01-13 17:00:00', NULL, 0, NULL, NULL, NULL, 1, 1, 90);
INSERT INTO Przeladunek (id_Przeladunek, data, uwagi, czy_aktualne_polozenie, id_Statek1, id_Statek2, id_Magazyn1, id_Magazyn2, id_Uzytkownik, id_Ladunek) VALUES(138, '1990-01-13 20:00:00', NULL, 1, NULL, NULL, 1, NULL, 1, 90);
INSERT INTO Przeladunek (id_Przeladunek, data, uwagi, czy_aktualne_polozenie, id_Statek1, id_Statek2, id_Magazyn1, id_Magazyn2, id_Uzytkownik, id_Ladunek) VALUES(139, '1990-01-14 08:00:00', NULL, 1, NULL, NULL, NULL, 10, 1, 91);
INSERT INTO Przeladunek (id_Przeladunek, data, uwagi, czy_aktualne_polozenie, id_Statek1, id_Statek2, id_Magazyn1, id_Magazyn2, id_Uzytkownik, id_Ladunek) VALUES(140, '1990-01-14 13:00:00', NULL, 1, NULL, NULL, NULL, 3, 1, 92);
INSERT INTO Przeladunek (id_Przeladunek, data, uwagi, czy_aktualne_polozenie, id_Statek1, id_Statek2, id_Magazyn1, id_Magazyn2, id_Uzytkownik, id_Ladunek) VALUES(141, '1990-01-14 14:00:00', NULL, 0, NULL, 4, NULL, NULL, 1, 93);
INSERT INTO Przeladunek (id_Przeladunek, data, uwagi, czy_aktualne_polozenie, id_Statek1, id_Statek2, id_Magazyn1, id_Magazyn2, id_Uzytkownik, id_Ladunek) VALUES(142, '1990-01-14 16:00:00', NULL, 1, 4, NULL, NULL, NULL, 1, 93);
INSERT INTO Przeladunek (id_Przeladunek, data, uwagi, czy_aktualne_polozenie, id_Statek1, id_Statek2, id_Magazyn1, id_Magazyn2, id_Uzytkownik, id_Ladunek) VALUES(143, '1990-01-14 17:00:00', NULL, 0, NULL, 4, NULL, NULL, 1, 94);
INSERT INTO Przeladunek (id_Przeladunek, data, uwagi, czy_aktualne_polozenie, id_Statek1, id_Statek2, id_Magazyn1, id_Magazyn2, id_Uzytkownik, id_Ladunek) VALUES(144, '1990-01-14 19:00:00', NULL, 1, NULL, NULL, NULL, 3, 1, 95);
INSERT INTO Przeladunek (id_Przeladunek, data, uwagi, czy_aktualne_polozenie, id_Statek1, id_Statek2, id_Magazyn1, id_Magazyn2, id_Uzytkownik, id_Ladunek) VALUES(145, '1990-01-14 22:00:00', NULL, 1, NULL, NULL, NULL, 1, 1, 96);
INSERT INTO Przeladunek (id_Przeladunek, data, uwagi, czy_aktualne_polozenie, id_Statek1, id_Statek2, id_Magazyn1, id_Magazyn2, id_Uzytkownik, id_Ladunek) VALUES(146, '1990-01-15 00:00:00', NULL, 1, 4, NULL, NULL, NULL, 1, 94);
INSERT INTO Przeladunek (id_Przeladunek, data, uwagi, czy_aktualne_polozenie, id_Statek1, id_Statek2, id_Magazyn1, id_Magazyn2, id_Uzytkownik, id_Ladunek) VALUES(147, '1990-01-15 04:00:00', NULL, 1, NULL, NULL, NULL, 1, 1, 97);
INSERT INTO Przeladunek (id_Przeladunek, data, uwagi, czy_aktualne_polozenie, id_Statek1, id_Statek2, id_Magazyn1, id_Magazyn2, id_Uzytkownik, id_Ladunek) VALUES(148, '1990-01-15 06:00:00', NULL, 0, NULL, NULL, NULL, 3, 1, 98);
INSERT INTO Przeladunek (id_Przeladunek, data, uwagi, czy_aktualne_polozenie, id_Statek1, id_Statek2, id_Magazyn1, id_Magazyn2, id_Uzytkownik, id_Ladunek) VALUES(149, '1990-01-15 07:00:00', NULL, 1, NULL, NULL, 3, NULL, 1, 98);
INSERT INTO Przeladunek (id_Przeladunek, data, uwagi, czy_aktualne_polozenie, id_Statek1, id_Statek2, id_Magazyn1, id_Magazyn2, id_Uzytkownik, id_Ladunek) VALUES(150, '1990-01-15 11:00:00', NULL, 0, NULL, 19, NULL, NULL, 1, 99);
INSERT INTO Przeladunek (id_Przeladunek, data, uwagi, czy_aktualne_polozenie, id_Statek1, id_Statek2, id_Magazyn1, id_Magazyn2, id_Uzytkownik, id_Ladunek) VALUES(151, '1990-01-15 15:00:00', NULL, 1, 19, NULL, NULL, NULL, 1, 99);
INSERT INTO Przeladunek (id_Przeladunek, data, uwagi, czy_aktualne_polozenie, id_Statek1, id_Statek2, id_Magazyn1, id_Magazyn2, id_Uzytkownik, id_Ladunek) VALUES(152, '1990-01-15 19:00:00', NULL, 0, NULL, NULL, NULL, 12, 1, 100);
INSERT INTO Przeladunek (id_Przeladunek, data, uwagi, czy_aktualne_polozenie, id_Statek1, id_Statek2, id_Magazyn1, id_Magazyn2, id_Uzytkownik, id_Ladunek) VALUES(153, '1990-01-15 20:00:00', NULL, 1, NULL, NULL, 12, NULL, 1, 100);
INSERT INTO Przeladunek (id_Przeladunek, data, uwagi, czy_aktualne_polozenie, id_Statek1, id_Statek2, id_Magazyn1, id_Magazyn2, id_Uzytkownik, id_Ladunek) VALUES(154, '1990-01-15 22:00:00', NULL, 1, NULL, NULL, NULL, 10, 1, 101);
INSERT INTO Przeladunek (id_Przeladunek, data, uwagi, czy_aktualne_polozenie, id_Statek1, id_Statek2, id_Magazyn1, id_Magazyn2, id_Uzytkownik, id_Ladunek) VALUES(155, '1990-01-16 05:00:00', NULL, 0, NULL, 19, NULL, NULL, 1, 102);
INSERT INTO Przeladunek (id_Przeladunek, data, uwagi, czy_aktualne_polozenie, id_Statek1, id_Statek2, id_Magazyn1, id_Magazyn2, id_Uzytkownik, id_Ladunek) VALUES(156, '1990-01-16 06:00:00', NULL, 0, NULL, NULL, NULL, 3, 1, 103);
INSERT INTO Przeladunek (id_Przeladunek, data, uwagi, czy_aktualne_polozenie, id_Statek1, id_Statek2, id_Magazyn1, id_Magazyn2, id_Uzytkownik, id_Ladunek) VALUES(157, '1990-01-16 08:00:00', NULL, 1, NULL, NULL, 3, NULL, 1, 103);
INSERT INTO Przeladunek (id_Przeladunek, data, uwagi, czy_aktualne_polozenie, id_Statek1, id_Statek2, id_Magazyn1, id_Magazyn2, id_Uzytkownik, id_Ladunek) VALUES(158, '1990-01-16 10:00:00', NULL, 1, NULL, NULL, NULL, 3, 1, 104);
INSERT INTO Przeladunek (id_Przeladunek, data, uwagi, czy_aktualne_polozenie, id_Statek1, id_Statek2, id_Magazyn1, id_Magazyn2, id_Uzytkownik, id_Ladunek) VALUES(159, '1990-01-16 11:00:00', NULL, 0, NULL, NULL, NULL, 1, 1, 105);
INSERT INTO Przeladunek (id_Przeladunek, data, uwagi, czy_aktualne_polozenie, id_Statek1, id_Statek2, id_Magazyn1, id_Magazyn2, id_Uzytkownik, id_Ladunek) VALUES(160, '1990-01-16 12:00:00', NULL, 1, 19, NULL, NULL, NULL, 1, 102);
INSERT INTO Przeladunek (id_Przeladunek, data, uwagi, czy_aktualne_polozenie, id_Statek1, id_Statek2, id_Magazyn1, id_Magazyn2, id_Uzytkownik, id_Ladunek) VALUES(161, '1990-01-16 13:00:00', NULL, 0, NULL, 16, NULL, NULL, 1, 106);
INSERT INTO Przeladunek (id_Przeladunek, data, uwagi, czy_aktualne_polozenie, id_Statek1, id_Statek2, id_Magazyn1, id_Magazyn2, id_Uzytkownik, id_Ladunek) VALUES(162, '1990-01-16 14:00:00', NULL, 1, NULL, NULL, 1, NULL, 1, 105);
INSERT INTO Przeladunek (id_Przeladunek, data, uwagi, czy_aktualne_polozenie, id_Statek1, id_Statek2, id_Magazyn1, id_Magazyn2, id_Uzytkownik, id_Ladunek) VALUES(163, '1990-01-16 16:00:00', NULL, 1, 16, NULL, NULL, NULL, 1, 106);
INSERT INTO Przeladunek (id_Przeladunek, data, uwagi, czy_aktualne_polozenie, id_Statek1, id_Statek2, id_Magazyn1, id_Magazyn2, id_Uzytkownik, id_Ladunek) VALUES(164, '1990-01-17 03:00:00', NULL, 0, NULL, 9, NULL, NULL, 1, 107);
INSERT INTO Przeladunek (id_Przeladunek, data, uwagi, czy_aktualne_polozenie, id_Statek1, id_Statek2, id_Magazyn1, id_Magazyn2, id_Uzytkownik, id_Ladunek) VALUES(165, '1990-01-17 06:00:00', NULL, 1, 9, NULL, NULL, NULL, 1, 107);
INSERT INTO Przeladunek (id_Przeladunek, data, uwagi, czy_aktualne_polozenie, id_Statek1, id_Statek2, id_Magazyn1, id_Magazyn2, id_Uzytkownik, id_Ladunek) VALUES(166, '1990-01-17 20:00:00', NULL, 1, NULL, NULL, NULL, 1, 1, 108);
INSERT INTO Przeladunek (id_Przeladunek, data, uwagi, czy_aktualne_polozenie, id_Statek1, id_Statek2, id_Magazyn1, id_Magazyn2, id_Uzytkownik, id_Ladunek) VALUES(167, '1990-01-18 02:00:00', NULL, 0, NULL, NULL, NULL, 3, 1, 109);
INSERT INTO Przeladunek (id_Przeladunek, data, uwagi, czy_aktualne_polozenie, id_Statek1, id_Statek2, id_Magazyn1, id_Magazyn2, id_Uzytkownik, id_Ladunek) VALUES(168, '1990-01-18 06:00:00', NULL, 1, NULL, NULL, 3, NULL, 1, 109);
INSERT INTO Przeladunek (id_Przeladunek, data, uwagi, czy_aktualne_polozenie, id_Statek1, id_Statek2, id_Magazyn1, id_Magazyn2, id_Uzytkownik, id_Ladunek) VALUES(169, '1990-01-18 10:00:00', NULL, 0, NULL, 9, NULL, NULL, 1, 110);
INSERT INTO Przeladunek (id_Przeladunek, data, uwagi, czy_aktualne_polozenie, id_Statek1, id_Statek2, id_Magazyn1, id_Magazyn2, id_Uzytkownik, id_Ladunek) VALUES(170, '1990-01-18 13:00:00', NULL, 1, 9, NULL, NULL, NULL, 1, 110);
INSERT INTO Przeladunek (id_Przeladunek, data, uwagi, czy_aktualne_polozenie, id_Statek1, id_Statek2, id_Magazyn1, id_Magazyn2, id_Uzytkownik, id_Ladunek) VALUES(171, '1990-01-18 14:00:00', NULL, 1, NULL, NULL, NULL, 3, 1, 111);
INSERT INTO Przeladunek (id_Przeladunek, data, uwagi, czy_aktualne_polozenie, id_Statek1, id_Statek2, id_Magazyn1, id_Magazyn2, id_Uzytkownik, id_Ladunek) VALUES(172, '1990-01-18 21:00:00', NULL, 0, NULL, 1, NULL, NULL, 1, 112);
INSERT INTO Przeladunek (id_Przeladunek, data, uwagi, czy_aktualne_polozenie, id_Statek1, id_Statek2, id_Magazyn1, id_Magazyn2, id_Uzytkownik, id_Ladunek) VALUES(173, '1990-01-19 00:00:00', NULL, 1, 1, NULL, NULL, NULL, 1, 112);
INSERT INTO Przeladunek (id_Przeladunek, data, uwagi, czy_aktualne_polozenie, id_Statek1, id_Statek2, id_Magazyn1, id_Magazyn2, id_Uzytkownik, id_Ladunek) VALUES(174, '1990-01-19 01:00:00', NULL, 0, NULL, NULL, NULL, 10, 1, 113);
INSERT INTO Przeladunek (id_Przeladunek, data, uwagi, czy_aktualne_polozenie, id_Statek1, id_Statek2, id_Magazyn1, id_Magazyn2, id_Uzytkownik, id_Ladunek) VALUES(175, '1990-01-19 06:00:00', NULL, 1, NULL, NULL, NULL, 3, 1, 114);
INSERT INTO Przeladunek (id_Przeladunek, data, uwagi, czy_aktualne_polozenie, id_Statek1, id_Statek2, id_Magazyn1, id_Magazyn2, id_Uzytkownik, id_Ladunek) VALUES(176, '1990-01-19 08:00:00', NULL, 0, NULL, NULL, NULL, 10, 1, 115);
INSERT INTO Przeladunek (id_Przeladunek, data, uwagi, czy_aktualne_polozenie, id_Statek1, id_Statek2, id_Magazyn1, id_Magazyn2, id_Uzytkownik, id_Ladunek) VALUES(177, '1990-01-19 11:00:00', NULL, 1, NULL, NULL, 10, NULL, 1, 113);
INSERT INTO Przeladunek (id_Przeladunek, data, uwagi, czy_aktualne_polozenie, id_Statek1, id_Statek2, id_Magazyn1, id_Magazyn2, id_Uzytkownik, id_Ladunek) VALUES(178, '1990-01-19 13:00:00', NULL, 1, NULL, NULL, 10, NULL, 1, 115);
INSERT INTO Przeladunek (id_Przeladunek, data, uwagi, czy_aktualne_polozenie, id_Statek1, id_Statek2, id_Magazyn1, id_Magazyn2, id_Uzytkownik, id_Ladunek) VALUES(179, '1990-01-19 15:00:00', NULL, 0, NULL, NULL, NULL, 2, 1, 116);
INSERT INTO Przeladunek (id_Przeladunek, data, uwagi, czy_aktualne_polozenie, id_Statek1, id_Statek2, id_Magazyn1, id_Magazyn2, id_Uzytkownik, id_Ladunek) VALUES(180, '1990-01-19 20:00:00', NULL, 1, NULL, NULL, 2, NULL, 1, 116);
INSERT INTO Przeladunek (id_Przeladunek, data, uwagi, czy_aktualne_polozenie, id_Statek1, id_Statek2, id_Magazyn1, id_Magazyn2, id_Uzytkownik, id_Ladunek) VALUES(181, '1990-01-19 22:00:00', NULL, 0, NULL, 19, NULL, NULL, 1, 117);
INSERT INTO Przeladunek (id_Przeladunek, data, uwagi, czy_aktualne_polozenie, id_Statek1, id_Statek2, id_Magazyn1, id_Magazyn2, id_Uzytkownik, id_Ladunek) VALUES(182, '1990-01-19 23:00:00', NULL, 0, NULL, 1, NULL, NULL, 1, 118);
INSERT INTO Przeladunek (id_Przeladunek, data, uwagi, czy_aktualne_polozenie, id_Statek1, id_Statek2, id_Magazyn1, id_Magazyn2, id_Uzytkownik, id_Ladunek) VALUES(183, '1990-01-20 02:00:00', NULL, 1, 19, NULL, NULL, NULL, 1, 117);
INSERT INTO Przeladunek (id_Przeladunek, data, uwagi, czy_aktualne_polozenie, id_Statek1, id_Statek2, id_Magazyn1, id_Magazyn2, id_Uzytkownik, id_Ladunek) VALUES(184, '1990-01-20 04:00:00', NULL, 0, NULL, 1, NULL, NULL, 1, 119);
INSERT INTO Przeladunek (id_Przeladunek, data, uwagi, czy_aktualne_polozenie, id_Statek1, id_Statek2, id_Magazyn1, id_Magazyn2, id_Uzytkownik, id_Ladunek) VALUES(185, '1990-01-20 09:00:00', NULL, 1, 1, NULL, NULL, NULL, 1, 118);
INSERT INTO Przeladunek (id_Przeladunek, data, uwagi, czy_aktualne_polozenie, id_Statek1, id_Statek2, id_Magazyn1, id_Magazyn2, id_Uzytkownik, id_Ladunek) VALUES(186, '1990-01-20 10:00:00', NULL, 1, 1, NULL, NULL, NULL, 1, 119);
INSERT INTO Przeladunek (id_Przeladunek, data, uwagi, czy_aktualne_polozenie, id_Statek1, id_Statek2, id_Magazyn1, id_Magazyn2, id_Uzytkownik, id_Ladunek) VALUES(187, '1990-01-20 16:00:00', NULL, 1, NULL, NULL, NULL, 1, 1, 120);
INSERT INTO Przeladunek (id_Przeladunek, data, uwagi, czy_aktualne_polozenie, id_Statek1, id_Statek2, id_Magazyn1, id_Magazyn2, id_Uzytkownik, id_Ladunek) VALUES(188, '1990-01-20 17:00:00', NULL, 0, NULL, 8, NULL, NULL, 1, 121);
INSERT INTO Przeladunek (id_Przeladunek, data, uwagi, czy_aktualne_polozenie, id_Statek1, id_Statek2, id_Magazyn1, id_Magazyn2, id_Uzytkownik, id_Ladunek) VALUES(189, '1990-01-20 19:00:00', NULL, 0, NULL, NULL, NULL, 10, 1, 122);
INSERT INTO Przeladunek (id_Przeladunek, data, uwagi, czy_aktualne_polozenie, id_Statek1, id_Statek2, id_Magazyn1, id_Magazyn2, id_Uzytkownik, id_Ladunek) VALUES(190, '1990-01-20 20:00:00', NULL, 1, 8, NULL, NULL, NULL, 1, 121);
INSERT INTO Przeladunek (id_Przeladunek, data, uwagi, czy_aktualne_polozenie, id_Statek1, id_Statek2, id_Magazyn1, id_Magazyn2, id_Uzytkownik, id_Ladunek) VALUES(191, '1990-01-20 23:00:00', NULL, 1, NULL, NULL, 10, NULL, 1, 122);
INSERT INTO Przeladunek (id_Przeladunek, data, uwagi, czy_aktualne_polozenie, id_Statek1, id_Statek2, id_Magazyn1, id_Magazyn2, id_Uzytkownik, id_Ladunek) VALUES(192, '1990-01-21 04:00:00', NULL, 0, NULL, NULL, NULL, 1, 1, 123);
INSERT INTO Przeladunek (id_Przeladunek, data, uwagi, czy_aktualne_polozenie, id_Statek1, id_Statek2, id_Magazyn1, id_Magazyn2, id_Uzytkownik, id_Ladunek) VALUES(193, '1990-01-21 06:00:00', NULL, 0, NULL, 5, NULL, NULL, 1, 124);
INSERT INTO Przeladunek (id_Przeladunek, data, uwagi, czy_aktualne_polozenie, id_Statek1, id_Statek2, id_Magazyn1, id_Magazyn2, id_Uzytkownik, id_Ladunek) VALUES(194, '1990-01-21 13:00:00', NULL, 1, NULL, NULL, 1, NULL, 1, 123);
INSERT INTO Przeladunek (id_Przeladunek, data, uwagi, czy_aktualne_polozenie, id_Statek1, id_Statek2, id_Magazyn1, id_Magazyn2, id_Uzytkownik, id_Ladunek) VALUES(195, '1990-01-21 15:00:00', NULL, 1, 5, NULL, NULL, NULL, 1, 124);
INSERT INTO Przeladunek (id_Przeladunek, data, uwagi, czy_aktualne_polozenie, id_Statek1, id_Statek2, id_Magazyn1, id_Magazyn2, id_Uzytkownik, id_Ladunek) VALUES(196, '1990-01-21 20:00:00', NULL, 1, NULL, NULL, NULL, 3, 1, 125);
INSERT INTO Przeladunek (id_Przeladunek, data, uwagi, czy_aktualne_polozenie, id_Statek1, id_Statek2, id_Magazyn1, id_Magazyn2, id_Uzytkownik, id_Ladunek) VALUES(197, '1990-01-21 21:00:00', NULL, 1, NULL, NULL, NULL, 2, 1, 126);
INSERT INTO Przeladunek (id_Przeladunek, data, uwagi, czy_aktualne_polozenie, id_Statek1, id_Statek2, id_Magazyn1, id_Magazyn2, id_Uzytkownik, id_Ladunek) VALUES(198, '1990-01-22 01:00:00', NULL, 0, NULL, 14, NULL, NULL, 1, 127);
INSERT INTO Przeladunek (id_Przeladunek, data, uwagi, czy_aktualne_polozenie, id_Statek1, id_Statek2, id_Magazyn1, id_Magazyn2, id_Uzytkownik, id_Ladunek) VALUES(199, '1990-01-22 08:00:00', NULL, 0, NULL, NULL, NULL, 12, 1, 128);
INSERT INTO Przeladunek (id_Przeladunek, data, uwagi, czy_aktualne_polozenie, id_Statek1, id_Statek2, id_Magazyn1, id_Magazyn2, id_Uzytkownik, id_Ladunek) VALUES(200, '1990-01-22 09:00:00', NULL, 1, 14, NULL, NULL, NULL, 1, 127);
INSERT INTO Przeladunek (id_Przeladunek, data, uwagi, czy_aktualne_polozenie, id_Statek1, id_Statek2, id_Magazyn1, id_Magazyn2, id_Uzytkownik, id_Ladunek) VALUES(201, '1990-01-22 11:00:00', NULL, 1, NULL, NULL, 12, NULL, 1, 128);
INSERT INTO Przeladunek (id_Przeladunek, data, uwagi, czy_aktualne_polozenie, id_Statek1, id_Statek2, id_Magazyn1, id_Magazyn2, id_Uzytkownik, id_Ladunek) VALUES(202, '1990-01-22 16:00:00', NULL, 0, NULL, NULL, NULL, 12, 1, 129);
INSERT INTO Przeladunek (id_Przeladunek, data, uwagi, czy_aktualne_polozenie, id_Statek1, id_Statek2, id_Magazyn1, id_Magazyn2, id_Uzytkownik, id_Ladunek) VALUES(203, '1990-01-22 19:00:00', NULL, 1, NULL, NULL, NULL, 3, 1, 130);
INSERT INTO Przeladunek (id_Przeladunek, data, uwagi, czy_aktualne_polozenie, id_Statek1, id_Statek2, id_Magazyn1, id_Magazyn2, id_Uzytkownik, id_Ladunek) VALUES(204, '1990-01-22 20:00:00', NULL, 1, NULL, NULL, 12, NULL, 1, 129);
INSERT INTO Przeladunek (id_Przeladunek, data, uwagi, czy_aktualne_polozenie, id_Statek1, id_Statek2, id_Magazyn1, id_Magazyn2, id_Uzytkownik, id_Ladunek) VALUES(205, '1990-01-23 09:00:00', NULL, 1, NULL, NULL, NULL, 12, 1, 131);
INSERT INTO Przeladunek (id_Przeladunek, data, uwagi, czy_aktualne_polozenie, id_Statek1, id_Statek2, id_Magazyn1, id_Magazyn2, id_Uzytkownik, id_Ladunek) VALUES(206, '1990-01-23 11:00:00', NULL, 0, NULL, NULL, NULL, 3, 1, 132);
INSERT INTO Przeladunek (id_Przeladunek, data, uwagi, czy_aktualne_polozenie, id_Statek1, id_Statek2, id_Magazyn1, id_Magazyn2, id_Uzytkownik, id_Ladunek) VALUES(207, '1990-01-23 13:00:00', NULL, 1, NULL, NULL, NULL, 12, 1, 133);
INSERT INTO Przeladunek (id_Przeladunek, data, uwagi, czy_aktualne_polozenie, id_Statek1, id_Statek2, id_Magazyn1, id_Magazyn2, id_Uzytkownik, id_Ladunek) VALUES(208, '1990-01-23 14:00:00', NULL, 0, NULL, NULL, NULL, 1, 1, 134);
INSERT INTO Przeladunek (id_Przeladunek, data, uwagi, czy_aktualne_polozenie, id_Statek1, id_Statek2, id_Magazyn1, id_Magazyn2, id_Uzytkownik, id_Ladunek) VALUES(209, '1990-01-23 16:00:00', NULL, 1, NULL, NULL, 3, NULL, 1, 132);
INSERT INTO Przeladunek (id_Przeladunek, data, uwagi, czy_aktualne_polozenie, id_Statek1, id_Statek2, id_Magazyn1, id_Magazyn2, id_Uzytkownik, id_Ladunek) VALUES(210, '1990-01-23 17:00:00', NULL, 1, NULL, NULL, 1, NULL, 1, 134);
INSERT INTO Przeladunek (id_Przeladunek, data, uwagi, czy_aktualne_polozenie, id_Statek1, id_Statek2, id_Magazyn1, id_Magazyn2, id_Uzytkownik, id_Ladunek) VALUES(211, '1990-01-23 22:00:00', NULL, 0, NULL, 11, NULL, NULL, 1, 135);
INSERT INTO Przeladunek (id_Przeladunek, data, uwagi, czy_aktualne_polozenie, id_Statek1, id_Statek2, id_Magazyn1, id_Magazyn2, id_Uzytkownik, id_Ladunek) VALUES(212, '1990-01-24 01:00:00', NULL, 1, 11, NULL, NULL, NULL, 1, 135);
INSERT INTO Przeladunek (id_Przeladunek, data, uwagi, czy_aktualne_polozenie, id_Statek1, id_Statek2, id_Magazyn1, id_Magazyn2, id_Uzytkownik, id_Ladunek) VALUES(213, '1990-01-24 12:00:00', NULL, 1, NULL, NULL, NULL, 10, 1, 136);
INSERT INTO Przeladunek (id_Przeladunek, data, uwagi, czy_aktualne_polozenie, id_Statek1, id_Statek2, id_Magazyn1, id_Magazyn2, id_Uzytkownik, id_Ladunek) VALUES(214, '1990-01-24 13:00:00', NULL, 1, NULL, NULL, NULL, 3, 1, 137);
INSERT INTO Przeladunek (id_Przeladunek, data, uwagi, czy_aktualne_polozenie, id_Statek1, id_Statek2, id_Magazyn1, id_Magazyn2, id_Uzytkownik, id_Ladunek) VALUES(215, '1990-01-24 15:00:00', NULL, 1, NULL, NULL, NULL, 3, 1, 138);
INSERT INTO Przeladunek (id_Przeladunek, data, uwagi, czy_aktualne_polozenie, id_Statek1, id_Statek2, id_Magazyn1, id_Magazyn2, id_Uzytkownik, id_Ladunek) VALUES(216, '1990-01-25 09:00:00', NULL, 0, NULL, 14, NULL, NULL, 1, 139);
INSERT INTO Przeladunek (id_Przeladunek, data, uwagi, czy_aktualne_polozenie, id_Statek1, id_Statek2, id_Magazyn1, id_Magazyn2, id_Uzytkownik, id_Ladunek) VALUES(217, '1990-01-25 11:00:00', NULL, 1, 14, NULL, NULL, NULL, 1, 139);
INSERT INTO Przeladunek (id_Przeladunek, data, uwagi, czy_aktualne_polozenie, id_Statek1, id_Statek2, id_Magazyn1, id_Magazyn2, id_Uzytkownik, id_Ladunek) VALUES(218, '1990-01-25 14:00:00', NULL, 1, NULL, NULL, NULL, 1, 1, 140);
INSERT INTO Przeladunek (id_Przeladunek, data, uwagi, czy_aktualne_polozenie, id_Statek1, id_Statek2, id_Magazyn1, id_Magazyn2, id_Uzytkownik, id_Ladunek) VALUES(219, '1990-01-25 16:00:00', NULL, 1, NULL, NULL, NULL, 10, 1, 141);
INSERT INTO Przeladunek (id_Przeladunek, data, uwagi, czy_aktualne_polozenie, id_Statek1, id_Statek2, id_Magazyn1, id_Magazyn2, id_Uzytkownik, id_Ladunek) VALUES(220, '1990-01-26 06:00:00', NULL, 0, NULL, 14, NULL, NULL, 1, 142);
INSERT INTO Przeladunek (id_Przeladunek, data, uwagi, czy_aktualne_polozenie, id_Statek1, id_Statek2, id_Magazyn1, id_Magazyn2, id_Uzytkownik, id_Ladunek) VALUES(221, '1990-01-26 13:00:00', NULL, 1, 14, NULL, NULL, NULL, 1, 142);
INSERT INTO Przeladunek (id_Przeladunek, data, uwagi, czy_aktualne_polozenie, id_Statek1, id_Statek2, id_Magazyn1, id_Magazyn2, id_Uzytkownik, id_Ladunek) VALUES(222, '1990-01-27 02:00:00', NULL, 0, NULL, 7, NULL, NULL, 1, 143);
INSERT INTO Przeladunek (id_Przeladunek, data, uwagi, czy_aktualne_polozenie, id_Statek1, id_Statek2, id_Magazyn1, id_Magazyn2, id_Uzytkownik, id_Ladunek) VALUES(223, '1990-01-27 04:00:00', NULL, 1, NULL, NULL, NULL, 3, 1, 144);
INSERT INTO Przeladunek (id_Przeladunek, data, uwagi, czy_aktualne_polozenie, id_Statek1, id_Statek2, id_Magazyn1, id_Magazyn2, id_Uzytkownik, id_Ladunek) VALUES(224, '1990-01-27 08:00:00', NULL, 1, 7, NULL, NULL, NULL, 1, 143);
INSERT INTO Przeladunek (id_Przeladunek, data, uwagi, czy_aktualne_polozenie, id_Statek1, id_Statek2, id_Magazyn1, id_Magazyn2, id_Uzytkownik, id_Ladunek) VALUES(225, '1990-01-27 09:00:00', NULL, 0, NULL, 1, NULL, NULL, 1, 145);
INSERT INTO Przeladunek (id_Przeladunek, data, uwagi, czy_aktualne_polozenie, id_Statek1, id_Statek2, id_Magazyn1, id_Magazyn2, id_Uzytkownik, id_Ladunek) VALUES(226, '1990-01-27 11:00:00', NULL, 0, NULL, NULL, NULL, 1, 1, 146);
INSERT INTO Przeladunek (id_Przeladunek, data, uwagi, czy_aktualne_polozenie, id_Statek1, id_Statek2, id_Magazyn1, id_Magazyn2, id_Uzytkownik, id_Ladunek) VALUES(227, '1990-01-27 13:00:00', NULL, 1, 1, NULL, NULL, NULL, 1, 145);
INSERT INTO Przeladunek (id_Przeladunek, data, uwagi, czy_aktualne_polozenie, id_Statek1, id_Statek2, id_Magazyn1, id_Magazyn2, id_Uzytkownik, id_Ladunek) VALUES(228, '1990-01-27 16:00:00', NULL, 1, NULL, NULL, 1, NULL, 1, 146);
INSERT INTO Przeladunek (id_Przeladunek, data, uwagi, czy_aktualne_polozenie, id_Statek1, id_Statek2, id_Magazyn1, id_Magazyn2, id_Uzytkownik, id_Ladunek) VALUES(229, '1990-01-27 19:00:00', NULL, 0, NULL, 9, NULL, NULL, 1, 147);
INSERT INTO Przeladunek (id_Przeladunek, data, uwagi, czy_aktualne_polozenie, id_Statek1, id_Statek2, id_Magazyn1, id_Magazyn2, id_Uzytkownik, id_Ladunek) VALUES(230, '1990-01-28 04:00:00', NULL, 0, NULL, NULL, NULL, 1, 1, 148);
INSERT INTO Przeladunek (id_Przeladunek, data, uwagi, czy_aktualne_polozenie, id_Statek1, id_Statek2, id_Magazyn1, id_Magazyn2, id_Uzytkownik, id_Ladunek) VALUES(231, '1990-01-28 05:00:00', NULL, 1, 9, NULL, NULL, NULL, 1, 147);
INSERT INTO Przeladunek (id_Przeladunek, data, uwagi, czy_aktualne_polozenie, id_Statek1, id_Statek2, id_Magazyn1, id_Magazyn2, id_Uzytkownik, id_Ladunek) VALUES(232, '1990-01-28 10:00:00', NULL, 0, NULL, NULL, NULL, 1, 1, 149);
INSERT INTO Przeladunek (id_Przeladunek, data, uwagi, czy_aktualne_polozenie, id_Statek1, id_Statek2, id_Magazyn1, id_Magazyn2, id_Uzytkownik, id_Ladunek) VALUES(233, '1990-01-28 11:00:00', NULL, 1, NULL, NULL, NULL, 1, 1, 150);
INSERT INTO Przeladunek (id_Przeladunek, data, uwagi, czy_aktualne_polozenie, id_Statek1, id_Statek2, id_Magazyn1, id_Magazyn2, id_Uzytkownik, id_Ladunek) VALUES(234, '1990-01-28 12:00:00', NULL, 0, NULL, 1, NULL, NULL, 1, 151);
INSERT INTO Przeladunek (id_Przeladunek, data, uwagi, czy_aktualne_polozenie, id_Statek1, id_Statek2, id_Magazyn1, id_Magazyn2, id_Uzytkownik, id_Ladunek) VALUES(235, '1990-01-28 14:00:00', NULL, 1, NULL, NULL, NULL, 12, 1, 152);
INSERT INTO Przeladunek (id_Przeladunek, data, uwagi, czy_aktualne_polozenie, id_Statek1, id_Statek2, id_Magazyn1, id_Magazyn2, id_Uzytkownik, id_Ladunek) VALUES(236, '1990-01-28 15:00:00', NULL, 1, NULL, NULL, 1, NULL, 1, 148);
INSERT INTO Przeladunek (id_Przeladunek, data, uwagi, czy_aktualne_polozenie, id_Statek1, id_Statek2, id_Magazyn1, id_Magazyn2, id_Uzytkownik, id_Ladunek) VALUES(237, '1990-01-28 18:00:00', NULL, 1, NULL, NULL, 1, NULL, 1, 149);
INSERT INTO Przeladunek (id_Przeladunek, data, uwagi, czy_aktualne_polozenie, id_Statek1, id_Statek2, id_Magazyn1, id_Magazyn2, id_Uzytkownik, id_Ladunek) VALUES(238, '1990-01-28 19:00:00', NULL, 0, NULL, 9, NULL, NULL, 1, 153);
INSERT INTO Przeladunek (id_Przeladunek, data, uwagi, czy_aktualne_polozenie, id_Statek1, id_Statek2, id_Magazyn1, id_Magazyn2, id_Uzytkownik, id_Ladunek) VALUES(239, '1990-01-28 22:00:00', NULL, 1, 1, NULL, NULL, NULL, 1, 151);
INSERT INTO Przeladunek (id_Przeladunek, data, uwagi, czy_aktualne_polozenie, id_Statek1, id_Statek2, id_Magazyn1, id_Magazyn2, id_Uzytkownik, id_Ladunek) VALUES(240, '1990-01-29 04:00:00', NULL, 1, 9, NULL, NULL, NULL, 1, 153);
INSERT INTO Przeladunek (id_Przeladunek, data, uwagi, czy_aktualne_polozenie, id_Statek1, id_Statek2, id_Magazyn1, id_Magazyn2, id_Uzytkownik, id_Ladunek) VALUES(241, '1990-01-29 13:00:00', NULL, 0, NULL, NULL, NULL, 3, 1, 154);
INSERT INTO Przeladunek (id_Przeladunek, data, uwagi, czy_aktualne_polozenie, id_Statek1, id_Statek2, id_Magazyn1, id_Magazyn2, id_Uzytkownik, id_Ladunek) VALUES(242, '1990-01-29 14:00:00', NULL, 1, NULL, NULL, 3, NULL, 1, 154);
INSERT INTO Przeladunek (id_Przeladunek, data, uwagi, czy_aktualne_polozenie, id_Statek1, id_Statek2, id_Magazyn1, id_Magazyn2, id_Uzytkownik, id_Ladunek) VALUES(243, '1990-01-29 17:00:00', NULL, 0, NULL, 4, NULL, NULL, 1, 155);
INSERT INTO Przeladunek (id_Przeladunek, data, uwagi, czy_aktualne_polozenie, id_Statek1, id_Statek2, id_Magazyn1, id_Magazyn2, id_Uzytkownik, id_Ladunek) VALUES(244, '1990-01-29 18:00:00', NULL, 0, NULL, 4, NULL, NULL, 1, 156);
INSERT INTO Przeladunek (id_Przeladunek, data, uwagi, czy_aktualne_polozenie, id_Statek1, id_Statek2, id_Magazyn1, id_Magazyn2, id_Uzytkownik, id_Ladunek) VALUES(245, '1990-01-29 19:00:00', NULL, 1, 4, NULL, NULL, NULL, 1, 156);
INSERT INTO Przeladunek (id_Przeladunek, data, uwagi, czy_aktualne_polozenie, id_Statek1, id_Statek2, id_Magazyn1, id_Magazyn2, id_Uzytkownik, id_Ladunek) VALUES(246, '1990-01-29 20:00:00', NULL, 1, NULL, NULL, NULL, 10, 1, 157);
INSERT INTO Przeladunek (id_Przeladunek, data, uwagi, czy_aktualne_polozenie, id_Statek1, id_Statek2, id_Magazyn1, id_Magazyn2, id_Uzytkownik, id_Ladunek) VALUES(247, '1990-01-30 00:00:00', NULL, 1, 4, NULL, NULL, NULL, 1, 155);
INSERT INTO Przeladunek (id_Przeladunek, data, uwagi, czy_aktualne_polozenie, id_Statek1, id_Statek2, id_Magazyn1, id_Magazyn2, id_Uzytkownik, id_Ladunek) VALUES(248, '1990-01-30 06:00:00', NULL, 0, NULL, 19, NULL, NULL, 1, 158);
INSERT INTO Przeladunek (id_Przeladunek, data, uwagi, czy_aktualne_polozenie, id_Statek1, id_Statek2, id_Magazyn1, id_Magazyn2, id_Uzytkownik, id_Ladunek) VALUES(249, '1990-01-30 14:00:00', NULL, 1, 19, NULL, NULL, NULL, 1, 158);
INSERT INTO Przeladunek (id_Przeladunek, data, uwagi, czy_aktualne_polozenie, id_Statek1, id_Statek2, id_Magazyn1, id_Magazyn2, id_Uzytkownik, id_Ladunek) VALUES(250, '1990-01-30 23:00:00', NULL, 0, NULL, 15, NULL, NULL, 1, 159);
INSERT INTO Przeladunek (id_Przeladunek, data, uwagi, czy_aktualne_polozenie, id_Statek1, id_Statek2, id_Magazyn1, id_Magazyn2, id_Uzytkownik, id_Ladunek) VALUES(251, '1990-01-31 01:00:00', NULL, 1, 15, NULL, NULL, NULL, 1, 159);
INSERT INTO Przeladunek (id_Przeladunek, data, uwagi, czy_aktualne_polozenie, id_Statek1, id_Statek2, id_Magazyn1, id_Magazyn2, id_Uzytkownik, id_Ladunek) VALUES(252, '1990-01-31 13:00:00', NULL, 0, NULL, 19, NULL, NULL, 1, 160);
INSERT INTO Przeladunek (id_Przeladunek, data, uwagi, czy_aktualne_polozenie, id_Statek1, id_Statek2, id_Magazyn1, id_Magazyn2, id_Uzytkownik, id_Ladunek) VALUES(253, '1990-01-31 14:00:00', NULL, 0, NULL, NULL, NULL, 12, 1, 161);
INSERT INTO Przeladunek (id_Przeladunek, data, uwagi, czy_aktualne_polozenie, id_Statek1, id_Statek2, id_Magazyn1, id_Magazyn2, id_Uzytkownik, id_Ladunek) VALUES(254, '1990-01-31 16:00:00', NULL, 1, 19, NULL, NULL, NULL, 1, 160);
INSERT INTO Przeladunek (id_Przeladunek, data, uwagi, czy_aktualne_polozenie, id_Statek1, id_Statek2, id_Magazyn1, id_Magazyn2, id_Uzytkownik, id_Ladunek) VALUES(255, '1990-01-31 20:00:00', NULL, 0, NULL, 4, NULL, NULL, 1, 162);
INSERT INTO Przeladunek (id_Przeladunek, data, uwagi, czy_aktualne_polozenie, id_Statek1, id_Statek2, id_Magazyn1, id_Magazyn2, id_Uzytkownik, id_Ladunek) VALUES(256, '1990-01-31 22:00:00', NULL, 1, NULL, NULL, 12, NULL, 1, 161);
INSERT INTO Przeladunek (id_Przeladunek, data, uwagi, czy_aktualne_polozenie, id_Statek1, id_Statek2, id_Magazyn1, id_Magazyn2, id_Uzytkownik, id_Ladunek) VALUES(257, '1990-02-01 00:00:00', NULL, 0, NULL, NULL, NULL, 1, 1, 163);
INSERT INTO Przeladunek (id_Przeladunek, data, uwagi, czy_aktualne_polozenie, id_Statek1, id_Statek2, id_Magazyn1, id_Magazyn2, id_Uzytkownik, id_Ladunek) VALUES(258, '1990-02-01 02:00:00', NULL, 1, NULL, NULL, 1, NULL, 1, 163);
INSERT INTO Przeladunek (id_Przeladunek, data, uwagi, czy_aktualne_polozenie, id_Statek1, id_Statek2, id_Magazyn1, id_Magazyn2, id_Uzytkownik, id_Ladunek) VALUES(259, '1990-02-01 05:00:00', NULL, 0, NULL, 1, NULL, NULL, 1, 164);
INSERT INTO Przeladunek (id_Przeladunek, data, uwagi, czy_aktualne_polozenie, id_Statek1, id_Statek2, id_Magazyn1, id_Magazyn2, id_Uzytkownik, id_Ladunek) VALUES(260, '1990-02-01 08:00:00', NULL, 1, 4, NULL, NULL, NULL, 1, 162);
INSERT INTO Przeladunek (id_Przeladunek, data, uwagi, czy_aktualne_polozenie, id_Statek1, id_Statek2, id_Magazyn1, id_Magazyn2, id_Uzytkownik, id_Ladunek) VALUES(261, '1990-02-01 09:00:00', NULL, 1, 1, NULL, NULL, NULL, 1, 164);
INSERT INTO Przeladunek (id_Przeladunek, data, uwagi, czy_aktualne_polozenie, id_Statek1, id_Statek2, id_Magazyn1, id_Magazyn2, id_Uzytkownik, id_Ladunek) VALUES(262, '1990-02-01 22:00:00', NULL, 1, NULL, NULL, NULL, 1, 1, 165);
INSERT INTO Przeladunek (id_Przeladunek, data, uwagi, czy_aktualne_polozenie, id_Statek1, id_Statek2, id_Magazyn1, id_Magazyn2, id_Uzytkownik, id_Ladunek) VALUES(263, '1990-02-02 06:00:00', NULL, 1, NULL, NULL, NULL, 10, 1, 166);
INSERT INTO Przeladunek (id_Przeladunek, data, uwagi, czy_aktualne_polozenie, id_Statek1, id_Statek2, id_Magazyn1, id_Magazyn2, id_Uzytkownik, id_Ladunek) VALUES(264, '1990-02-02 08:00:00', NULL, 0, NULL, 15, NULL, NULL, 1, 167);
INSERT INTO Przeladunek (id_Przeladunek, data, uwagi, czy_aktualne_polozenie, id_Statek1, id_Statek2, id_Magazyn1, id_Magazyn2, id_Uzytkownik, id_Ladunek) VALUES(265, '1990-02-02 10:00:00', NULL, 1, 15, NULL, NULL, NULL, 1, 167);
INSERT INTO Przeladunek (id_Przeladunek, data, uwagi, czy_aktualne_polozenie, id_Statek1, id_Statek2, id_Magazyn1, id_Magazyn2, id_Uzytkownik, id_Ladunek) VALUES(266, '1990-02-02 12:00:00', NULL, 0, NULL, NULL, NULL, 1, 1, 168);
INSERT INTO Przeladunek (id_Przeladunek, data, uwagi, czy_aktualne_polozenie, id_Statek1, id_Statek2, id_Magazyn1, id_Magazyn2, id_Uzytkownik, id_Ladunek) VALUES(267, '1990-02-02 13:00:00', NULL, 1, NULL, NULL, 1, NULL, 1, 168);
INSERT INTO Przeladunek (id_Przeladunek, data, uwagi, czy_aktualne_polozenie, id_Statek1, id_Statek2, id_Magazyn1, id_Magazyn2, id_Uzytkownik, id_Ladunek) VALUES(268, '1990-02-02 20:00:00', NULL, 0, NULL, 3, NULL, NULL, 1, 169);
INSERT INTO Przeladunek (id_Przeladunek, data, uwagi, czy_aktualne_polozenie, id_Statek1, id_Statek2, id_Magazyn1, id_Magazyn2, id_Uzytkownik, id_Ladunek) VALUES(269, '1990-02-02 22:00:00', NULL, 1, 3, NULL, NULL, NULL, 1, 169);
INSERT INTO Przeladunek (id_Przeladunek, data, uwagi, czy_aktualne_polozenie, id_Statek1, id_Statek2, id_Magazyn1, id_Magazyn2, id_Uzytkownik, id_Ladunek) VALUES(270, '1990-02-03 00:00:00', NULL, 0, NULL, 1, NULL, NULL, 1, 170);
INSERT INTO Przeladunek (id_Przeladunek, data, uwagi, czy_aktualne_polozenie, id_Statek1, id_Statek2, id_Magazyn1, id_Magazyn2, id_Uzytkownik, id_Ladunek) VALUES(271, '1990-02-03 02:00:00', NULL, 1, 1, NULL, NULL, NULL, 1, 170);
INSERT INTO Przeladunek (id_Przeladunek, data, uwagi, czy_aktualne_polozenie, id_Statek1, id_Statek2, id_Magazyn1, id_Magazyn2, id_Uzytkownik, id_Ladunek) VALUES(272, '1990-02-03 03:00:00', NULL, 0, NULL, NULL, NULL, 3, 1, 171);
INSERT INTO Przeladunek (id_Przeladunek, data, uwagi, czy_aktualne_polozenie, id_Statek1, id_Statek2, id_Magazyn1, id_Magazyn2, id_Uzytkownik, id_Ladunek) VALUES(273, '1990-02-03 06:00:00', NULL, 1, NULL, NULL, 3, NULL, 1, 171);
INSERT INTO Przeladunek (id_Przeladunek, data, uwagi, czy_aktualne_polozenie, id_Statek1, id_Statek2, id_Magazyn1, id_Magazyn2, id_Uzytkownik, id_Ladunek) VALUES(274, '1990-02-03 08:00:00', NULL, 0, NULL, 4, NULL, NULL, 1, 172);
INSERT INTO Przeladunek (id_Przeladunek, data, uwagi, czy_aktualne_polozenie, id_Statek1, id_Statek2, id_Magazyn1, id_Magazyn2, id_Uzytkownik, id_Ladunek) VALUES(275, '1990-02-03 10:00:00', NULL, 0, NULL, 4, NULL, NULL, 1, 173);
INSERT INTO Przeladunek (id_Przeladunek, data, uwagi, czy_aktualne_polozenie, id_Statek1, id_Statek2, id_Magazyn1, id_Magazyn2, id_Uzytkownik, id_Ladunek) VALUES(276, '1990-02-03 13:00:00', NULL, 1, 4, NULL, NULL, NULL, 1, 172);
INSERT INTO Przeladunek (id_Przeladunek, data, uwagi, czy_aktualne_polozenie, id_Statek1, id_Statek2, id_Magazyn1, id_Magazyn2, id_Uzytkownik, id_Ladunek) VALUES(277, '1990-02-03 17:00:00', NULL, 1, 4, NULL, NULL, NULL, 1, 173);
INSERT INTO Przeladunek (id_Przeladunek, data, uwagi, czy_aktualne_polozenie, id_Statek1, id_Statek2, id_Magazyn1, id_Magazyn2, id_Uzytkownik, id_Ladunek) VALUES(278, '1990-02-03 18:00:00', NULL, 0, NULL, 7, NULL, NULL, 1, 174);
INSERT INTO Przeladunek (id_Przeladunek, data, uwagi, czy_aktualne_polozenie, id_Statek1, id_Statek2, id_Magazyn1, id_Magazyn2, id_Uzytkownik, id_Ladunek) VALUES(279, '1990-02-04 01:00:00', NULL, 1, 7, NULL, NULL, NULL, 1, 174);
INSERT INTO Przeladunek (id_Przeladunek, data, uwagi, czy_aktualne_polozenie, id_Statek1, id_Statek2, id_Magazyn1, id_Magazyn2, id_Uzytkownik, id_Ladunek) VALUES(280, '1990-02-04 19:00:00', NULL, 0, NULL, 18, NULL, NULL, 1, 175);
INSERT INTO Przeladunek (id_Przeladunek, data, uwagi, czy_aktualne_polozenie, id_Statek1, id_Statek2, id_Magazyn1, id_Magazyn2, id_Uzytkownik, id_Ladunek) VALUES(281, '1990-02-04 20:00:00', NULL, 1, 18, NULL, NULL, NULL, 1, 175);
INSERT INTO Przeladunek (id_Przeladunek, data, uwagi, czy_aktualne_polozenie, id_Statek1, id_Statek2, id_Magazyn1, id_Magazyn2, id_Uzytkownik, id_Ladunek) VALUES(282, '1990-02-05 04:00:00', NULL, 0, NULL, 6, NULL, NULL, 1, 176);
INSERT INTO Przeladunek (id_Przeladunek, data, uwagi, czy_aktualne_polozenie, id_Statek1, id_Statek2, id_Magazyn1, id_Magazyn2, id_Uzytkownik, id_Ladunek) VALUES(283, '1990-02-05 11:00:00', NULL, 1, NULL, NULL, NULL, 1, 1, 177);
INSERT INTO Przeladunek (id_Przeladunek, data, uwagi, czy_aktualne_polozenie, id_Statek1, id_Statek2, id_Magazyn1, id_Magazyn2, id_Uzytkownik, id_Ladunek) VALUES(284, '1990-02-05 12:00:00', NULL, 1, 6, NULL, NULL, NULL, 1, 176);
INSERT INTO Przeladunek (id_Przeladunek, data, uwagi, czy_aktualne_polozenie, id_Statek1, id_Statek2, id_Magazyn1, id_Magazyn2, id_Uzytkownik, id_Ladunek) VALUES(285, '1990-02-05 13:00:00', NULL, 1, NULL, NULL, NULL, 3, 1, 178);
INSERT INTO Przeladunek (id_Przeladunek, data, uwagi, czy_aktualne_polozenie, id_Statek1, id_Statek2, id_Magazyn1, id_Magazyn2, id_Uzytkownik, id_Ladunek) VALUES(286, '1990-02-05 19:00:00', NULL, 0, NULL, 19, NULL, NULL, 1, 179);
INSERT INTO Przeladunek (id_Przeladunek, data, uwagi, czy_aktualne_polozenie, id_Statek1, id_Statek2, id_Magazyn1, id_Magazyn2, id_Uzytkownik, id_Ladunek) VALUES(287, '1990-02-05 21:00:00', NULL, 1, 19, NULL, NULL, NULL, 1, 179);
INSERT INTO Przeladunek (id_Przeladunek, data, uwagi, czy_aktualne_polozenie, id_Statek1, id_Statek2, id_Magazyn1, id_Magazyn2, id_Uzytkownik, id_Ladunek) VALUES(288, '1990-02-06 16:00:00', NULL, 0, NULL, 11, NULL, NULL, 1, 180);
INSERT INTO Przeladunek (id_Przeladunek, data, uwagi, czy_aktualne_polozenie, id_Statek1, id_Statek2, id_Magazyn1, id_Magazyn2, id_Uzytkownik, id_Ladunek) VALUES(289, '1990-02-06 17:00:00', NULL, 1, NULL, NULL, NULL, 3, 1, 181);
INSERT INTO Przeladunek (id_Przeladunek, data, uwagi, czy_aktualne_polozenie, id_Statek1, id_Statek2, id_Magazyn1, id_Magazyn2, id_Uzytkownik, id_Ladunek) VALUES(290, '1990-02-06 20:00:00', NULL, 1, NULL, NULL, NULL, 3, 1, 182);
INSERT INTO Przeladunek (id_Przeladunek, data, uwagi, czy_aktualne_polozenie, id_Statek1, id_Statek2, id_Magazyn1, id_Magazyn2, id_Uzytkownik, id_Ladunek) VALUES(291, '1990-02-07 02:00:00', NULL, 1, 11, NULL, NULL, NULL, 1, 180);
INSERT INTO Przeladunek (id_Przeladunek, data, uwagi, czy_aktualne_polozenie, id_Statek1, id_Statek2, id_Magazyn1, id_Magazyn2, id_Uzytkownik, id_Ladunek) VALUES(292, '1990-02-07 03:00:00', NULL, 1, NULL, NULL, NULL, 1, 1, 183);
INSERT INTO Przeladunek (id_Przeladunek, data, uwagi, czy_aktualne_polozenie, id_Statek1, id_Statek2, id_Magazyn1, id_Magazyn2, id_Uzytkownik, id_Ladunek) VALUES(293, '1990-02-07 07:00:00', NULL, 0, NULL, NULL, NULL, 1, 1, 184);
INSERT INTO Przeladunek (id_Przeladunek, data, uwagi, czy_aktualne_polozenie, id_Statek1, id_Statek2, id_Magazyn1, id_Magazyn2, id_Uzytkownik, id_Ladunek) VALUES(294, '1990-02-07 11:00:00', NULL, 1, NULL, NULL, 1, NULL, 1, 184);
INSERT INTO Przeladunek (id_Przeladunek, data, uwagi, czy_aktualne_polozenie, id_Statek1, id_Statek2, id_Magazyn1, id_Magazyn2, id_Uzytkownik, id_Ladunek) VALUES(295, '1990-02-07 13:00:00', NULL, 1, NULL, NULL, NULL, 1, 1, 185);
INSERT INTO Przeladunek (id_Przeladunek, data, uwagi, czy_aktualne_polozenie, id_Statek1, id_Statek2, id_Magazyn1, id_Magazyn2, id_Uzytkownik, id_Ladunek) VALUES(296, '1990-02-07 20:00:00', NULL, 0, NULL, 2, NULL, NULL, 1, 186);
INSERT INTO Przeladunek (id_Przeladunek, data, uwagi, czy_aktualne_polozenie, id_Statek1, id_Statek2, id_Magazyn1, id_Magazyn2, id_Uzytkownik, id_Ladunek) VALUES(297, '1990-02-07 22:00:00', NULL, 0, NULL, 20, NULL, NULL, 1, 187);
INSERT INTO Przeladunek (id_Przeladunek, data, uwagi, czy_aktualne_polozenie, id_Statek1, id_Statek2, id_Magazyn1, id_Magazyn2, id_Uzytkownik, id_Ladunek) VALUES(298, '1990-02-08 05:00:00', NULL, 0, NULL, 2, NULL, NULL, 1, 188);
INSERT INTO Przeladunek (id_Przeladunek, data, uwagi, czy_aktualne_polozenie, id_Statek1, id_Statek2, id_Magazyn1, id_Magazyn2, id_Uzytkownik, id_Ladunek) VALUES(299, '1990-02-08 11:00:00', NULL, 0, NULL, NULL, NULL, 10, 1, 189);
INSERT INTO Przeladunek (id_Przeladunek, data, uwagi, czy_aktualne_polozenie, id_Statek1, id_Statek2, id_Magazyn1, id_Magazyn2, id_Uzytkownik, id_Ladunek) VALUES(300, '1990-02-08 12:00:00', NULL, 1, 2, NULL, NULL, NULL, 1, 186);
INSERT INTO Przeladunek (id_Przeladunek, data, uwagi, czy_aktualne_polozenie, id_Statek1, id_Statek2, id_Magazyn1, id_Magazyn2, id_Uzytkownik, id_Ladunek) VALUES(301, '1990-02-08 13:00:00', NULL, 1, 20, NULL, NULL, NULL, 1, 187);
INSERT INTO Przeladunek (id_Przeladunek, data, uwagi, czy_aktualne_polozenie, id_Statek1, id_Statek2, id_Magazyn1, id_Magazyn2, id_Uzytkownik, id_Ladunek) VALUES(302, '1990-02-08 14:00:00', NULL, 0, NULL, NULL, NULL, 1, 1, 190);
INSERT INTO Przeladunek (id_Przeladunek, data, uwagi, czy_aktualne_polozenie, id_Statek1, id_Statek2, id_Magazyn1, id_Magazyn2, id_Uzytkownik, id_Ladunek) VALUES(303, '1990-02-08 15:00:00', NULL, 1, 2, NULL, NULL, NULL, 1, 188);
INSERT INTO Przeladunek (id_Przeladunek, data, uwagi, czy_aktualne_polozenie, id_Statek1, id_Statek2, id_Magazyn1, id_Magazyn2, id_Uzytkownik, id_Ladunek) VALUES(304, '1990-02-08 17:00:00', NULL, 1, NULL, NULL, NULL, 12, 1, 191);
INSERT INTO Przeladunek (id_Przeladunek, data, uwagi, czy_aktualne_polozenie, id_Statek1, id_Statek2, id_Magazyn1, id_Magazyn2, id_Uzytkownik, id_Ladunek) VALUES(305, '1990-02-08 19:00:00', NULL, 1, NULL, NULL, 10, NULL, 1, 189);
INSERT INTO Przeladunek (id_Przeladunek, data, uwagi, czy_aktualne_polozenie, id_Statek1, id_Statek2, id_Magazyn1, id_Magazyn2, id_Uzytkownik, id_Ladunek) VALUES(306, '1990-02-08 20:00:00', NULL, 1, NULL, NULL, 1, NULL, 1, 190);
INSERT INTO Przeladunek (id_Przeladunek, data, uwagi, czy_aktualne_polozenie, id_Statek1, id_Statek2, id_Magazyn1, id_Magazyn2, id_Uzytkownik, id_Ladunek) VALUES(307, '1990-02-08 21:00:00', NULL, 0, NULL, 11, NULL, NULL, 1, 192);
INSERT INTO Przeladunek (id_Przeladunek, data, uwagi, czy_aktualne_polozenie, id_Statek1, id_Statek2, id_Magazyn1, id_Magazyn2, id_Uzytkownik, id_Ladunek) VALUES(308, '1990-02-09 02:00:00', NULL, 1, 11, NULL, NULL, NULL, 1, 192);
INSERT INTO Przeladunek (id_Przeladunek, data, uwagi, czy_aktualne_polozenie, id_Statek1, id_Statek2, id_Magazyn1, id_Magazyn2, id_Uzytkownik, id_Ladunek) VALUES(309, '1990-02-09 04:00:00', NULL, 0, NULL, 8, NULL, NULL, 1, 193);
INSERT INTO Przeladunek (id_Przeladunek, data, uwagi, czy_aktualne_polozenie, id_Statek1, id_Statek2, id_Magazyn1, id_Magazyn2, id_Uzytkownik, id_Ladunek) VALUES(310, '1990-02-09 06:00:00', NULL, 1, 8, NULL, NULL, NULL, 1, 193);
INSERT INTO Przeladunek (id_Przeladunek, data, uwagi, czy_aktualne_polozenie, id_Statek1, id_Statek2, id_Magazyn1, id_Magazyn2, id_Uzytkownik, id_Ladunek) VALUES(311, '1990-02-10 23:00:00', NULL, 0, NULL, NULL, NULL, 1, 1, 194);
INSERT INTO Przeladunek (id_Przeladunek, data, uwagi, czy_aktualne_polozenie, id_Statek1, id_Statek2, id_Magazyn1, id_Magazyn2, id_Uzytkownik, id_Ladunek) VALUES(312, '1990-02-11 00:00:00', NULL, 1, NULL, NULL, 1, NULL, 1, 194);
INSERT INTO Przeladunek (id_Przeladunek, data, uwagi, czy_aktualne_polozenie, id_Statek1, id_Statek2, id_Magazyn1, id_Magazyn2, id_Uzytkownik, id_Ladunek) VALUES(313, '1990-02-11 09:00:00', NULL, 0, NULL, 6, NULL, NULL, 1, 195);
INSERT INTO Przeladunek (id_Przeladunek, data, uwagi, czy_aktualne_polozenie, id_Statek1, id_Statek2, id_Magazyn1, id_Magazyn2, id_Uzytkownik, id_Ladunek) VALUES(314, '1990-02-11 13:00:00', NULL, 1, 6, NULL, NULL, NULL, 1, 195);
INSERT INTO Przeladunek (id_Przeladunek, data, uwagi, czy_aktualne_polozenie, id_Statek1, id_Statek2, id_Magazyn1, id_Magazyn2, id_Uzytkownik, id_Ladunek) VALUES(315, '1990-02-11 16:00:00', NULL, 0, NULL, NULL, NULL, 3, 1, 196);
INSERT INTO Przeladunek (id_Przeladunek, data, uwagi, czy_aktualne_polozenie, id_Statek1, id_Statek2, id_Magazyn1, id_Magazyn2, id_Uzytkownik, id_Ladunek) VALUES(316, '1990-02-11 17:00:00', NULL, 1, NULL, NULL, 3, NULL, 1, 196);
INSERT INTO Przeladunek (id_Przeladunek, data, uwagi, czy_aktualne_polozenie, id_Statek1, id_Statek2, id_Magazyn1, id_Magazyn2, id_Uzytkownik, id_Ladunek) VALUES(317, '1990-02-12 21:00:00', NULL, 1, NULL, NULL, NULL, 12, 1, 197);
INSERT INTO Przeladunek (id_Przeladunek, data, uwagi, czy_aktualne_polozenie, id_Statek1, id_Statek2, id_Magazyn1, id_Magazyn2, id_Uzytkownik, id_Ladunek) VALUES(318, '1990-02-13 02:00:00', NULL, 1, NULL, NULL, NULL, 3, 1, 198);
INSERT INTO Przeladunek (id_Przeladunek, data, uwagi, czy_aktualne_polozenie, id_Statek1, id_Statek2, id_Magazyn1, id_Magazyn2, id_Uzytkownik, id_Ladunek) VALUES(319, '1990-02-13 08:00:00', NULL, 0, NULL, 8, NULL, NULL, 1, 199);
INSERT INTO Przeladunek (id_Przeladunek, data, uwagi, czy_aktualne_polozenie, id_Statek1, id_Statek2, id_Magazyn1, id_Magazyn2, id_Uzytkownik, id_Ladunek) VALUES(320, '1990-02-13 14:00:00', NULL, 1, 8, NULL, NULL, NULL, 1, 199);
INSERT INTO Przeladunek (id_Przeladunek, data, uwagi, czy_aktualne_polozenie, id_Statek1, id_Statek2, id_Magazyn1, id_Magazyn2, id_Uzytkownik, id_Ladunek) VALUES(321, '1990-02-13 22:00:00', NULL, 0, NULL, NULL, NULL, 12, 1, 200);
INSERT INTO Przeladunek (id_Przeladunek, data, uwagi, czy_aktualne_polozenie, id_Statek1, id_Statek2, id_Magazyn1, id_Magazyn2, id_Uzytkownik, id_Ladunek) VALUES(322, '1990-02-13 23:00:00', NULL, 1, NULL, NULL, 12, NULL, 1, 200);
INSERT INTO Przeladunek (id_Przeladunek, data, uwagi, czy_aktualne_polozenie, id_Statek1, id_Statek2, id_Magazyn1, id_Magazyn2, id_Uzytkownik, id_Ladunek) VALUES(323, '1990-02-14 02:00:00', NULL, 1, NULL, NULL, NULL, 3, 1, 201);
INSERT INTO Przeladunek (id_Przeladunek, data, uwagi, czy_aktualne_polozenie, id_Statek1, id_Statek2, id_Magazyn1, id_Magazyn2, id_Uzytkownik, id_Ladunek) VALUES(324, '1990-02-14 10:00:00', NULL, 1, NULL, NULL, NULL, 1, 1, 202);
INSERT INTO Przeladunek (id_Przeladunek, data, uwagi, czy_aktualne_polozenie, id_Statek1, id_Statek2, id_Magazyn1, id_Magazyn2, id_Uzytkownik, id_Ladunek) VALUES(325, '1990-02-14 12:00:00', NULL, 1, NULL, NULL, NULL, 12, 1, 203);
INSERT INTO Przeladunek (id_Przeladunek, data, uwagi, czy_aktualne_polozenie, id_Statek1, id_Statek2, id_Magazyn1, id_Magazyn2, id_Uzytkownik, id_Ladunek) VALUES(326, '1990-02-14 13:00:00', NULL, 1, NULL, NULL, NULL, 3, 1, 204);
INSERT INTO Przeladunek (id_Przeladunek, data, uwagi, czy_aktualne_polozenie, id_Statek1, id_Statek2, id_Magazyn1, id_Magazyn2, id_Uzytkownik, id_Ladunek) VALUES(327, '1990-02-14 18:00:00', NULL, 0, NULL, 8, NULL, NULL, 1, 205);
INSERT INTO Przeladunek (id_Przeladunek, data, uwagi, czy_aktualne_polozenie, id_Statek1, id_Statek2, id_Magazyn1, id_Magazyn2, id_Uzytkownik, id_Ladunek) VALUES(328, '1990-02-14 20:00:00', NULL, 1, 8, NULL, NULL, NULL, 1, 205);
INSERT INTO Przeladunek (id_Przeladunek, data, uwagi, czy_aktualne_polozenie, id_Statek1, id_Statek2, id_Magazyn1, id_Magazyn2, id_Uzytkownik, id_Ladunek) VALUES(329, '1990-02-14 23:00:00', NULL, 1, NULL, NULL, NULL, 12, 1, 206);
INSERT INTO Przeladunek (id_Przeladunek, data, uwagi, czy_aktualne_polozenie, id_Statek1, id_Statek2, id_Magazyn1, id_Magazyn2, id_Uzytkownik, id_Ladunek) VALUES(330, '1990-02-15 06:00:00', NULL, 0, NULL, NULL, NULL, 10, 1, 207);
INSERT INTO Przeladunek (id_Przeladunek, data, uwagi, czy_aktualne_polozenie, id_Statek1, id_Statek2, id_Magazyn1, id_Magazyn2, id_Uzytkownik, id_Ladunek) VALUES(331, '1990-02-15 08:00:00', NULL, 1, NULL, NULL, 10, NULL, 1, 207);
INSERT INTO Przeladunek (id_Przeladunek, data, uwagi, czy_aktualne_polozenie, id_Statek1, id_Statek2, id_Magazyn1, id_Magazyn2, id_Uzytkownik, id_Ladunek) VALUES(332, '1990-02-15 11:00:00', NULL, 1, NULL, NULL, NULL, 12, 1, 208);
INSERT INTO Przeladunek (id_Przeladunek, data, uwagi, czy_aktualne_polozenie, id_Statek1, id_Statek2, id_Magazyn1, id_Magazyn2, id_Uzytkownik, id_Ladunek) VALUES(333, '1990-02-15 18:00:00', NULL, 1, NULL, NULL, NULL, 12, 1, 209);
SET IDENTITY_INSERT Przeladunek OFF;

